Price,Close,High,Low,Open,Volume
Ticker,SPY,SPY,SPY,SPY,SPY
Date,,,,,
2004-01-02,74.68028259277344,75.3248299339001,74.34458053245287,75.02269500616744,38072300
2004-01-05,75.49269104003906,75.54639948382953,74.92199336339776,74.98913788234917,27959800
2004-01-06,75.56655883789062,75.68741182130324,75.19728441012751,75.30471156089804,20472800
2004-01-07,75.82166290283203,75.90894358910066,75.12340204546324,75.45910408521324,30170400
2004-01-08,76.12382507324219,76.14397150701917,75.71426800072626,76.03654434984375,36438400
2004-01-09,75.45909118652344,76.20434999716926,75.37852086668944,75.75451057017568,54084300
2004-01-12,76.0163803100586,76.03652161540467,75.438972318904,75.56654074930547,31564100
2004-01-13,75.5732650756836,76.02310984201654,75.03614471831932,75.92910852900937,54239700
2004-01-14,76.20439147949219,76.3118186310828,75.64712465603503,75.70755370940688,30112800
2004-01-15,76.39238739013672,76.58037979166858,75.58670420574052,76.25139308898783,38408700
2004-01-16,76.69452667236328,76.74823513119689,76.29167993545241,76.56695819751424,31922700
2004-01-20,76.67435455322266,76.97648950469667,76.4192228113976,76.89591915982214,29863000
2004-01-21,77.27862548828125,77.41290940709995,76.35208949926712,76.6273625686319,30725000
2004-01-22,77.07719421386719,77.4666047063401,76.92948448943646,77.30546915350969,29888500
2004-01-23,76.82878112792969,77.45990270127511,76.50650486512997,77.21148130865018,44245300
2004-01-26,77.79562377929688,77.8359064010747,76.79522761093916,76.80194308870503,30460600
2004-01-27,76.99662017822266,78.21857540017898,76.97647887538707,77.7150223396628,35322800
2004-01-28,76.1170883178711,77.39946754682744,75.82838433610496,77.198049380595,52621300
2004-01-29,76.19096374511719,76.43938006275542,75.5732678837051,76.24467219716348,60117100
2004-01-30,76.19096374511719,76.35209934607285,75.9291113502527,76.21781540993614,30984400
2004-02-02,76.51992797851562,76.99662428655068,75.94923550396138,76.33864599850939,38832400
2004-02-03,76.39238739013672,76.63409336993733,76.16411236610767,76.36553060100235,25093500
2004-02-04,75.76799011230469,76.35882929849225,75.72770748503167,75.99627028580699,39332600
2004-02-05,75.98954772949219,76.23125371543664,75.72098495373069,75.98283225143571,37226800
2004-02-06,76.84220123291016,77.01005226672814,76.00294606382023,76.15065579316519,37216000
2004-02-09,76.86235809326172,77.12420533176895,76.73478965107337,76.98992141304234,24851300
2004-02-10,77.11079406738281,77.30550195744536,76.71466793141386,76.72809376551068,27908100
2004-02-11,77.92987823486328,78.14472735451876,76.65420934585578,77.11076436542456,42965700
2004-02-12,77.64793395996094,78.06420148507723,77.60093584833781,77.86278320201096,27814700
2004-02-13,77.29879760742188,78.01720021163774,77.04366574358038,77.76206834779623,44739900
2004-02-17,77.9970474243164,78.17161400148463,77.72848464153661,77.78219822257438,23984300
2004-02-18,77.65460968017578,78.28572612420953,77.44647090177502,78.01716342854901,28618000
2004-02-19,77.36591339111328,78.14473965151929,77.2517707764541,78.10445703599714,51146200
2004-02-20,77.1309585571289,77.5875138897483,76.75497362052845,77.53380541481293,46728800
2004-02-23,76.93621826171875,77.3860630473464,76.65422967782686,77.359206259965,36357000
2004-02-24,76.8019027709961,77.20474414452585,75.88879292571211,76.72133244732775,43953000
2004-02-25,77.12419891357422,77.25176222273915,76.75492457081631,76.84892074489882,31213600
2004-02-26,77.17121124267578,77.40620172124987,76.76836456808219,76.94964659613096,29683000
2004-02-27,77.22492980957031,77.70834178448237,76.96308251022776,77.33907244760877,39312000
2004-03-01,77.99032592773438,78.11117378419294,77.3793455561274,77.50019853499427,33130800
2004-03-02,77.53374481201172,78.53413544919309,77.36589379331117,77.84259007173192,38556400
2004-03-03,77.67475891113281,77.79561188039038,77.15777477281682,77.37933940352367,31346200
2004-03-04,77.87617492675781,77.95002980158806,77.56061412019366,77.69489803916125,21060000
2004-03-05,78.13798522949219,78.52068525343192,77.39944195271089,77.49343809035186,55905600
2004-03-08,77.18461608886719,78.29914937336972,77.15104895671651,78.1111519192171,39281600
2004-03-09,76.87580108642578,77.35249757891019,76.70123451431313,77.2786426877244,39746100
2004-03-10,75.586669921875,77.05704132260176,75.57323897219531,77.02347419321542,67671800
2004-03-11,74.60639953613281,76.0499137520852,74.59296859024764,75.46579566620466,89134800
2004-03-12,75.586669921875,75.67395060516724,74.91526586527084,75.01597749824275,54012200
2004-03-15,74.6601333618164,75.43224909603153,74.45871520663424,75.37853553902026,57677200
2004-03-16,75.0562744140625,75.23755129005234,74.41843736522307,75.04955893794217,59832600
2004-03-17,75.8955307006836,76.04324044294147,75.2644091191845,75.31812268407964,41607300
2004-03-18,75.91567993164062,76.04995873548813,75.1502794804122,75.66725850987392,60014300
2004-03-19,74.8275375366211,75.84491322555492,74.81406464275696,75.73711465355005,48636200
2004-03-22,73.87755584716797,74.4974118905763,73.50698694058423,74.47719997573809,62752100
2004-03-23,73.74955749511719,74.38289172385714,73.68218271640075,74.28182698559942,54080200
2004-03-24,73.81017303466797,74.20768769077394,73.33853946496359,73.83038494730191,51584300
2004-03-25,74.7871322631836,74.98926170382477,73.97188576256389,74.16727618441963,49873600
2004-03-26,74.80735778808594,75.31941536126232,74.65239631038705,74.76019492873853,37409500
2004-03-29,75.85840606689453,75.95947078872494,75.17791422999136,75.21159904369131,44113600
2004-03-30,76.11441802978516,76.18179278042116,75.60909968946919,75.66300154612358,39059900
2004-03-31,76.2020034790039,76.40413286805948,75.71689705756164,76.12788971237445,48517600
2004-04-01,76.66019439697266,76.72083529785685,76.16835387155083,76.18182677154384,45103800
2004-04-02,77.2396011352539,77.37435065193864,76.74102175508287,77.35413873847239,50987700
2004-04-05,77.66410064697266,77.73821445561641,77.10488528225167,77.11835818365654,30251800
2004-04-06,77.4147720336914,77.60342339471073,77.22612067267208,77.36760919343658,28420900
2004-04-07,77.23289489746094,77.46871436229554,76.8825429211611,77.44849729988394,45890500
2004-04-08,77.05770874023438,77.75841771735887,76.63323788599946,77.75841771735887,46929700
2004-04-12,77.36088562011719,77.53606412190582,77.19244613695717,77.1991851555858,23085200
2004-04-13,76.27613067626953,77.68428734981225,76.14811503130252,77.65733641716841,56210300
2004-04-14,76.39745330810547,76.56589288328699,75.8314988028721,75.87192265599795,62322300
2004-04-15,76.10770416259766,76.6601855249641,75.70345038483099,76.43784414806444,61602500
2004-04-16,76.6938705444336,76.84209811949121,76.12117730110076,76.39067637535243,47059200
2004-04-19,76.6938705444336,76.80166914606119,76.31656258782361,76.50521913631127,28277600
2004-04-20,75.406982421875,77.02400239895931,75.31265672774519,76.86230194336032,53299400
2004-04-21,75.91230773925781,76.10095914465438,75.37330445817692,75.59564067718559,50177300
2004-04-22,76.97684478759766,77.25982188923423,75.75734455885541,75.78429549334915,62071500
2004-04-23,77.05096435546875,77.19245291690655,76.66692250574745,77.09138819006083,29395700
2004-04-26,76.94314575195312,77.44173027068629,76.53889206299574,77.14527516661408,35515200
2004-04-27,77.01055145263672,77.56303287873793,76.78147102991042,76.96338859212929,43485500
2004-04-28,76.01341247558594,76.81518651095422,75.7978100215837,76.73433366306539,50165800
2004-04-29,75.34636688232422,76.35026497638901,74.89495020503485,75.94601115881098,69687600
2004-04-30,74.76020050048828,75.71693579876329,74.71977665813954,75.57544721017614,48681400
2004-05-03,75.56196594238281,75.6562916576627,75.02295744904119,75.036435488576,33758000
2004-05-04,75.50129699707031,76.30980943672677,75.23179799088221,75.6293126232645,51185100
2004-05-05,75.98641204833984,76.10768867102078,75.56868545716686,75.73712492531459,34405000
2004-05-06,75.3328628540039,75.85839314959549,74.78712064556102,75.47435138432745,54997000
2004-05-07,74.0864028930664,75.61583589141819,74.0864028930664,74.93533911249274,60950000
2004-05-10,73.32510375976562,73.94496004995875,73.00843659358499,73.73609665965535,75279400
2004-05-11,73.9449691772461,74.14709871178195,73.66199194118995,73.74957866462611,48300600
2004-05-12,74.41654205322266,74.47718292421852,72.8062614284953,73.82363707879892,90830500
2004-05-13,74.10662841796875,74.65910967869621,73.86407516785769,73.95166698284291,57393700
2004-05-14,74.14034271240234,74.6119713311639,73.6215460913982,74.07970180978076,54123100
2004-05-17,73.50701141357422,73.77651569532911,73.04212179642282,73.36552282223539,55020400
2004-05-18,73.87755584716797,74.07294625787894,73.66195352161876,73.7697521142109,30193100
2004-05-19,73.62153625488281,74.90841653471182,73.54068858267792,74.45026087754307,54804100
2004-05-20,73.85737609863281,74.02581564946318,73.46659510701824,73.74283329738913,38082900
2004-05-21,73.9853515625,74.48393609748928,73.75627634942227,74.09315529126462,47480400
2004-05-24,74.2952651977539,74.62541019794666,73.89775059066478,74.47044365292112,40961500
2004-05-25,75.35980987548828,75.44740168045287,73.8438548059039,74.04598420466081,48668000
2004-05-26,75.62258911132812,75.6562790641913,75.13074869786237,75.2318134160868,35977000
2004-05-27,76.04708099365234,76.1548796200584,75.50133342000758,75.8247395799588,45306900
2004-05-28,76.04032135009766,76.05379424710695,75.70344238084873,75.95273466862439,23367200
2004-06-01,75.93925476074219,76.0403194771005,75.37330057371962,75.77081528026666,41044700
2004-06-02,76.22222900390625,76.45804838004547,75.77081244680026,76.15485424230853,39774200
2004-06-03,75.521484375,76.26262182234755,75.50801148521295,76.00659065313208,38688300
2004-06-04,76.1211929321289,76.52544676688285,75.93927536525146,76.1211929321289,32739500
2004-06-07,77.280029296875,77.35414307731807,76.41762000484455,76.42435902316616,31643800
2004-06-08,77.38783264160156,77.42825647059934,76.92293804666778,77.05769271060176,32846500
2004-06-09,76.66690826416016,77.28002524983178,76.6197454191085,77.15201475061417,36737600
2004-06-10,77.04423522949219,77.04423522949219,76.76125807027954,76.83537187012564,21711000
2004-06-14,76.28289031982422,76.70735605791049,76.0470760208874,76.68714413805392,34633000
2004-06-15,76.82189178466797,77.11160795625318,76.47827887492922,76.74104410725464,37445000
2004-06-16,76.80838775634766,76.94313725766933,76.60625836400115,76.80838775634766,26633400
2004-06-17,76.6938705444336,76.85557101705767,76.35699156125365,76.70734344200004,28402400
2004-06-18,76.83860778808594,77.23757887434348,76.53431191685834,76.59516902745142,31799800
2004-06-21,76.54780578613281,77.18345177785626,76.50047077562975,76.91972741089211,25284000
2004-06-22,76.93324279785156,77.00762711633439,76.189404772152,76.50046412256714,37334000
2004-06-23,77.59597778320312,77.65683489723826,76.69660704216487,76.82509005063646,35580000
2004-06-24,77.35250091552734,77.71765889730538,77.2645945188346,77.4674566248476,35272100
2004-06-25,76.98057556152344,77.724418724681,76.87238347541873,77.36602437832069,32837900
2004-06-28,76.71685791015625,77.50127252906458,76.68981375561995,77.44041028353524,40824500
2004-06-29,77.03466796875,77.20372228144079,76.6965593433684,76.77094365368262,28418100
2004-06-30,77.4471664428711,77.62298438519856,76.85209707693087,77.13610710437085,52230600
2004-07-01,76.3719711303711,77.35924760920383,76.12853252911066,77.25781399882403,57734700
2004-07-02,76.33141326904297,76.60866486131606,76.14207323487062,76.52075846234432,34615100
2004-07-06,75.66193389892578,76.04061383898305,75.4861160014161,75.98652038978005,38698200
2004-07-07,75.88512420654297,76.12179928577902,75.56730117479893,75.60787257148803,29839800
2004-07-08,75.35765838623047,75.95272775944552,75.19536251788476,75.60785548812167,45291100
2004-07-09,75.55374145507812,75.69574643187352,75.31706133462527,75.54697783928962,27412900
2004-07-12,75.58760833740234,75.76342637153097,75.0601593941477,75.4117903032737,35691300
2004-07-13,75.64167785644531,75.74986995638176,75.46585989002817,75.68224924903032,26752000
2004-07-14,75.41175842285156,76.00006938884314,75.14127560362373,75.23594562217929,54089400
2004-07-15,74.92487335205078,75.67547491216482,74.8572474997587,75.5605140587452,38403500
2004-07-16,74.8640365600586,75.51320472148859,74.68146011055295,75.44558400534316,40871200
2004-07-19,74.54618072509766,75.03305792176772,74.37712642953875,74.89105293259357,39592800
2004-07-20,75.49290466308594,75.66872261892576,74.55296295779955,74.74230299064445,46679800
2004-07-21,74.09986877441406,75.77688424166215,74.01195725227983,75.61459358721517,56241100
2004-07-22,74.30278015136719,74.64765253535226,73.55217828223336,73.95114930667302,72477100
2004-07-23,73.6806411743164,74.18780418225563,73.49806476147499,74.1269470976848,49610500
2004-07-26,73.53863525390625,73.99846324852572,73.17347727355002,73.83617253252145,49679100
2004-07-27,74.22834014892578,74.45825661888516,73.6873696274284,73.74146822731608,51295100
2004-07-28,74.4515151977539,74.63409673701986,73.43042574677968,74.07959882069419,65862300
2004-07-29,74.7693862915039,74.9722536526997,74.38394243253693,74.74910058721059,52200500
2004-07-30,74.95188903808594,74.99246556587737,74.4514899077522,74.60025847169294,41581700
2004-08-02,75.10746765136719,75.30357131969961,74.41772816199916,74.51239818683146,38263100
2004-08-03,74.52593994140625,75.10072386082251,74.49213215739988,75.012817431449,40948800
2004-08-04,74.51912689208984,74.89104838337833,74.14044694396146,74.30950122925125,40763200
2004-08-05,73.30197143554688,74.64087907594875,73.21405986661458,74.58002198280758,50772000
2004-08-06,72.2538070678711,73.00440857550691,72.09828000038061,72.78125566045242,74729000
2004-08-09,72.355224609375,72.67981106455429,72.26731824984547,72.36874668040774,37476300
2004-08-10,73.28843688964844,73.30872774446847,72.53107673516548,72.56488450827398,55870600
2004-08-11,73.13968658447266,73.25464232019394,72.42289253304514,72.81509991752604,52933200
2004-08-12,72.34175109863281,72.99767774611658,72.10507084410851,72.81510128942112,50015900
2004-08-13,72.48375701904297,72.59194913859865,72.07802238310113,72.42289475999961,41634700
2004-08-16,73.23432922363281,73.46424060906473,72.42286543940268,72.44991474812316,45731900
2004-08-17,73.64682006835938,73.89701713846708,73.38985422235301,73.53862283654028,40701600
2004-08-18,74.40415954589844,74.49882951808144,73.36278469275898,73.38307037835153,43165400
2004-08-19,74.18781280517578,74.39743855523442,73.82941839670283,74.25543351560152,39881600
2004-08-20,74.70848083496094,74.80990929079344,74.05254930522823,74.12016999549256,44870900
2004-08-23,74.51912689208984,74.90457045618548,74.41769844821786,74.75580701879744,33745100
2004-08-24,74.6205825805664,74.87754847210267,74.28247390991669,74.81668622863872,30453100
2004-08-25,75.12773895263672,75.24269465231592,74.31628027838211,74.60705391583022,38551400
2004-08-26,75.12773895263672,75.26974396267485,74.95868463223964,75.03306894594463,26629500
2004-08-27,75.36444091796875,75.48616027854385,75.09395803591767,75.19538653712169,24902900
2004-08-30,74.7422866821289,75.29002096607769,74.68818806765479,75.20887820349436,26726500
2004-08-31,75.134521484375,75.16833442061785,74.45154041348117,74.8302256947082,44125300
2004-09-01,75.27651977539062,75.4929091341904,74.7084996432147,75.02631748338212,52778300
2004-09-02,76.12854766845703,76.20969044559519,75.22241377042711,75.22241377042711,42736600
2004-09-03,75.81748962402344,76.29083969591164,75.74310530427974,75.9594946455899,30480500
2004-09-07,76.31788635253906,76.5004627570196,75.95272838444933,76.10149701875945,37338800
2004-09-08,76.12854766845703,76.45312909526719,75.94596610163866,76.15559698054601,32963100
2004-09-09,76.06092834472656,76.33141115225531,75.75662744756345,76.12178542868187,34314800
2004-09-10,76.45314025878906,76.59514529864487,75.7904500727953,76.08798223096149,27900600
2004-09-13,76.7033462524414,76.91297201291268,76.41933615906814,76.622198300422,44398100
2004-09-14,76.85885620117188,76.879141893499,76.54103326370492,76.61541757498988,28048900
2004-09-15,76.2773208618164,76.656000935425,76.19617292070211,76.61542954443239,38295000
2004-09-16,76.50723266601562,76.66276493080095,76.27732123708758,76.31112901003807,23911700
2004-09-17,76.8324966430664,76.97509278743412,76.52014244388882,76.69668709085569,33683000
2004-09-20,76.3707504272461,76.72384488283075,76.24173265472264,76.50655479156225,37149400
2004-09-21,76.7034683227539,77.04977615754449,76.41827607321059,76.56087219798225,40920800
2004-09-22,75.74604034423828,76.40469719489585,75.6917165275023,76.39111883101401,49042100
2004-09-23,75.33861541748047,75.8478895330036,75.33861541748047,75.77998735372135,44068700
2004-09-24,75.68494415283203,75.86828578615417,75.46086223681858,75.488024152148,34981100
2004-09-27,75.20278930664062,75.50835161532946,75.08735511718953,75.4404494556878,39355100
2004-09-28,75.5627212524414,75.71890097689996,74.97196640653773,75.31148259130292,41662900
2004-09-29,75.94293975830078,75.94973152917058,75.37255533971681,75.5151514443628,33325700
2004-09-30,75.88864135742188,76.03802927274943,75.5491252518973,75.7460452147741,43536700
2004-10-01,77.17203521728516,77.17203521728516,76.1942268791491,76.2281805722368,62824300
2004-10-04,77.3010025024414,77.70842585804023,77.2738457806311,77.47755227782734,33082400
2004-10-05,77.34178161621094,77.51833146845581,77.09732956867354,77.30782792826197,36910600
2004-10-06,77.87138366699219,77.87138366699219,77.19235172192968,77.25346211029606,42297800
2004-10-07,77.03620910644531,77.68129287254088,76.975098688719,77.66770932597608,39388800
2004-10-08,76.39789581298828,77.25347244822497,76.28924820054999,76.83247590153485,51872600
2004-10-11,76.71024322509766,76.74419171556582,76.48616142947586,76.58122549175125,20229100
2004-10-12,76.41148376464844,76.61519547323644,76.01085729985702,76.18740192132242,41754700
2004-10-13,75.73924255371094,76.778160858363,75.58985465985961,76.73062881764702,54212600
2004-10-14,75.12812042236328,76.00407256138476,75.08738014911721,75.83431451538691,64082200
2004-10-15,75.54910278320312,75.87503524643412,75.0805690391301,75.38613137098453,63482200
2004-10-18,75.83431243896484,75.98370034424927,75.1688586374081,75.29787640662725,43535100
2004-10-19,75.19599914550781,76.20776051404783,75.0941433135645,76.0651592409655,55851900
2004-10-20,75.046630859375,75.25034257640179,74.52377838389235,74.95156677292361,57118500
2004-10-21,75.5354995727539,75.58982336268109,74.8360976143972,75.2299373204666,53218300
2004-10-22,74.68675231933594,75.54233436586927,74.59847999588116,75.50159409052162,48752400
2004-10-25,74.5984878540039,74.77503770011575,74.25217993525519,74.52379388759526,43990900
2004-10-26,75.73924255371094,75.77998282272353,74.61204675872644,74.78180478708406,54337400
2004-10-27,76.64915466308594,76.79854257947545,75.45406169317923,75.63060633927167,73896000
2004-10-28,76.8800277709961,77.11089623608395,76.3843319774183,76.58125194031334,54413300
2004-10-29,76.86643981933594,77.16521563289164,76.66273327604242,76.81212118282026,48820200
2004-11-01,77.07695007324219,77.30102677245054,76.86644655859736,77.11089857646537,36720900
2004-11-02,77.10411071777344,77.79672130328704,76.88002884164077,77.18559126865462,56210000
2004-11-03,78.07512664794922,78.33315702558264,77.5726390769617,78.10907515046155,76960200
2004-11-04,79.14122772216797,79.22270829399315,77.87143527829642,77.93933748168608,55350300
2004-11-05,79.63688659667969,79.8813385755312,79.10045059756686,79.4807121094492,63287200
2004-11-08,79.52143096923828,79.60291666711811,79.25660892688205,79.43315868198707,33863800
2004-11-09,79.36527252197266,79.78627430245837,79.28379198295242,79.50108205467964,44658100
2004-11-10,79.42633819580078,79.82017782225861,79.28374216151792,79.48744856166456,45265400
2004-11-11,80.03072357177734,80.20727336801843,79.51465772616697,79.56898153741096,37863200
2004-11-12,80.66226959228516,80.80486579259929,79.9085431187628,80.1054631612747,55583700
2004-11-15,80.86040496826172,80.8876421721805,80.51988276375552,80.703762467968,35297900
2004-11-16,80.28153991699219,80.64249793910808,80.1793873782368,80.60844362888413,40028700
2004-11-17,80.75824737548828,81.13963058233809,80.41091327156064,80.6152286729196,54494000
2004-11-18,80.86720275878906,80.9080689520763,80.51987388956097,80.72418407217351,31854300
2004-11-19,79.9682388305664,80.85359870234784,79.77754721411056,80.8399749034828,54276500
2004-11-22,80.3496322631836,80.44497807734916,79.70263687168054,79.7979826858461,37560200
2004-11-23,80.47219848632812,80.54030187841005,79.93417285575612,80.31555600817951,41968800
2004-11-24,80.66289520263672,80.76504769929122,80.39728831942286,80.54711371316814,29724800
2004-11-26,80.60163879394531,81.03070027816644,80.56758967669452,80.71060843944868,15487700
2004-11-29,80.23385620117188,81.05111277292391,80.00911545020078,80.90128214163816,61460800
2004-11-30,80.28834533691406,80.52670990136494,80.11808419145518,80.3632606565926,53685200
2004-12-01,81.2009506225586,81.3848303798732,80.43136689271655,80.47223310230935,49898300
2004-12-02,81.26903533935547,81.6367999652993,81.0511013235321,81.11239282987766,60163500
2004-12-03,81.21453857421875,81.82066762882366,81.10556898437893,81.25539957243068,49067900
2004-12-06,81.18730926513672,81.48015859009705,80.9353209449756,81.18730926513672,33030500
2004-12-07,80.4313735961914,81.46656439285262,80.39051257915109,81.37802526132069,52047200
2004-12-08,80.90129852294922,80.92172903208733,80.37008450152409,80.50629135975053,43895100
2004-12-09,81.18730926513672,81.35757037974257,80.17936637640595,80.45859190246198,60922800
2004-12-10,81.26903533935547,81.42567265287647,80.942131717642,80.98980462122972,47828600
2004-12-13,81.97732543945312,81.9977559423782,81.28265716425831,81.5618878934531,38541000
2004-12-14,82.26336669921875,82.37914301848483,81.84792913389255,81.84792913389255,41500700
2004-12-15,82.32466888427734,82.48131142756044,81.9364736724412,82.2020806491734,46699200
2004-12-16,82.27699279785156,82.56984217064343,81.75259076543517,82.21570128064191,51641800
2004-12-17,81.72819519042969,82.09085294997146,81.53660280580392,81.74187812340256,70761900
2004-12-20,81.74874114990234,82.30983550087124,81.54346056421771,81.94033357894018,47187400
2004-12-21,82.37828063964844,82.43986691851951,81.74191693399901,81.83771317179541,33094200
2004-12-22,82.57666015625,82.85036574111042,82.3166427219075,82.37137966247973,31500700
2004-12-23,82.63829040527344,82.98726536439084,82.56302641458431,82.70672075763197,25646100
2004-12-27,82.46720886230469,83.0419913427625,82.37825673031205,82.9325069767698,29944100
2004-12-28,82.91883850097656,83.02147880686805,82.52196543579767,82.54933653206892,23422900
2004-12-29,83.0419921875,83.0693632792766,82.76144241216629,82.85039976556574,22650600
2004-12-30,82.88460540771484,83.18568218110971,82.8230243697941,83.06935896248049,21076900
2004-12-31,82.70670318603516,83.24727048770227,82.65880508186221,83.00093588895518,28648800
2005-01-03,82.31666564941406,83.31568687498527,82.04295998831893,83.17883143418706,55748000
2005-01-04,81.31079864501953,82.48088523172518,81.04393706667445,82.42614305655152,69167600
2005-01-05,80.7497329711914,81.59821610458418,80.74288889174787,81.24924114000613,65667300
2005-01-06,81.16029357910156,81.52979558240362,80.92080299006412,81.04397032449813,47814700
2005-01-07,81.0439453125,81.58451260121225,80.83182066724476,81.40660312404705,55847700
2005-01-10,81.42711639404297,81.7418760494422,80.97550130988267,80.97550130988267,56563300
2005-01-11,80.86603546142578,81.24922028385441,80.73602408788679,81.1807951684924,63099700
2005-01-12,81.13292694091797,81.31767534247469,80.41444991380091,81.01660367991916,72720500
2005-01-13,80.48284149169922,81.24237219304679,80.4007282302964,81.1807859418694,55537500
2005-01-14,80.90705871582031,81.10549512925162,80.57861619879583,80.7223104525565,42032500
2005-01-18,81.74874114990234,81.85138144274467,80.70866050583668,80.77709084806632,57391700
2005-01-19,80.89344024658203,81.78297755781459,80.88659616604454,81.72139649448864,54378900
2005-01-20,80.40074920654297,80.87973030510437,80.25705487697454,80.66761085009895,72049300
2005-01-21,79.90807342529297,80.74287346076082,79.81912129153896,80.59917914292649,63160400
2005-01-24,79.75072479248047,80.29128708763808,79.62755744434868,80.12022161637194,58441900
2005-01-25,79.97653198242188,80.38024923317633,79.86705278899124,79.9970642254128,68245000
2005-01-26,80.21598052978516,80.46915395183191,80.08596917003068,80.2775615609313,57195100
2005-01-27,80.35283660888672,80.57180010310695,80.04492098968691,80.18861529334693,55878800
2005-01-28,80.35283660888672,80.43494987690737,79.79174232866603,80.3938906326463,60738900
2005-01-31,80.85237884521484,80.91395990293572,80.54445789510038,80.70867926952607,52532700
2005-02-01,81.36556243896484,81.48188567673998,80.81130690394339,80.91394720454014,49841200
2005-02-02,81.61189270019531,81.83085624084372,81.358719205994,81.46819836606691,52468900
2005-02-03,81.3997573852539,81.53661283431968,81.13289578520263,81.468182499536,48837100
2005-02-04,82.26876831054688,82.4056185321085,81.41344137453333,81.42712430848897,50024600
2005-02-07,82.15930938720703,82.4672250912788,82.08404017590007,82.28247671293633,45412000
2005-02-08,82.2551040649414,82.55618090449171,82.15930783790319,82.22773296857294,39263500
2005-02-09,81.63924407958984,82.44667291958228,81.5981900570398,82.39877481977346,55279400
2005-02-10,81.9334716796875,82.12506406705306,81.60502907863253,81.87873472651235,45858600
2005-02-11,82.63829040527344,82.8230440038368,81.74190917080823,81.90613053136228,53133000
2005-02-14,82.57666015625,82.69982740841219,82.43980997406969,82.58350423150895,32432100
2005-02-15,82.88460540771484,83.08988597512075,82.57668977710769,82.65880304817038,43852700
2005-02-16,82.93936920166016,83.11043464557592,82.56986721634173,82.74777673975498,55523000
2005-02-17,82.26876831054688,83.02145497013852,82.2619242333184,82.9530298593577,58124000
2005-02-18,82.37828063964844,82.43986691851951,82.04299380736106,82.27564032186561,47723300
2005-02-22,81.15345001220703,82.43302148244233,81.13976707296268,82.04299245768661,80697600
2005-02-23,81.73503875732422,81.8171520213967,81.16710564745196,81.37922505401264,68292600
2005-02-24,82.27561950683594,82.33036169187126,81.41345358478901,81.59135785540067,68563600
2005-02-25,83.08989715576172,83.25411849948317,82.23457004397982,82.29615109018697,60899900
2005-02-28,82.54248046875,83.0009397391024,82.13876860349427,82.89829944811301,69381300
2005-03-01,82.95304870605469,83.1514800062517,82.64512780683027,82.6724989014615,47294400
2005-03-02,82.91199493408203,83.43203532544338,82.55618112136291,82.63145033144822,64226500
2005-03-03,82.9461898803711,83.41148796537216,82.59037093392826,83.24726664728401,61230800
2005-03-04,83.97943115234375,84.047856270433,83.33622355720071,83.51413304063425,56168500
2005-03-07,84.02050018310547,84.33525995892592,83.75363852055112,83.93154803575496,43442400
2005-03-08,83.70574188232422,84.1641960060217,83.55520346069153,83.93838837357265,44362000
2005-03-09,82.77513885498047,83.678364092023,82.76829477622566,83.45940055639156,73263600
2005-03-10,82.95989990234375,83.13780943365462,82.38512249111314,82.93252880364182,65149000
2005-03-11,82.37828063964844,83.28835011921761,82.22090334348441,83.00780026531143,57976500
2005-03-14,82.89142608642578,82.90511423798978,82.30296086117889,82.52876837748298,36336400
2005-03-15,82.20719146728516,83.11041660629346,82.16613744021721,83.08304551474752,62438500
2005-03-16,81.50926208496094,82.22089493618456,81.35872366367285,81.9061299350352,74874200
2005-03-17,81.67350006103516,81.93351770129591,81.4134824207744,81.63928487814383,62584200
2005-03-18,81.43099975585938,82.11107833844996,81.16308985238402,81.8225607871702,60232000
2005-03-21,81.1286849975586,81.59581057985856,80.89512482691137,81.54772435407793,61244300
2005-03-22,80.30439758300781,81.69890422918256,80.30439758300781,81.31421418637815,92472400
2005-03-23,80.37308502197266,80.86768946066921,80.20134766081459,80.3387354533377,70817300
2005-03-24,80.46923828125,81.0531441213485,80.41428108098007,80.68906184132263,51932500
2005-03-28,80.5860366821289,81.01881818117283,80.5860366821289,80.66160153939028,46765500
2005-03-29,80.05020141601562,80.99132384760593,79.85785644979448,80.46924091000051,71160300
2005-03-30,81.18365478515625,81.19739146279521,80.21505391990917,80.22192487923182,62002100
2005-03-31,81.0325698852539,81.37604466701966,80.97074694022051,81.19057059091021,64575400
2005-04-01,80.66850280761719,81.74014265355312,80.31129127264195,81.49284034433556,95255300
2005-04-04,80.80584716796875,80.963847818674,80.19446268833997,80.62037315636536,71581200
2005-04-05,81.19056701660156,81.32108386404042,80.833350324326,80.90891519226857,46853900
2005-04-06,81.47219848632812,81.71262973017613,81.18368099371051,81.3691550272481,53268200
2005-04-07,81.91179656982422,81.92553848466575,81.27980475324136,81.34163288801844,46734600
2005-04-08,81.06004333496094,81.89125162498311,81.06004333496094,81.86377301527054,63772900
2005-04-11,81.12186431884766,81.34855891275035,80.94326122153835,81.2592573640957,44945000
2005-04-12,81.54088592529297,81.78818811110948,80.42116036912931,80.98445862770966,86144800
2005-04-13,80.57914733886719,81.60957119107262,80.46236198578546,81.4446996011949,65949000
2005-04-14,79.52812194824219,80.71654659997014,79.52812194824219,80.64785271489507,96119800
2005-04-15,78.415283203125,79.82352647479314,78.38093363315394,79.50753034689187,128677300
2005-04-18,78.65570831298828,78.97170441615442,78.28475499857375,78.39466942107056,100035200
2005-04-19,79.28083038330078,79.36326095457447,78.88239848545182,79.06787251182546,64930100
2005-04-20,78.1748275756836,79.43194073335388,78.0030902613618,79.2602034190321,107735900
2005-04-21,79.69297790527344,79.8303656484326,78.57324735860107,78.85489904538575,86952200
2005-04-22,79.39073944091797,80.02960257238072,78.49770315272004,79.50751957738773,88845800
2005-04-25,79.91278839111328,80.02956847783187,79.4937490295884,79.58992148229848,52284100
2005-04-26,79.13656616210938,80.21507647474219,79.10222183785187,79.65864915629703,72626000
2005-04-27,79.4456787109375,79.73419612683865,78.6144707797899,78.90298819569105,84131900
2005-04-28,78.44959259033203,79.46627966114156,78.44959259033203,79.18462798765155,72481500
2005-04-29,79.51437377929688,79.59680957408102,78.29160498220224,79.04724809086679,103993800
2005-05-02,79.96092224121094,79.96779320364122,79.35640333155429,79.7342276500897,56026400
2005-05-03,80.09832763671875,80.27006504813582,79.47320618448575,79.73424516307614,86000300
2005-05-04,80.7165298461914,80.8882671437365,79.87845099561035,80.13262408273938,81055700
2005-05-05,80.68905639648438,81.0600096117641,80.19445210944474,80.83331510670315,96906700
2005-05-06,80.43489074707031,81.05314616316379,80.41428310670173,81.01193088242663,67415400
2005-05-09,80.93637084960938,81.11497914509526,80.40742216502612,80.51733133385838,43750500
2005-05-10,80.09832763671875,80.71658336602216,79.9540688400496,80.62041083490939,74613500
2005-05-11,80.53793334960938,80.64784775177128,79.58307425510833,80.32498074667966,91647400
2005-05-12,79.65177154541016,80.77836801075719,79.65177154541016,80.59289400042881,95086800
2005-05-13,79.49376678466797,80.11202214803953,78.86177474255783,79.89219860117484,85267000
2005-05-16,80.23567199707031,80.26314535412848,79.45255029574501,79.4800236528032,49207000
2005-05-17,80.77152252197266,80.85395310676175,79.7960555012379,79.96779287422677,61071800
2005-05-18,81.60271453857422,81.80193048051642,81.06689488004368,81.12184684529753,77944900
2005-05-19,81.94617462158203,82.02861041629247,81.54087184884743,81.76069539373522,61768100
2005-05-20,81.82942199707031,82.01489604621281,81.56837784663686,81.98054647662678,46345500
2005-05-23,82.28279876708984,82.46140707960022,81.87750113444064,81.89123781647619,51047900
2005-05-24,82.09046173095703,82.31715631408122,81.88437479338803,82.04924643984664,50654100
2005-05-25,82.02863311767578,82.34462922334082,81.63020119448623,81.98741258840944,47608800
2005-05-26,82.46824645996094,82.57815559717983,82.17285811973902,82.28963821584847,43256200
2005-05-27,82.60565948486328,82.60565948486328,82.29653437321487,82.47513743100801,24596100
2005-05-31,82.0766830444336,82.55067437266118,82.021725857072,82.48885146763378,43377200
2005-06-01,82.77738189697266,83.06589931462257,82.05608311184118,82.10416934811616,69611000
2005-06-02,82.95600128173828,83.010953244127,82.50261221523154,82.59191898100204,39704500
2005-06-03,82.53697967529297,83.04532081441938,82.2484621564111,82.81176051085079,60999400
2005-06-06,82.46139526367188,82.57130442723147,82.12479157144858,82.3995671008512,36046400
2005-06-07,82.52323150634766,83.2926167394877,82.44080093062388,82.70183982209605,66501300
2005-06-08,82.3720932006836,82.83921369400849,82.20722159491419,82.72930453116946,46881200
2005-06-09,82.7636947631836,82.83238867884047,82.0492665101304,82.25534825710105,56653300
2005-06-10,82.57134246826172,82.88047294276853,82.15917374326234,82.8186447514633,36465300
2005-06-13,82.83232879638672,83.1758033673709,82.3033750221077,82.39268176480745,49383200
2005-06-14,83.02470397949219,83.2582642572096,82.69496596511756,82.7430522129422,33857100
2005-06-15,83.18270111083984,83.28574457000832,82.59192944302384,83.23079260065877,53195600
2005-06-16,83.39566802978516,83.56053443771938,83.06592997290808,83.16210248095376,46564500
2005-06-17,83.70466613769531,84.07711666604847,83.60810547428835,83.82881631381304,51529400
2005-06-20,83.73225402832031,84.03572813793681,83.41498253153496,83.5115431930713,41019400
2005-06-21,83.78053283691406,83.90468300837108,83.47705347064996,83.80122365513002,39879800
2005-06-22,83.84947967529297,84.10467863767853,83.50461877257939,83.92534949486273,46310100
2005-06-23,82.6700668334961,83.87018145852092,82.64937601857228,83.6770601696848,62185600
2005-06-24,82.06310272216797,82.77351533978722,81.9665368282246,82.68384813730262,58572500
2005-06-27,82.18037414550781,82.359703331915,81.90448430384161,82.05622397986608,48183800
2005-06-28,82.87010955810547,82.93218201991245,82.33212717379732,82.35281799439964,41174200
2005-06-29,82.64936065673828,83.04250185369976,82.60108034350299,83.0218110426217,42316500
2005-06-30,82.20106506347656,82.987347692784,82.04242669412177,82.9183765478232,62288800
2005-07-01,82.44245147705078,82.62867932243091,82.22174069663885,82.38727246640778,49737500
2005-07-05,83.1045913696289,83.21494940094266,82.2079560449272,82.24933767558957,51549000
2005-07-06,82.40795135498047,83.21492448423145,82.35967104627723,83.03559536812269,52363600
2005-07-07,82.73211669921875,82.73211669921875,81.56649059196042,81.58718140123734,103268800
2005-07-08,83.67706298828125,83.67706298828125,82.57350897050213,82.74593945022264,64491200
2005-07-11,84.10467529296875,84.21502804112546,83.67014720504788,83.6839445874172,49688300
2005-07-12,84.3254165649414,84.58061034736147,83.89778701346567,84.13918867068526,51871100
2005-07-13,84.44264221191406,84.50471464956772,84.13916292873655,84.33228419542775,41182300
2005-07-14,84.77371215820312,85.13926388403195,84.48402499204599,84.82199247553598,63638800
2005-07-15,84.72541809082031,84.86336559949443,84.39435459432124,84.69093516027134,56075900
2005-07-18,84.3874740600586,84.58059535159471,84.18056064576727,84.49093339828453,56598400
2005-07-19,84.8495864868164,84.91166419462577,84.4288609657108,84.63577438003412,59165700
2005-07-20,85.13929748535156,85.33931752528818,84.35301471437974,84.55302949215435,69477000
2005-07-21,84.64263916015625,85.25649098904674,84.47020875289131,85.21510937519385,101110900
2005-07-22,85.20823669433594,85.2220288157773,84.58058729447275,84.7530177543701,52607100
2005-07-25,84.96683502197266,85.49101983080605,84.73232686041243,85.11857466848338,57301600
2005-07-26,85.07029724121094,85.20134608705901,84.80130611922003,84.99443267284475,42758800
2005-07-27,85.38069152832031,85.44966267953681,84.87029869472435,85.18067150627938,43181600
2005-07-28,85.91867065429688,85.96695098455486,85.27722897392,85.49793980683671,47880700
2005-07-29,85.34616088867188,85.96001277497447,85.18062915562011,85.80827842260305,62358100
2005-08-01,85.28411102294922,85.55310213362623,85.14616349044799,85.40826117112017,40418200
2005-08-02,85.79449462890625,85.93933557603438,85.34617440465647,85.43584160680227,45147400
2005-08-03,86.02212524414062,86.03591736823849,85.60829311311134,85.69795507515003,36837200
2005-08-04,85.3323745727539,85.73930787379409,85.22891525925172,85.68413413379763,50855600
2005-08-05,84.75304412841797,85.51174259779148,84.60820312849076,85.14618548883803,53595500
2005-08-08,84.59436798095703,85.11855794898592,84.40814017421566,84.9392288326836,47616000
2005-08-09,85.10479736328125,85.24273965874781,84.74614423777142,84.87718783981627,47170000
2005-08-10,85.06341552734375,85.87038900446701,84.71165583392029,85.40137783395618,72863700
2005-08-11,85.4013671875,85.54620815799177,84.84269412100883,85.02201802990686,58570200
2005-08-12,84.87715911865234,85.31168720044062,84.6633470543816,85.22891869387155,54776900
2005-08-15,85.4013671875,85.43585538806687,84.71854396599295,84.98753509150059,36208500
2005-08-16,84.29093170166016,85.19446590972805,84.20816316069023,85.13929214457644,71942100
2005-08-17,84.2840347290039,84.7461525144882,84.16678324018986,84.27714129707022,62275100
2005-08-18,84.27709197998047,84.53228562839952,84.03568518736103,84.18053136779618,53388600
2005-08-19,84.47026824951172,84.71166993728218,84.28404033168727,84.58062105156587,39842100
2005-08-22,84.47026824951172,84.99445853021481,84.06332946541681,84.54613810311987,69912000
2005-08-23,84.31159973144531,84.56679871716622,83.5598054206225,84.49092889065892,55168600
2005-08-24,83.55980682373047,84.64956865717022,83.51841993265684,84.10468774045034,79104600
2005-08-25,83.86327362060547,83.91845262915847,83.6011812232185,83.69774185710632,35631100
2005-08-26,83.29080200195312,83.79429594472514,83.23562299771088,83.78740251581446,61956800
2005-08-29,83.93225860595703,83.99433105031467,83.0287193504104,83.04941542735669,56179200
2005-08-30,83.4908218383789,83.66325227979468,83.03560294720474,83.62876408664773,74160200
2005-08-31,84.5461196899414,84.60129871003218,83.2770285386583,83.58740658004822,102945200
2005-09-01,84.48401641845703,84.93923530325043,83.5528931002953,84.5047072291914,74578700
2005-09-02,84.3322982788086,84.7530290781444,84.17366518131782,84.73233826213783,47653400
2005-09-06,85.31859588623047,85.38757228511896,84.59439105734525,84.60128974966618,57251300
2005-09-07,85.46344757080078,85.6151819764262,85.15306954246701,85.27032100860696,41749700
2005-09-08,85.18065643310547,85.52551739032451,85.04960758547084,85.29101446525264,39068700
2005-09-09,85.93934631347656,86.0359069569598,85.38757195959522,85.40826277431871,43093900
2005-09-12,85.7669448852539,85.9876557539798,85.71176585253188,85.83591604507534,33017600
2005-09-13,85.29100036621094,85.8151851457778,85.19443447296469,85.61516519219582,58427500
2005-09-14,84.98065185546875,85.47035387205513,84.84960298407185,85.34620369445848,57694600
2005-09-15,84.93924713134766,85.28410805736843,84.76681666833727,85.24272116797704,73156900
2005-09-16,85.54325103759766,85.70948745467396,85.10687846106218,85.40472157079414,75424100
2005-09-19,85.2592544555664,85.57788172533421,84.94756052871722,85.52246782758675,53355300
2005-09-20,84.53890991210938,85.6194546869681,84.41423126235175,85.33546237407974,84480300
2005-09-21,83.749267578125,84.41421851489724,83.65921867077773,84.35880461569282,94469100
2005-09-22,84.04706573486328,84.2687212270833,83.42367815894676,83.77692970941737,84597200
2005-09-23,84.11638641357422,84.42808038938364,83.7423504718663,83.97785164744481,59368100
2005-09-26,84.21334075927734,84.67049218192678,83.86701184214056,84.518106612857,70415400
2005-09-27,84.19256591796875,84.49733178620231,83.82545280912171,84.17178174291088,66150800
2005-09-28,84.27567291259766,84.58737209205704,83.95012290240125,84.45576541953689,58620500
2005-09-29,84.96138763427734,85.09991704678319,83.86698730798277,84.19253724038569,66607700
2005-09-30,85.22461700439453,85.22461700439453,84.32415974361584,84.93370199444192,47824200
2005-10-03,84.91983795166016,85.43240320009404,84.81593823364484,85.16919516107322,50994800
2005-10-04,83.96397399902344,85.21768284589405,83.92241622473668,85.05144646418772,60776300
2005-10-05,82.8626708984375,84.02633649731035,82.82111311137234,83.98477871024518,106052100
2005-10-06,82.5648193359375,83.29904030139113,81.85138254645663,82.9665621851117,140941800
2005-10-07,82.84883117675781,83.15360241494366,82.51635298195855,82.91116786571676,75661400
2005-10-10,82.14923858642578,82.91808939708365,81.94144435502928,82.89731050240012,52677000
2005-10-11,82.03148651123047,82.69643755189402,81.95529370906016,82.41937329714393,75629800
2005-10-12,81.38728332519531,82.51631352335036,81.32494666604524,82.00374828251078,100510400
2005-10-13,81.33885192871094,81.78908081170081,80.95788780820504,81.35963082899987,99052900
2005-10-14,82.19769287109375,82.29466453208661,81.42884235567948,81.81673428421011,88651000
2005-10-17,82.50243377685547,82.61325622690984,82.04527729841844,82.28771164674204,68109300
2005-10-18,81.60896301269531,82.39859268732857,81.59511217829868,82.38474185293194,74996900
2005-10-19,82.966552734375,82.98040885011183,81.12408568336005,81.38729375220225,116563800
2005-10-20,81.50505065917969,82.98733808484518,81.24877062825185,82.76568777683615,131966700
2005-10-21,81.8237075805664,82.27393644721356,81.39426289801638,81.93453542416799,96579500
2005-10-24,83.09123992919922,83.18128355254306,82.01762336941535,82.03840226060545,71308400
2005-10-25,82.92501831054688,83.28519815274561,82.38474590496814,82.92501831054688,76594500
2005-10-26,82.68255615234375,83.4929644381451,82.5578775480236,82.77952781297506,80855800
2005-10-27,81.8028564453125,82.68253450227556,81.68510592888683,82.56477870129211,66623100
2005-10-28,82.98041534423828,83.08430979759649,81.8028937887634,82.03147215527184,72322000
2005-10-31,83.20899200439453,84.01940576735986,83.20899200439453,83.31981980548944,77698900
2005-11-01,83.4583511352539,83.74234341847854,83.27133582243223,83.52069309590149,66365100
2005-11-02,84.33110046386719,84.33110046386719,83.20899274827171,83.23669969879313,74012300
2005-11-03,84.69129180908203,84.96143329239115,84.33111197227186,84.60817623073571,84897600
2005-11-04,84.5804443359375,84.82287350889708,84.19255765920215,84.78131573197818,59156000
2005-11-07,84.66358947753906,84.93372567417538,84.40037605600337,84.76056117455921,46765400
2005-11-08,84.66358947753906,84.79519090374576,84.35881826715504,84.45578996417521,42152800
2005-11-09,84.77438354492188,85.16227020276315,84.4072757745279,84.55966132855393,57666800
2005-11-10,85.43241882324219,85.55709745074888,84.33109535073318,84.73976095588503,79048100
2005-11-11,85.72333526611328,85.77874387672973,84.80209907590584,85.43934301675434,34867000
2005-11-14,85.67487335205078,85.90344648549815,85.46014576942376,85.74413809808215,45092200
2005-11-15,85.36317443847656,85.95193270914,85.09996628859071,85.57790202203535,69592500
2005-11-16,85.53633117675781,85.57789424843064,85.18307941718479,85.453215602534,51133000
2005-11-17,86.33289337158203,86.33982143131327,85.2939063634665,85.66794232053543,55717500
2005-11-18,86.67230987548828,86.776209651866,86.11818654241078,86.62382401778699,72437200
2005-11-21,87.1086654663086,87.21256521595289,86.56839310963115,86.68614369309967,50021200
2005-11-22,87.48269653320312,87.63507683504534,86.87315418759229,86.97012587265574,66438800
2005-11-23,87.98833465576172,88.25154804725219,87.42035537323672,87.44806232415996,50854700
2005-11-25,88.05762481689453,88.11996679561281,87.83597443006897,87.95373032663417,15270000
2005-11-28,87.4341812133789,88.15454054968752,87.30257456320777,88.14068972130258,54498500
2005-11-29,87.33721923828125,87.95368954047291,87.33721923828125,87.72511119877305,51738900
2005-11-30,86.86622619628906,87.63507157181343,86.78310534927229,87.38571959988347,56007200
2005-12-01,87.7528305053711,87.9883316533418,87.26104403352606,87.2887456989435,65468200
2005-12-02,87.8636703491211,88.02298402177303,87.62124109470415,87.80825643823681,46699400
2005-12-05,87.67662048339844,87.78052020425615,87.39955632263097,87.75973603243715,59273400
2005-12-06,87.84288787841797,88.48013197396666,87.71128116656465,88.00220154458574,57935200
2005-12-07,87.3302993774414,87.87749969041334,87.05323519201058,87.80822968063579,66816500
2005-12-08,87.27490234375,87.84288165555705,86.91472253230002,87.42728793940374,62608600
2005-12-09,87.50346374511719,87.81515765056479,87.15020677693273,87.38571318390896,50744500
2005-12-12,87.58660125732422,87.87059357155033,87.24720031982567,87.7666938155027,48389900
2005-12-13,88.1822738647461,88.45241001779436,87.4757651455184,87.56580876834772,88630900
2005-12-14,88.52861022949219,88.72255360849697,88.06453067479349,88.0991656858561,64375000
2005-12-15,88.27234649658203,88.66023332632496,88.09225391796066,88.54940549807743,55900300
2005-12-16,87.98820495605469,88.68453452657582,87.98820495605469,88.6288268859166,46238300
2005-12-19,87.53559112548828,88.34333599073358,87.52166687137888,88.24585027424854,48733000
2005-12-20,87.6191635131836,88.14837023649737,87.37544919158202,87.6400525532389,46603200
2005-12-21,87.75843048095703,88.26675349508726,87.59827762638547,87.89073482283489,51806900
2005-12-22,88.21800231933594,88.21800231933594,87.79324082101898,87.95339366050497,32247900
2005-12-23,88.26676177978516,88.33639369320294,88.03000689907533,88.28068603743893,27977300
2005-12-27,87.36847686767578,88.46867892461663,87.30580444034457,88.4060064972854,44499500
2005-12-28,87.56346130371094,87.7305789471078,87.38937887567175,87.55649651906862,30764300
2005-12-29,87.17353820800781,87.70970987088323,87.08301192477376,87.54259218944581,32788900
2005-12-30,86.70000457763672,87.08298269038627,86.59555406958738,86.90194080984584,44645600
2006-01-03,88.22493743896484,88.43383839484761,86.61641814141231,87.17348381538503,73256700
2006-01-04,88.64276885986328,88.77506788423078,88.22496680901165,88.33638210592508,51899600
2006-01-05,88.69847106933594,88.8446996618961,88.35030623583827,88.5383182209683,47307500
2006-01-06,89.43659973144531,89.5340854768255,88.68456228487698,89.14414249530473,62885900
2006-01-09,89.66634368896484,89.86827454863041,89.39477563623176,89.42262413837243,43527400
2006-01-10,89.75688171386719,89.81258935720994,89.3112311922717,89.401757440847,44960800
2006-01-11,90.0423583984375,90.13288462589679,89.63848604726904,89.8404275354253,49598900
2006-01-12,89.68728637695312,90.02152172831573,89.43660720714361,89.8822578840105,40509200
2006-01-13,89.60368347167969,89.75687682624363,89.26944825497017,89.52709741954368,44856700
2006-01-17,89.35997772216797,89.42264483534677,88.99788335966873,89.26945147525657,52066600
2006-01-18,89.00487518310547,89.75690733258709,88.54530027578751,88.83775751795119,75067600
2006-01-19,89.3460693359375,89.66638569891931,88.99790445776759,89.2207350798678,81530400
2006-01-20,87.71665954589844,89.34606861250458,87.71665954589844,89.32517956999544,114957800
2006-01-23,88.02999877929688,88.30853171985095,87.82806253020952,87.88377018083513,67017400
2006-01-24,88.1205062866211,88.53830295225315,88.02998004547604,88.17620861281861,53008800
2006-01-25,88.19712829589844,88.55921742676813,87.62613280334634,88.46173168720419,87747700
2006-01-26,88.68453216552734,88.90039262661868,88.26673549685228,88.60793548980341,71294000
2006-01-27,89.5062255859375,89.58979238495623,88.74722867289185,88.89346260231267,65771200
2006-01-30,89.43659973144531,89.69423835313238,89.37393260051861,89.43659973144531,33709600
2006-01-31,88.78201293945312,89.5061909581699,88.7750481568003,89.3530082403883,72937000
2006-02-01,89.40178680419922,89.42963532244396,88.93524709126203,89.00487901202392,63561000
2006-02-02,88.36424255371094,89.22768991921683,88.29461064420748,89.19984140547477,83626900
2006-02-03,87.92555236816406,89.40177330323039,87.83503141610109,88.14141819627456,86040400
2006-02-06,88.15535736083984,88.29462651745814,87.8559353148294,88.04394734812031,45511900
2006-02-07,87.37543487548828,88.19710396267072,87.31972723608573,88.00212722476181,71208100
2006-02-08,88.16927337646484,89.19984372668611,87.45901406835408,87.63309650292985,59422200
2006-02-09,88.02305603027344,88.8516849123153,87.99520219966888,88.37818041718782,62023300
2006-02-10,88.18318176269531,88.52438178553464,87.35454782322645,88.03695318147845,64508700
2006-02-13,88.02305603027344,88.28765945215424,87.70273963460853,88.15535508492636,52308700
2006-02-14,88.95611572265625,89.15108718107766,87.88376738876468,88.05784980700864,90964400
2006-02-15,89.26946258544922,89.3530293719011,88.60098673214638,88.90737349045871,85471300
2006-02-16,89.93794250488281,89.97276111332624,89.2555317798637,89.36694707682366,61017900
2006-02-17,89.6942138671875,89.93793347667877,89.53406103460131,89.8613367958512,40342600
2006-02-21,89.47139739990234,90.10504928395574,89.33212297469363,89.9031183676381,46456300
2006-02-22,90.0145492553711,90.27914733379379,89.58281758767845,89.66638438231342,42326700
2006-02-23,89.88220977783203,90.27215258324411,89.32514407360996,90.01451407791353,43423200
2006-02-24,90.11203002929688,90.160767583762,89.65940934417385,89.9031289919438,36777400
2006-02-27,90.14683532714844,90.55069714786922,90.02149047318782,90.10504662573052,35858600
2006-02-28,89.29035949707031,90.46019898419351,89.22073289822818,89.96580019421586,74394800
2006-03-01,90.08415222167969,90.16771899439125,89.47834890153699,89.54798610793897,48641600
2006-03-02,90.07720184326172,90.11897992126151,89.55495461797035,89.756885536685,60642300
2006-03-03,89.6594009399414,90.57160169670637,89.58280425426335,89.59673382215404,73402500
2006-03-06,89.24858856201172,89.95187783000152,89.02576324008504,89.92402931326357,57478400
2006-03-07,89.10929870605469,89.17196581927692,88.71239105126102,89.03270202595651,61780800
2006-03-08,89.29730224609375,89.43656602627529,88.55918933592811,88.92127835194371,66692400
2006-03-09,88.69847106933594,89.60369644888559,88.69847106933594,89.32516883214646,56313600
2006-03-10,89.54103088378906,89.71511330356086,88.74025600289784,88.9282626787189,60490800
2006-03-13,89.70814514160156,89.9379351884578,89.49924413308256,89.71510461266509,45479100
2006-03-14,90.64820861816406,90.68302723333004,89.55497635296969,89.62461358330162,69877300
2006-03-15,91.05205535888672,91.12169256947145,90.41840349321052,90.6272938746716,53398900
2006-03-16,91.24008178710938,91.54646856200398,91.10777744111867,91.22615221775554,65526400
2006-03-17,91.31627655029297,91.51202334955659,91.14849967515302,91.35822076907796,47286800
2006-03-20,91.16944885253906,91.51200033138757,91.02963126929082,91.33023853990464,45538500
2006-03-21,90.59622192382812,91.57496676301952,90.49834850664922,91.14151820059661,87102700
2006-03-22,91.14848327636719,91.23935884491814,90.49831599997184,90.54026021121052,51605700
2006-03-23,90.959716796875,91.15546354615515,90.64512456891745,91.06457731706159,46704200
2006-03-24,91.0296401977539,91.281316139245,90.7010629778239,90.87583764087607,43209200
2006-03-27,90.89681243896484,91.0785742536584,90.70106566394126,90.90379958543026,32523000
2006-03-28,90.33755493164062,91.25337272526264,90.21870940633262,90.83390914513865,82079900
2006-03-29,90.90377807617188,91.23235522808622,90.38644134036284,90.47034041509195,61505700
2006-03-30,90.74301147460938,91.56794280281339,90.5682368033052,90.95973036024266,70571700
2006-03-31,90.76398468017578,91.05061770475925,90.44239458742857,90.89681513875834,62925600
2006-04-03,90.6940689086914,91.49104097841833,90.52629205236951,90.9317705674796,61624700
2006-04-04,91.27433776855469,91.3931832846584,90.4354213406807,90.69408448352988,54809300
2006-04-05,91.58892822265625,91.77768788197326,91.14850324078442,91.30929297488363,50607200
2006-04-06,91.49107360839844,91.72877535196216,91.01569145607723,91.4770993103206,57906200
2006-04-07,90.56124877929688,91.8615729010654,90.42842897536289,91.62388188257236,80180900
2006-04-10,90.7010726928711,90.93876369990556,90.36549762334008,90.7010726928711,41496500
2006-04-11,89.93206787109375,90.92478687227788,89.65941976983474,90.77798210020048,72799400
2006-04-12,90.09984588623047,90.27462056514237,89.91108624613366,90.02294460081325,43033700
2006-04-13,89.98101043701172,90.35851909197939,89.70136451907175,89.89711132792921,51051800
2006-04-17,89.946044921875,90.40045482820199,89.49862216256535,90.06489042556976,64167700
2006-04-18,91.37220001220703,91.53998754424576,90.13479229849602,90.13479229849602,92531800
2006-04-19,91.54698181152344,91.63088091776827,91.05062765849459,91.40716419098294,87269000
2006-04-20,91.67281341552734,92.18315246557638,91.30229196814113,91.58192717346681,86005500
2006-04-21,91.68681335449219,92.13423620860227,91.31629180346675,92.06433272141768,72342600
2006-04-24,91.51901245117188,91.63087080221598,91.14849099731285,91.50502749044149,52546400
2006-04-25,91.14147186279297,91.66579575983424,90.8268796580476,91.60986659739552,84359800
2006-04-26,91.16244506835938,91.67978182662951,91.09254161501289,91.23235918910298,67262400
2006-04-27,91.60289764404297,92.02236111193722,90.59619385501607,90.81291273538176,124478600
2006-04-28,91.91053771972656,92.10628456788275,91.3792263700745,91.43514489748785,55854400
2006-05-01,91.16244506835938,92.14118942178419,91.10652657264104,91.91048562420686,64990300
2006-05-02,91.84760284423828,91.90353202777027,91.4001800433835,91.58892903697777,49063500
2006-05-03,91.50502014160156,91.80563810246478,91.19741503463402,91.68678194690118,60821300
2006-05-04,91.83357238769531,92.01533414357978,91.56092442017076,91.63782567600568,42921400
2006-05-05,92.64457702636719,92.84032383922214,92.17618210507847,92.31599973320326,62588200
2006-05-08,92.53269958496094,92.81933259734953,92.53269958496094,92.63756011759138,30016700
2006-05-09,92.71448516845703,92.81935639537454,92.49776623385671,92.57466753330216,29864000
2006-05-10,92.6655044555664,92.80532201627366,92.20409690457598,92.56763109633172,64378200
2006-05-11,91.54698181152344,92.6655441106487,91.24637446073142,92.6375741861002,80626900
2006-05-12,90.35150146484375,91.38616434368262,90.31654440346865,91.13448843613831,91726500
2006-05-15,90.53325653076172,90.70104401247147,89.91105928709173,90.03689189782656,84029300
2006-05-16,90.40042877197266,90.8828084621321,90.19069708050372,90.71502097547757,62137600
2006-05-17,88.68064880371094,90.25362585367687,88.62471964037822,89.95300793418814,144789500
2006-05-18,88.23326110839844,89.30987392729206,88.16335229339509,89.03023333357801,87906300
2006-05-19,88.85542297363281,89.1280709763291,87.94659807587803,88.69463329701631,124309400
2006-05-22,88.17731475830078,88.90437802694673,87.73688450918337,88.28218062724292,110852800
2006-05-23,87.5062026977539,89.22598524685648,87.5062026977539,88.91139289451736,92006500
2006-05-24,88.20529174804688,88.7086437227852,87.219565242268,87.86273483945568,168405000
2006-05-25,89.2958755493164,89.2958755493164,88.38704514398786,88.72960199917189,78977900
2006-05-26,89.75032043457031,89.75032043457031,89.14210246981817,89.49164658704767,62989700
2006-05-30,88.15636444091797,89.48465333053326,88.12141269843131,89.46368121830108,72419900
2006-05-31,89.14210510253906,89.14210510253906,88.22628188713546,88.5199074882023,86926200
2006-06-01,89.99497985839844,90.14179529079081,88.97429631484816,89.0511976046917,73721700
2006-06-02,90.1837158203125,90.48432308602935,89.70833391153305,90.35849046337513,91702600
2006-06-05,88.86944580078125,90.08587627990897,88.6247569416382,90.0788891318255,86105100
2006-06-06,88.65272521972656,89.05121135878063,87.91867461289068,88.93236583201211,130498600
2006-06-07,87.98858642578125,89.23997407471117,87.9396497169941,88.72264239128971,108599400
2006-06-08,87.91165161132812,88.43597557720086,86.59734812367219,87.79280612581812,204957200
2006-06-09,87.63202667236328,88.75757607919456,87.59008245442179,88.3381178986792,94972200
2006-06-12,86.6812515258789,88.03750479212314,86.56240601982867,88.0025477215436,95815900
2006-06-13,85.67456817626953,87.27549988602334,85.67456817626953,86.50649220003349,185688800
2006-06-14,86.3387222290039,86.42960317437546,85.52776486894327,85.87731435165178,163566400
2006-06-15,88.17031860351562,88.33810077646119,86.59035425165577,86.6532705663732,134057000
2006-06-16,87.52783203125,88.16682103185609,87.39441444943408,87.97723241946919,94253500
2006-06-19,86.83967590332031,88.11064110292763,86.75541668733563,88.05446472075472,95804400
2006-06-20,87.13459777832031,87.64017452598205,86.87479137435936,87.07842675090505,65494700
2006-06-21,87.78060913085938,88.26511568121937,87.04330886770028,87.07139705801129,75008200
2006-06-22,87.3944320678711,87.81574434710238,87.09951400813684,87.73850313756108,74566100
2006-06-23,87.38037872314453,87.98426153864061,87.09247873463511,87.30313752414325,54107000
2006-06-26,87.76656341552734,87.81571640984576,87.24694528169337,87.45058064594814,37899600
2006-06-27,87.00819396972656,87.97721233107293,86.90988263480617,87.78060037578011,69780200
2006-06-28,87.5980224609375,87.61206387487317,86.825616119911,87.20479858345642,62368100
2006-06-29,89.3675308227539,89.42370719025007,87.89293599825582,87.91400079674857,110634800
2006-06-30,89.37457275390625,89.6414078762467,89.1498725945679,89.55714330751692,54227800
2006-07-03,89.73971557617188,89.88716919903686,89.39563926523864,89.47990383557882,23914000
2006-07-05,89.22708892822266,89.49391861898079,88.8408831256898,89.38157124923579,69653400
2006-07-06,89.4869384765625,89.77483308620091,89.23415009102501,89.3184093146874,50100300
2006-07-07,88.90410614013672,89.57118322024238,88.67940598456987,89.31137684624983,81626500
2006-07-10,89.0726547241211,89.47992554365865,88.76369527246828,89.1358545065273,60964100
2006-07-11,89.46585083007812,89.46585083007812,88.43363274553717,88.90409781512662,73640800
2006-07-12,88.51089477539062,89.45884852387888,88.27917120032515,89.2833013350005,82561300
2006-07-13,87.07139587402344,88.25107306467216,87.07139587402344,88.08956731189862,102405700
2006-07-14,86.734375,87.25399866977408,86.24986827720582,87.1627106794556,103242500
2006-07-17,86.60797119140625,87.14163622362933,86.47455895130734,86.73436540016235,81159000
2006-07-18,87.05036163330078,87.10653803288183,85.94090184931864,86.86779101330056,122771000
2006-07-19,88.25811004638672,88.65835743929814,86.87479728362831,87.19780348165548,133565300
2006-07-20,87.65425872802734,88.68647746903494,87.53488787754709,88.5600832281508,112259800
2006-07-21,87.03629302978516,87.90701093312353,86.94501042131299,87.87892274037632,101560000
2006-07-24,88.62328338623047,88.70052461382386,87.38041106843446,87.38041106843446,92884000
2006-07-25,88.9392318725586,89.38863225522466,88.27917271670992,88.4617432963165,95480700
2006-07-26,89.05857849121094,89.49393198022027,88.60215484478535,88.8900493755231,84525800
2006-07-27,88.97433471679688,89.66248204008164,88.61621695889997,89.44479988745512,87257100
2006-07-28,89.8660888671875,89.97843624425585,89.07963579861612,89.20602994611379,82137000
2006-07-31,89.77481842041016,89.85205960099918,89.49394188711138,89.6414062189808,49593100
2006-08-01,89.33245086669922,89.44479827743828,88.89709192655764,89.4167100854348,65225600
2006-08-02,89.93633270263672,90.20316784536519,89.56417353754154,89.58523834201488,64770900
2006-08-03,90.17509460449219,90.26638258746848,89.28331708487846,89.41672932901336,63693800
2006-08-04,90.02059173583984,90.88428086112371,89.51502035769246,90.63852123792238,96294200
2006-08-07,89.80992889404297,89.9363230646128,89.45883457104614,89.80992889404297,45377300
2006-08-08,89.46585083007812,90.20315099254275,89.14283936425305,89.94333392833097,90901300
2006-08-09,89.1639175415039,90.30146508831898,88.90410581119835,90.00653642516906,78910600
2006-08-10,89.43780517578125,89.52908780727898,88.67241646286081,88.88307528296494,69322300
2006-08-11,89.18498229980469,89.3183945009016,88.74962340641265,89.29732969847969,47482200
2006-08-14,89.25521850585938,89.99251888636799,89.12180091996582,89.62035432346889,57839000
2006-08-15,90.32254791259766,90.49106636568051,89.80994773627751,90.05571274248224,68143000
2006-08-16,91.07386016845703,91.20727771809047,90.61041311642968,90.807035783738,71737600
2006-08-17,91.30560302734375,91.54434463273962,90.92642581374739,90.9896202302551,70992800
2006-08-18,91.76905059814453,91.76905059814453,90.99663867767607,91.41795621875889,58288400
2006-08-21,91.37580871582031,91.48113272319308,91.14408518505215,91.41090957524587,42133600
2006-08-22,91.36878204345703,91.64966392706492,91.05981732876249,91.27750480651422,60839900
2006-08-23,91.11598205566406,91.59347583947239,90.71574015520046,91.4108999598338,66592100
2006-08-24,91.03876495361328,91.35475845512386,90.86321777035174,91.27751726590678,57983000
2006-08-25,91.15113067626953,91.46009547704611,90.96856543697032,91.03175986043337,41756000
2006-08-28,91.58646392822266,91.86032779801059,91.03173958821758,91.03875761774461,52681500
2006-08-29,91.69181823730469,91.86736544390516,91.15112984090091,91.6286238144208,61817800
2006-08-30,91.74797821044922,92.0148026308377,91.67073702478562,91.89543183745747,50052200
2006-08-31,91.73394775390625,91.97971812870308,91.69181813869564,91.88141212169458,37510300
2006-09-01,92.28163146972656,92.39398422567169,91.87436076533689,92.08501950409686,48794500
2006-09-05,92.45720672607422,92.58360629355614,92.1271771017987,92.34485393599068,52348300
2006-09-06,91.64265441894531,92.09908355765587,91.51626558070429,92.06397197551651,53795600
2006-09-07,91.2213363647461,91.68478347710118,90.82811240803846,91.32666038366806,86269400
2006-09-08,91.48110961914062,91.60750911061312,91.16512696227738,91.340674073262,45096300
2006-09-11,91.57245635986328,91.76906839328068,90.9194151160073,91.18625032473902,68496600
2006-09-12,92.47123718261719,92.57656120813631,91.54434289984934,91.67776047520682,69875600
2006-09-13,92.84341430664062,93.00491474850662,92.35188423494934,92.436143471653,62898400
2006-09-14,92.85041809082031,92.85744683583508,92.51337048117173,92.66083483732754,57805400
2006-09-15,93.06835174560547,93.37161567074618,92.87086429740613,93.31519222292813,76703100
2006-09-18,93.19530487060547,93.37162412537516,92.84971525705448,92.94845360925858,64154100
2006-09-19,92.96253967285156,93.18823342995876,92.44064169246484,93.18117377400499,92089100
2006-09-20,93.45623016357422,93.63960902938328,93.13885773801233,93.2728620594357,75204100
2006-09-21,93.0048828125,93.62553007139822,92.68751028662665,93.52679171308931,88932500
2006-09-22,92.7227554321289,92.87085755543656,92.39127442630691,92.86380866059812,65966800
2006-09-25,93.43509674072266,93.69605655646377,92.42655576616727,92.90613897490523,92299100
2006-09-26,94.21089172363281,94.22500027521983,93.3786593667458,93.44919136300919,73962700
2006-09-27,94.32373046875,94.48594113214396,93.99224948594227,94.14741125498719,82432200
2006-09-28,94.28848266601562,94.50006791568914,93.99931651685091,94.32374866790668,58597500
2006-09-29,94.21089172363281,94.46479184384069,94.14035972736941,94.36605350607493,47966600
2006-10-02,93.85824584960938,94.38720349477512,93.76655641404598,94.18266717877536,51687400
2006-10-03,94.05571746826172,94.4154047734941,93.55496618920934,93.72423650079118,73108100
2006-10-04,95.15599060058594,95.21241406328372,93.85828324356248,93.96407051007385,80890500
2006-10-05,95.33934020996094,95.50156166924272,95.03607626392402,95.15597206317162,60505900
2006-10-06,95.21942901611328,95.2829121150644,94.78920968287558,95.17711412459339,64983600
2006-10-09,95.27586364746094,95.42397654684555,94.9584911621197,95.1066040615043,41176800
2006-10-10,95.40280151367188,95.52974617974054,95.09952687527914,95.28290574182796,56403700
2006-10-11,95.2899398803711,95.5156228389918,94.71866744818274,95.09951214908534,104071800
2006-10-12,96.11515808105469,96.19273898909444,95.49451081673675,95.52977682251372,59158600
2006-10-13,96.36197662353516,96.41840006127524,95.9458551154109,96.03049565285619,53944000
2006-10-16,96.5101089477539,96.65822186340348,96.2138938781285,96.28442588780425,42273000
2006-10-17,96.20682525634766,96.41135082379505,95.68491647210688,96.2491401488077,90500600
2006-10-18,96.33379364013672,96.88390890083608,95.98821475888984,96.65116617335956,86848600
2006-10-19,96.48893737792969,96.53831192981245,96.07987545735072,96.19272235164951,64063200
2006-10-20,96.5101089477539,96.58768985372774,96.15042152642457,96.5101089477539,48094500
2006-10-23,96.95442962646484,97.18717232684664,96.19272917839882,96.31262497647316,66219900
2006-10-24,97.24359130859375,97.27884654748065,96.77810592922428,96.82042082522652,53234900
2006-10-25,97.5750503540039,97.61736524047036,96.98260965846364,97.14483107214502,78105400
2006-10-26,97.8783187866211,98.03348055202557,97.31409516348397,97.7936890097352,66843700
2006-10-27,97.2647476196289,97.85717768007993,97.0672709328119,97.75843933667142,80238000
2006-10-30,97.19420623779297,97.46926379371511,96.90504013083932,97.08841900923494,49717800
2006-10-31,97.18010711669922,97.51158814724155,96.7992622952635,97.37759456528964,71274100
2006-11-01,96.52421569824219,97.5468652493875,96.42547734354554,97.4833928988697,83005600
2006-11-02,96.46774291992188,96.62995354219801,96.17152800728667,96.27731520406066,60693100
2006-11-03,96.29853057861328,96.89802041877955,95.64967693747687,96.81339061044531,71346400
2006-11-06,97.3846435546875,97.52569679381202,96.58767714920906,96.5947368062523,63303300
2006-11-07,97.75845336914062,98.01940243667624,97.32823393360484,97.46928719276805,63318900
2006-11-08,97.96997833251953,98.06871662932203,96.52415910231608,97.32817402246978,87517800
2006-11-09,97.45519256591797,98.13226337300667,97.2577158225328,98.04057389869376,95916300
2006-11-10,97.49749755859375,97.56801880246111,97.13075050079486,97.42696555305326,48991500
2006-11-13,97.7373046875,98.06172613651562,97.377617230111,97.45518738218772,59398200
2006-11-14,98.47074890136719,98.55538944005527,97.41283364196558,98.01232326029469,96704000
2006-11-15,98.75289154052734,99.056155494098,98.40730192587104,98.43551903326147,76509600
2006-11-16,99.00677490234375,99.21834936351222,98.37907889031052,99.04908979457744,76728800
2006-11-17,99.03497314453125,99.04202203876994,98.54833040029682,98.68938361676477,56353800
2006-11-20,99.09143829345703,99.26070868147096,98.69648481643299,98.95038501761631,69174200
2006-11-21,99.19012451171875,99.2112819538872,98.9432733375276,99.08433730087653,51367900
2006-11-22,99.38764190673828,99.55691227517558,99.09142683322844,99.26774609805625,45505300
2006-11-24,98.98565673828125,99.33123566977898,98.87985870404002,98.90807581784131,30998000
2006-11-27,97.62442016601562,98.98561008091701,97.59621382718528,98.93623553587555,84545100
2006-11-28,98.04756927490234,98.14630758185922,97.40576489884855,97.49745431304719,106652900
2006-11-29,99.0702896118164,99.11260452214766,98.08995472966349,98.3650124084927,90034900
2006-11-30,99.11254119873047,99.47928812341195,98.56947508586912,99.04906887378633,83994300
2006-12-01,98.8939437866211,99.20426739471974,98.01234751891955,99.11257793914336,126080000
2006-12-04,99.64859771728516,99.831976652585,98.90100570570014,98.91511426110966,87813200
2006-12-05,100.07875061035156,100.12107624842496,99.62737399257576,99.83895913627292,73374400
2006-12-06,99.99419403076172,100.19873043195494,99.79671728858052,100.0576663918181,53253200
2006-12-07,99.55687713623047,100.3608922695984,99.52161114337738,100.1704645175278,62857400
2006-12-08,99.74028778076172,100.07881778089005,99.28891086003237,99.53576215363773,79625500
2006-12-11,100.02947235107422,100.21284055947314,99.68388262888895,99.74030609955247,39779400
2006-12-12,99.95183563232422,100.05762285472136,99.36645455782853,99.93067818784479,77451600
2006-12-13,100.0576171875,100.38909814779696,99.83898309914882,100.31151726854299,55520200
2006-12-14,100.939208984375,101.02384951563741,100.03645556981961,100.0505641186416,64755200
2006-12-15,100.9484634399414,101.33852922883204,100.87754927391005,101.16122758130301,70857400
2006-12-18,100.67185974121094,101.33142740841852,100.53002060662153,101.090288975821,48954600
2006-12-19,100.86338806152344,101.10451576700659,100.13290595150085,100.38822082249375,65023600
2006-12-20,100.80660247802734,101.17539285516212,100.71440217833579,100.90589094629847,41469600
2006-12-21,100.43781280517578,101.01226829146054,100.22505952998254,100.89880348523464,48698400
2006-12-22,99.82083129882812,100.45911292519361,99.764093470897,100.45202475481503,62069100
2006-12-26,100.40945434570312,100.43072967428965,99.84208699958772,99.86336232817425,32696900
2006-12-27,101.06900024414062,101.13283704462803,100.58674508616114,100.61510858066487,39727100
2006-12-28,100.85626983642578,101.20377412559138,100.70024352722082,100.99810898434848,37288800
2006-12-29,100.43781280517578,101.09028143290855,100.30306184979906,100.74986537096787,45461200
2007-01-03,100.26051330566406,101.31723482177541,99.69315679769485,100.88461845038826,94807600
2007-01-04,100.47329711914062,100.74279908844264,99.72153985912324,100.16124448555593,69620600
2007-01-05,99.67189025878906,100.28180836432743,99.55842542784977,100.23216952984784,76645300
2007-01-08,100.13286590576172,100.28889219906043,99.46621007469122,99.87046296777396,71655000
2007-01-09,100.04771423339844,100.42359261761995,99.57253660193743,100.21791677923352,75680100
2007-01-10,100.381103515625,100.4023896708245,99.50169420391525,99.70027119827775,72428000
2007-01-11,100.82079315185547,101.14702206399225,100.35271429013036,100.40945210563933,54476800
2007-01-12,101.5867691040039,101.5867691040039,100.7853620898011,100.81372559558356,55370600
2007-01-16,101.3881607055664,101.7285767777279,101.22503542751184,101.46617384935674,44871300
2007-01-17,101.43071746826172,101.74277006220936,101.22504152150876,101.31015366089696,50241400
2007-01-18,101.0903091430664,101.60093878676336,100.9271946468293,101.53711278670986,68177300
2007-01-19,101.28887939453125,101.48745635246709,101.03356461695195,101.09029161496284,56973000
2007-01-22,100.97683715820312,101.48746676575571,100.65768553725748,101.4661914339105,60253600
2007-01-23,101.27469635009766,101.47327331610383,100.74987961329107,100.8917187573479,54064400
2007-01-24,102.09027099609375,102.11154632483913,101.35270101577905,101.3952516732698,55834700
2007-01-25,100.89167785644531,102.0689628359552,100.71437629284304,102.02641219215124,73583800
2007-01-26,100.79952239990234,101.16830198500499,100.40945666408965,101.1115749885525,67255600
2007-01-29,100.7427749633789,101.27467978280369,100.522922702811,100.84206343013962,66114600
2007-01-30,101.26761627197266,101.31726593356348,100.74989842973935,100.95557442542267,70407600
2007-01-31,101.94844055175781,102.21794250100851,100.99100739009678,101.15413268655539,91868600
2007-02-01,102.55838775634766,102.59385025790034,102.0619451995184,102.23214789235351,69312400
2007-02-02,102.70018005371094,102.79946851974717,102.3952264871822,102.6434422414572,49607000
2007-02-05,102.72856903076172,102.7923950205439,102.36686677873054,102.622181559492,45705300
2007-02-06,102.75689697265625,102.85618541850441,102.35974318926361,102.81363477337362,57081300
2007-02-07,102.98389434814453,103.09027100866525,102.53000256053305,102.92005753019826,55669700
2007-02-08,102.84913635253906,102.92005051417406,102.31723144292755,102.67892288567546,70641000
2007-02-09,102.08319091796875,103.06898757395466,101.69312515733411,102.87749877843711,79084400
2007-02-12,101.73567199707031,102.15410124202018,101.55128219971085,102.08318708378926,65657000
2007-02-13,102.59381866455078,102.76402130497267,101.95552629807032,101.96262528917643,64081800
2007-02-14,103.26757049560547,103.47323564218499,102.67892773590049,102.69311489755087,66039400
2007-02-15,103.40229034423828,103.50866697050375,103.13987663006623,103.31009005372132,38715200
2007-02-16,103.35267639160156,103.37395172420096,102.99807308609941,103.14701123592931,39841800
2007-02-20,103.57250213623047,103.6859777620692,102.83493221154131,103.23208608034558,56911800
2007-02-21,103.52995300292969,103.59378980692138,103.08316030477663,103.26755008325,63971600
2007-02-22,103.45195007324219,103.84201581777634,102.95550768094077,103.57961287219543,79067400
2007-02-23,103.04769897460938,103.3952032080015,102.85621020374884,103.35975154293571,71966200
2007-02-26,102.95549011230469,103.50867022956317,102.65762472775249,103.42356892587131,69192800
2007-02-27,98.93431854248047,102.26758732546311,98.57971525021351,102.04064684566177,274466500
2007-02-28,99.94844055175781,100.69310934514387,99.1470447763345,99.56547390404387,177536300
2007-03-01,99.65058135986328,100.175397960007,97.90593978116829,98.82081122048929,212828600
2007-03-02,98.34563446044922,99.7569588665155,98.33854629336999,99.32434259884096,162574000
2007-03-05,97.40949249267578,98.99101955803829,97.39530533620317,97.82082263571475,143750400
2007-03-06,99.07620239257812,99.37406799386625,97.67197575175163,98.42373333904624,143333300
2007-03-07,98.97682189941406,99.61511401339853,98.86334630293302,98.9980972210507,115144900
2007-03-08,99.8137435913086,100.1116090731027,99.33857645452031,99.67189361000588,117891600
2007-03-09,99.8420639038086,100.29595551137888,99.3456216489082,100.21794238406385,107765100
2007-03-12,99.99105072021484,100.23926655781449,99.4024078948134,99.58679773031326,80366900
2007-03-13,98.04779815673828,99.83500155825993,97.89886003093133,99.41656150081772,190605200
2007-03-14,98.77826690673828,98.83500471755252,96.98397557355759,98.17543713576399,231853800
2007-03-15,98.91304779052734,99.28183826161806,98.43788065548456,98.55844448184162,132435900
2007-03-16,98.63602447509766,99.41924998513309,98.34409397912522,99.19139861328591,121531600
2007-03-19,99.82514190673828,99.91770792783541,99.07751918258853,99.15584177015768,96161200
2007-03-20,100.37335968017578,100.43032252683813,99.65422411209893,99.73966294981639,82147400
2007-03-21,102.0252685546875,102.28159600720979,100.26659039921175,100.46595498844516,152368700
2007-03-22,101.94695281982422,102.3029625908635,101.66926563299582,102.160560855359,118942200
2007-03-23,102.09646606445312,102.39551292257002,101.92557748929161,102.01814349224006,74416800
2007-03-26,101.96116638183594,102.28157290899266,101.17082448708784,102.17477435479135,113787500
2007-03-27,101.7190933227539,101.93270131861341,101.38444333096996,101.90421445807002,99864600
2007-03-28,100.97863006591797,101.44143848383145,100.57988994323985,101.20647070003375,152907900
2007-03-29,101.08539581298828,101.54108779767813,100.53002154616483,101.49124122433437,139432700
2007-03-30,101.1067886352539,101.70488252391233,100.08147861780665,101.27767725968094,128194100
2007-04-02,101.2206802368164,101.43428822914753,100.7365013965623,101.2206802368164,79416400
2007-04-03,102.31004333496094,102.51652412810586,101.75466921320448,101.79738862802404,82417800
2007-04-04,102.42398071289062,102.49517612420239,101.93268565726453,102.31005501732903,63995200
2007-04-05,102.70171356201172,102.84411531263159,102.25313772622985,102.2958571649601,46822800
2007-04-09,102.84408569335938,103.10041311647527,102.63759397955695,102.9936036858538,50967400
2007-04-10,102.96515655517578,103.13604517334491,102.72307249452066,102.76579193292368,56620000
2007-04-11,102.54505157470703,103.14314534804564,102.20327439175179,103.11466934841039,106365700
2007-04-12,103.000732421875,103.18585356076503,102.06086156776978,102.34567585593236,115534400
2007-04-13,103.47067260742188,103.47067260742188,102.78712914895053,103.1716148749593,84287000
2007-04-16,104.45323181152344,104.56715750993297,103.82666219937624,103.83377848131963,83064600
2007-04-17,104.73091888427734,104.951643134544,104.41762864600754,104.64548004276833,108424100
2007-04-18,104.85910034179688,105.1652634695752,104.36068893346363,104.38204864635264,88345300
2007-04-19,104.83061981201172,104.95166181387677,104.2111663717157,104.3464518045515,102947700
2007-04-20,105.8203353881836,105.82033538818361,104.6953432661995,105.53553193192035,124114100
2007-04-23,105.42159271240234,105.8986444160987,105.35751357262687,105.64231699244277,77270800
2007-04-24,105.46429443359375,105.66365896690641,104.8946876895874,105.54261699057744,114471000
2007-04-25,106.4326400756836,106.5608091970275,105.39309799986538,105.89862560994692,108418800
2007-04-26,106.55371856689453,106.66052801537683,106.16211651612694,106.43980369889158,88741600
2007-04-27,106.46825408935547,106.61778293543995,105.97695899236061,106.15496383245711,108191100
2007-04-30,105.58534240722656,106.61777913462353,105.52839042123281,106.54657285530207,100874100
2007-05-01,105.85590362548828,106.42552121471256,105.1438843550959,105.67789880789019,134342700
2007-05-02,106.47537231445312,106.76730286503069,105.91288178988849,106.01968035007373,87129800
2007-05-03,107.05216979980469,107.08776209434124,106.61071018322852,106.78159882815079,86569700
2007-05-04,107.45794677734375,107.60034845823817,106.95953546193738,107.3369048053559,96409000
2007-05-07,107.47933959960938,107.65734447170696,107.37965730581695,107.42950388499075,63461400
2007-05-08,107.33695220947266,107.4579942349173,106.89550354437374,107.215910184028,80584000
2007-05-09,107.6288833618164,108.81083848354776,107.06638180402142,107.25863013455763,102070100
2007-05-10,106.50382995605469,107.52913931077082,106.28310574918811,107.32264766498885,153617800
2007-05-11,107.4152603149414,107.46509602949591,106.60355853380301,106.62491824926282,113408900
2007-05-14,107.18028259277344,107.7285405891148,106.65338430990148,107.41525030549117,108027500
2007-05-15,107.208740234375,107.98483858438512,106.93816945143338,107.30129534599882,180673300
2007-05-16,107.9421615600586,107.96352127609485,107.0734968927321,107.37254378179533,114166500
2007-05-17,107.72856903076172,108.19850458026586,107.59328356670231,107.7855319032371,101132800
2007-05-18,108.66841888427734,108.66841888427733,108.09168479432456,108.23408652963109,99182000
2007-05-21,108.61144256591797,109.10273772675203,108.58296656820575,108.63992942818481,174664600
2007-05-22,108.5259780883789,109.05287627038379,108.49750209738906,108.72534261896409,82148800
2007-05-23,108.54023742675781,109.29497624097276,108.48327457187601,108.90336340400641,133786600
2007-05-24,107.55767822265625,109.08852686979043,107.32983760195229,108.6043478958897,187593000
2007-05-25,108.00627136230469,108.24123916994724,107.64313435751231,107.8709858793082,83309200
2007-05-29,108.39788055419922,108.58300176071425,107.83537891994197,108.18427247618455,82020000
2007-05-30,109.28073120117188,109.32345062556546,107.75701016533084,107.8424598786715,129013600
2007-05-31,109.16683197021484,109.57267742454968,109.0244193824643,109.41603226966815,114866700
2007-06-01,109.70797729492188,109.93581790909326,109.30212092264652,109.5655755529952,107771700
2007-06-04,109.72220611572266,109.92868698433382,109.2807466506199,109.3234660810529,78008800
2007-06-05,109.28790283203125,109.57982263905951,108.83932696420653,109.46590774916069,126917900
2007-06-06,108.1130599975586,108.90340223595813,108.04898083717532,108.83932307557485,164096800
2007-06-07,106.16211700439453,108.58297907734578,106.13363013884589,107.91367897617943,232414600
2007-06-08,107.54341125488281,107.6502206894344,106.15497552214745,106.50386895839559,175886000
2007-06-11,107.72856903076172,108.1913774308583,107.30135291947487,107.46511438749344,102015600
2007-06-12,106.55371856689453,107.89943504714714,106.48252313246216,107.27998153126198,233898000
2007-06-13,108.14864349365234,108.27681265567816,106.60356245277941,107.15893680426164,193208200
2007-06-14,108.83926391601562,109.0243850113528,108.24828662973907,108.26964633825676,146396500
2007-06-15,109.45854949951172,109.88044889368072,109.35842668254347,109.5085999966165,154030800
2007-06-18,109.3298110961914,109.6873551197791,109.1653439005268,109.68020816740331,88537500
2007-06-19,109.6015853881836,109.68024553662833,108.9508524248117,109.08672094588731,110851700
2007-06-20,108.07845306396484,109.82327038832925,107.9497423980932,109.82327038832925,177119700
2007-06-21,108.67911529541016,108.77208026478333,107.44201560848263,108.03554019874717,205262000
2007-06-22,107.65653991699219,108.52894846865625,107.15598031637697,108.3501764033379,204964700
2007-06-25,107.14167785644531,108.1571019004591,106.56245809787377,107.43486666875822,232014400
2007-06-26,106.04044342041016,107.59219469509792,106.03329646522346,107.41342261299289,198445700
2007-06-27,107.54925537109375,107.67082996084078,105.87595168808672,105.92601309696836,213638000
2007-06-28,107.53498077392578,108.27152084130488,107.0272632859222,107.53498077392577,157705000
2007-06-29,107.57069396972656,108.44310229482566,106.65538210591407,107.9067862381522,199701800
2007-07-02,108.54325103759766,108.63621601062214,107.8138688091007,107.88537109410414,103357000
2007-07-03,108.93653869628906,109.05095543219515,108.68626436179757,108.82212196038299,54048400
2007-07-05,108.82213592529297,109.09387298009621,108.42884607613908,108.97945622950728,89279000
2007-07-06,109.39419555664062,109.53006406763505,108.6433507247213,108.96514916081571,81109000
2007-07-09,109.47998046875,109.66589942626548,109.13673036219902,109.52288400422455,72348100
2007-07-10,107.92108917236328,109.12958974480793,107.81383032745076,108.90075632715732,180362600
2007-07-11,108.68622589111328,108.72912942404676,107.6350456887365,107.79951286877372,175607600
2007-07-12,110.40249633789062,110.6599285953108,108.93656295289748,108.95801473173393,133882500
2007-07-13,110.73143005371094,111.16763436275507,110.40248462747199,110.53120619822002,111794300
2007-07-16,110.71711730957031,111.21767691247878,110.53834524343293,110.83153405062967,98378700
2007-07-17,110.65991973876953,111.18193116764913,110.60985831790249,110.78863040148694,126201300
2007-07-18,110.45967102050781,110.69565142710071,109.62301916697643,110.28804593079128,237887400
2007-07-19,110.8887710571289,111.21770563339255,110.6599375159161,110.98172513578578,145212700
2007-07-20,109.76604461669922,110.8315300202287,109.28693680623957,110.76001683182193,245502500
2007-07-23,110.1021499633789,110.63846620561993,109.62304209634274,110.25231240083254,121183900
2007-07-24,108.19287872314453,110.32383913188178,107.80672487098494,109.4943339567228,256732400
2007-07-25,108.41452026367188,108.97228817557271,107.44199989472533,108.70770903852176,265214500
2007-07-26,105.84736633300781,107.83531080472878,104.68176898821876,107.39910653366017,467592500
2007-07-27,103.7665023803711,106.45523146384366,103.72359881217835,105.9832813023379,422987600
2007-07-30,105.38971710205078,105.69719983346046,103.89517426301899,104.35283033837443,283017500
2007-07-31,104.20272064208984,106.8771561645944,103.71645467827672,106.06910248533613,316976700
2007-08-01,104.7103500366211,105.12510246296375,102.93693452266342,103.81648987072201,467670000
2007-08-02,105.54698181152344,105.66138758657104,103.87366777886486,104.94629966348856,294758400
2007-08-03,102.82965850830078,105.5326903260191,102.40060133571365,105.31816173972553,359398200
2007-08-06,104.5531005859375,104.99645199058486,101.92156907596947,103.12292350112895,324980000
2007-08-07,105.66859436035156,106.54814985768135,103.85226408461916,104.3599815460224,232568700
2007-08-08,107.14167785644531,107.68514101888924,105.36110411854881,106.12625381243154,274930600
2007-08-09,103.96672058105469,106.512433993238,103.89520736374774,105.42549637620542,357622100
2007-08-10,103.48046112060547,104.76046472822095,102.34346211861622,103.25162756428061,411018400
2007-08-13,103.85228729248047,105.03933667825183,103.70212483594048,104.76045263329429,181917200
2007-08-14,102.26473999023438,104.44576076527207,102.05736925291247,104.1883286260647,264134500
2007-08-15,100.8560562133789,103.30166797555702,100.5557204153565,102.05741031685082,323834000
2007-08-16,101.61402130126953,102.2146926742829,97.96706770112877,99.96215865841539,546743700
2007-08-17,103.48046112060547,104.26705191985695,101.1063620749655,104.04537623178258,388218100
2007-08-20,103.43035125732422,104.02387574081749,102.46497787461286,103.8093471100617,187320400
2007-08-21,103.63774108886719,104.38143902411751,103.07282613828596,103.40177155414311,157066400
2007-08-22,104.86766815185547,104.9749379163947,103.92375750990705,104.41001219273953,173156700
2007-08-23,104.77471160888672,105.58275374324218,104.12397881827582,105.36107817776293,203915300
2007-08-24,106.06900787353516,106.06900787353516,104.60307524255377,104.74609066503011,128901900
2007-08-27,105.08222198486328,106.06904731625117,104.92490168822516,105.72580799239591,113024300
2007-08-28,102.77249145507812,104.58166398303655,102.58657242498342,104.51730865470164,219790700
2007-08-29,104.78904724121094,104.93207364745959,102.94412880809118,103.23730675358209,207654200
2007-08-30,104.5101318359375,105.25382964421296,103.90946039097778,104.00957229847107,191817300
2007-08-31,105.53987121582031,106.19060413599108,104.99640807897896,105.58277476459982,185477500
2007-09-04,106.60537719726562,107.24895237590484,105.40402304272094,105.43977964406373,120062000
2007-09-05,105.68295288085938,106.09055867234571,105.1180376157715,105.97614186301051,166261800
2007-09-06,105.92604064941406,106.26928000181313,105.20379443350029,105.79731907265048,127878400
2007-09-07,104.45296478271484,105.03933157971458,103.87373403002626,104.74614272552334,235447600
2007-09-10,104.25274658203125,104.91778455436827,103.20872349274103,104.77476903806085,192305900
2007-09-11,105.46845245361328,105.61861499324786,104.49593123612375,104.57459144163354,162081900
2007-09-12,105.7400894165039,106.14769493095048,105.10366135029969,105.32533694810182,149554600
2007-09-13,106.48380279541016,106.86994568156497,105.97608529461414,106.22637056751304,154079000
2007-09-14,106.47663879394531,106.6125073107543,105.6471446952997,105.80446498724893,121911000
2007-09-17,105.90457916259766,106.29786898946107,105.56848679640504,106.05474159177572,109870800
2007-09-18,109.02233123779297,109.05092995939897,105.92599860564599,106.42655806908567,263759500
2007-09-19,109.66590118408203,110.40244098520714,109.20109832715441,109.70165776800971,193779900
2007-09-20,108.89361572265625,109.71596267859933,108.77205205420945,109.65160736790017,175186800
2007-09-21,109.18749237060547,110.01374063532894,109.02224491028944,109.71917193558562,141457500
2007-09-24,108.98635864257812,109.79824548708945,108.74925865356649,109.5108465777659,139450200
2007-09-25,108.7707748413086,108.96476766807683,108.10977402162295,108.35405478828302,142289900
2007-09-26,109.34556579589844,109.76228586529818,108.77077911523862,109.3886728783977,135547000
2007-09-27,109.9921875,109.99937932209023,109.34555937419827,109.86286626009704,102713300
2007-09-28,109.62581634521484,110.06409012997278,109.1947234226781,109.81980925667123,133372100
2007-10-01,110.86151123046875,111.18482516918911,109.56824451244808,109.64009692689224,148162300
2007-10-02,110.710693359375,111.11304081517947,110.50951963147276,111.08430640968454,112978800
2007-10-03,110.48794555664062,110.94059184188677,109.93471242613354,110.5094990975434,119055900
2007-10-04,110.66043090820312,110.8328593071968,110.35147842142538,110.72509155782576,76864400
2007-10-05,111.97523498535156,112.15485518201517,111.09868754858141,111.38607547798448,134579700
2007-10-08,111.37882995605469,111.71651660679058,111.19920986366922,111.64466418458024,71280400
2007-10-09,112.42784118652344,112.44221386819967,111.38604650944686,111.79558571364012,94054300
2007-10-10,112.24102020263672,112.39908678351364,111.6590527744726,112.11168801685471,101711100
2007-10-11,111.70223236083984,113.17512047706755,111.03403938734571,112.7512083914534,233529100
2007-10-12,112.32006072998047,112.33443341002496,111.55847313476285,111.69498618732877,124546700
2007-10-15,111.3716812133789,112.34163447268458,110.60291262145032,112.27697384556943,161151900
2007-10-16,110.48794555664062,111.01962514624492,110.26521832521598,110.94059184188677,166525700
2007-10-17,110.82565307617188,111.42917426079632,109.5467582483575,111.35014094163269,216687300
2007-10-18,110.4233169555664,110.78255735898063,109.98504322487517,110.25087761519463,148367500
2007-10-19,107.53499603271484,112.42784743516862,107.52781517304958,109.99219850501188,297169900
2007-10-22,108.16006469726562,108.31813130631284,106.80932862424035,106.95302255160765,261989800
2007-10-23,109.03658294677734,109.17309597861953,107.9516814756826,108.82104759454336,180085100
2007-10-24,108.83540344238281,109.02221535510333,106.93861570298499,108.64142163582902,326694200
2007-10-25,109.09412384033203,109.41743801303564,107.68590758846607,108.95761073197676,237374500
2007-10-26,110.37299346923828,110.3729934692383,109.13720587951126,109.970646061075,176484000
2007-10-29,110.73944091796875,110.96216819518325,110.3227207696029,110.59573599821448,106841000
2007-10-30,109.97061157226562,110.46636481725541,109.83409853806366,110.25081849815447,132981600
2007-10-31,111.1130142211914,111.55847962333868,109.81256616166569,110.631633561558,220954400
2007-11-01,108.51211547851562,110.2221026782148,108.19598228564924,110.13587755816022,333040800
2007-11-02,108.63428497314453,109.20907175395241,107.20451532646345,108.87138493134576,331228200
2007-11-05,107.80799865722656,108.60551243181159,107.03203842007827,107.51341902806855,226841000
2007-11-06,109.2593765258789,109.28811093304425,107.70026359928089,108.39000996586164,177800500
2007-11-07,106.27046966552734,108.58397810698074,106.01181620737901,108.08822473193443,306639700
2007-11-08,105.73162841796875,106.62253751990026,104.23000630126813,106.32796874824494,374509900
2007-11-09,104.28025817871094,106.00460697439222,104.10063805569655,104.67542464197106,277745100
2007-11-12,103.24563598632812,105.33641667663836,103.24563598632812,104.33054845611524,243087800
2007-11-13,106.39260864257812,106.55785611102053,104.33775368652655,104.445521391349,191117400
2007-11-14,106.09805297851562,107.341021629081,105.4586055378396,107.2117003540246,230558800
2007-11-15,104.56766510009766,105.96871108616598,103.83482275773387,105.30771022825166,263111100
2007-11-16,104.74729919433594,105.23587178406892,103.87076280329094,105.12091223787931,308770600
2007-11-19,103.28880310058594,104.43837684641619,102.87927471671928,104.38089706280991,267746000
2007-11-20,103.92102813720703,104.5604753994031,102.10327319085832,103.47557369659548,414767500
2007-11-21,101.79434967041016,103.39656967214754,101.78716880948248,102.80022932075575,259012400
2007-11-23,103.55460357666016,103.7054783504644,102.52717070523057,102.79301595955258,77688400
2007-11-26,101.26982879638672,104.09346298808182,101.06147426588215,103.77013797815597,214232000
2007-11-27,102.43378448486328,102.9079733492468,101.26983845701008,101.83744427081704,293897900
2007-11-28,105.7100830078125,105.95436384726057,103.56182148136222,103.5977477137862,258596900
2007-11-29,105.74598693847656,106.1339726660188,104.97003740968356,105.3436394900222,199409900
2007-11-30,106.80929565429688,107.6786507725596,105.85371543571462,107.08231074307713,222908000
2007-12-03,106.10523223876953,106.65846548772885,105.82502518389464,106.47166443886101,146430400
2007-12-04,105.15682983398438,106.00463175045759,105.12090360835613,105.37237622460896,136533900
2007-12-05,106.91705322265625,107.19726010515032,106.21294558823462,106.2847870413816,171130000
2007-12-06,108.44744873046875,108.64144153569664,106.74465344886389,106.78776052488288,154457400
2007-12-07,108.4259033203125,108.84980421713243,108.16724988166685,108.79232445708415,148980100
2007-12-10,109.26654052734375,109.38868092445705,108.38999324157074,108.69175380440564,123914300
2007-12-11,106.27046966552734,109.84850003395921,106.21298990114504,109.30963957641218,250346400
2007-12-12,107.31945037841797,109.04381050338847,105.76034869517378,108.5336844219259,322435600
2007-12-13,107.09668731689453,107.33378716590381,105.83216575198595,106.56501883409274,237551300
2007-12-14,105.73881530761719,107.1254889168775,105.68852735374378,106.2848567548752,159152900
2007-12-17,104.2300033569336,105.52325988296572,104.07911758188546,105.33645884241892,177269400
2007-12-18,104.81199645996094,105.24307841902727,103.4325144572815,104.97006313389645,245569300
2007-12-19,104.81199645996094,105.5376582171024,104.13662266462708,104.85510355955273,198917200
2007-12-20,105.47295379638672,105.51606087808905,104.30900777470441,105.50168819647365,214813800
2007-12-21,106.9933853149414,107.20284566989447,106.24219358261352,106.44443496716437,146084400
2007-12-24,107.78794860839844,107.96852213867783,107.24622801756027,107.4918163949538,45601400
2007-12-26,108.01904296875,108.1129336708319,107.26063225360015,107.36897191805197,67093100
2007-12-27,106.66117858886719,107.64349909933215,106.4083822425766,107.63628012532419,122981700
2007-12-28,106.39389038085938,107.34009359715695,106.10496621700482,107.28952773548369,116398100
2007-12-31,105.60661315917969,106.61782037525333,105.49826244374404,106.24945439396909,108126800
2008-01-02,104.68203735351562,106.16997187084087,103.92363766456941,105.83771186644248,204935600
2008-01-03,104.63150787353516,105.08655661424082,104.06090047059595,104.66762477731574,125133300
2008-01-04,102.06735229492188,103.60584187471103,101.7784391348225,103.53360807402089,232330900
2008-01-07,101.98067474365234,102.73185552993151,101.19337705908487,102.42849342270358,234991000
2008-01-08,100.33380889892578,103.2157533747041,99.99433001751278,102.62347834034745,326365700
2008-01-09,101.38837432861328,101.69173639352472,99.45985125939367,100.46383917231313,301824900
2008-01-10,102.05291748046875,103.14358850692958,100.66611428131213,100.89002366463446,335701200
2008-01-11,101.22943878173828,102.49345252118152,100.39880559006279,101.6844872547619,267076600
2008-01-14,102.04568481445312,102.4646166133985,101.41006263380073,101.95901307030257,170365500
2008-01-15,99.7993392944336,102.19736015135346,99.60431687020711,100.9694517971336,239940100
2008-01-16,98.93983459472656,100.48554340074651,98.43423097057656,99.21430985697903,378802600
2008-01-17,96.3756332397461,99.58984869293394,96.01448642669813,99.5392828488707,397892600
2008-01-18,95.38611602783203,97.52411049301308,94.69272016222041,97.32186911376564,348561500
2008-01-22,94.41824340820312,95.65335959489073,91.00901589916312,91.88299070802617,435923700
2008-01-23,96.68629455566406,96.9246529457416,91.61578657886453,91.7963601148626,511913000
2008-01-24,97.50245666503906,97.84193567673852,96.2889971926957,97.13407972565065,259949300
2008-01-25,96.09394836425781,98.78088179222637,95.77614839627061,98.60030836841841,269603900
2008-01-28,97.68302917480469,97.88527058131179,95.38612888471675,96.25287934422293,217934600
2008-01-29,98.16696166992188,98.5569955069719,97.4229998719465,98.30419926745068,168968300
2008-01-30,97.4446792602539,100.06659879942266,97.22076989957901,97.9286148833034,334939200
2008-01-31,99.22151184082031,100.06659440106,96.20954752981308,96.35400410893149,343680800
2008-02-01,100.81777954101562,100.83944747537568,99.32985593453286,99.63321803690343,206843600
2008-02-04,99.54656219482422,100.61555420549037,99.41654354657301,100.55055039203054,124694300
2008-02-05,96.88130187988281,98.41256169838177,96.54904177632227,98.18865231224265,286882500
2008-02-06,96.10118865966797,97.69023275530374,95.63892108600432,97.20629725016587,250792900
2008-02-07,96.73682403564453,97.35799727736584,95.1477795400157,95.19834540706947,297368100
2008-02-08,96.1156234741211,96.94625678191616,95.41499773603586,96.13006141209328,221643500
2008-02-11,96.60682678222656,96.95352483162152,95.3716991380919,96.13734006994865,188576300
2008-02-12,97.50245666503906,98.45587887350229,96.77293277884955,97.44467183099127,256654400
2008-02-13,98.4991683959961,98.99755271148514,97.61075041087324,98.23914227579856,181967800
2008-02-14,97.63241577148438,98.95421426266138,97.35794070145018,98.91809738165824,215207200
2008-02-15,97.61077880859375,97.66856363226276,96.72236056500503,97.14851124056982,154110300
2008-02-19,97.88528442382812,98.87482366141215,97.22799424906385,98.75203500590645,145190000
2008-02-20,98.17420959472656,98.62925838993075,96.6140517437404,96.78018731676183,220085700
2008-02-21,97.35798645019531,98.9614797325625,96.83794500041529,98.70868348940039,201051200
2008-02-22,97.95748901367188,98.12362453555265,95.96396194306875,97.48800241681126,205491000
2008-02-25,99.192626953125,99.42375528015418,97.35077522320573,97.89971464356445,190107000
2008-02-26,99.93657684326172,100.36272756672766,98.59310985059818,98.77368331186302,212420700
2008-02-27,99.8354721069336,100.49998122806659,99.25041576231277,99.35875544786063,168395800
2008-02-28,98.86034393310547,99.64765251192557,98.62921565975996,99.12760012023794,170831100
2008-02-29,96.6573715209961,98.0008275463273,95.90617971999751,97.94305373517037,252715200
2008-03-03,96.42622375488281,96.65013307284858,95.51613752082974,96.16619754210637,189483500
2008-03-04,96.05785369873047,96.35398577210152,94.61326613980043,95.50890337268686,282513100
2008-03-05,96.66461181640625,97.34356997124297,95.58838973891693,96.36846861758048,270681400
2008-03-06,94.66385650634766,96.22401430073256,94.29549050822867,96.05065976091227,247911700
2008-03-07,93.68873596191406,95.15499153043082,92.8725404209252,93.73207182757206,326434600
2008-03-10,92.45361328125,93.84763512876816,92.1574701560894,93.78263132704888,235683600
2008-03-11,95.77617645263672,95.8628481946292,93.13979707995176,94.41826038099262,341440600
2008-03-12,94.8805160522461,96.62124679285422,94.73605949340076,95.8772850445382,229161100
2008-03-13,95.08999633789062,95.80507133283125,92.88700855581709,93.61652149473781,351504200
2008-03-14,93.6164779663086,95.92781538152842,92.29467929885645,95.89892848566836,484687800
2008-03-17,92.67029571533203,93.36369158368905,91.05957813452378,91.42072503051389,405311100
2008-03-18,96.52012634277344,96.56346220840335,93.88374729655382,94.34601489882127,334416600
2008-03-19,94.12933349609375,97.25685595763258,93.92708109206337,96.88849008656794,345971600
2008-03-20,95.87287139892578,96.47534457962247,93.82591352649422,94.39935679255525,245320700
2008-03-24,97.7891845703125,98.58038002830787,96.71490032111261,96.76570544984438,208977300
2008-03-25,97.88350677490234,98.39161321112363,97.09956638363683,97.89076148260207,192947200
2008-03-26,96.68583679199219,98.05773001054473,96.62051118060684,97.60043965495525,196934300
2008-03-27,96.38096618652344,97.58591240054777,96.07610227861811,97.41169970636274,225153200
2008-03-28,95.45912170410156,96.80198509977791,95.1324825493376,96.53341685099977,180896100
2008-03-31,95.79298400878906,96.34464075628239,95.15421540314257,95.29938706554735,166692100
2008-04-01,99.16104888916016,99.32799579993465,96.9108486445661,96.98344003667225,254547300
2008-04-02,99.22636413574219,99.93045847726617,98.70373717964418,99.48042290569464,210910800
2008-04-03,99.47317504882812,99.76352956337169,98.5077781311609,98.68924554929106,175884800
2008-04-04,99.36428833007812,100.14097411248018,98.80536564116483,99.5312352355334,204446800
2008-04-07,99.41512298583984,100.58377369290184,99.25543075934245,100.07565602174117,154245500
2008-04-08,99.31352233886719,99.38610268135979,98.68200801139864,98.85622076999262,148937300
2008-04-09,98.59484100341797,99.29893520086412,97.91252200169588,99.1610182440197,195610600
2008-04-10,98.73283386230469,99.20464490022052,97.91985198536072,98.29730746123127,192967800
2008-04-11,96.81652069091797,98.0795270963861,96.54794132437002,97.62223663877278,222973300
2008-04-14,96.48987579345703,96.93265685393834,96.21405277649313,96.67860904684277,160522000
2008-04-15,96.71488952636719,97.04152869885415,96.05434539531781,96.96168258327793,172389200
2008-04-16,99.33531188964844,99.3788623166102,97.64403349528581,97.65854292034174,189268900
2008-04-17,99.48042297363281,99.62559466689468,98.47146475301098,98.73277823123844,179665700
2008-04-18,100.51844787597656,101.30238859745393,100.35875563220002,100.85235286093507,218530600
2008-04-21,100.56925964355469,100.88137833069261,100.06115301571747,100.33697599888978,118587400
2008-04-22,100.1264877319336,100.3950560290647,99.37157689409698,100.30795519235079,162166000
2008-04-23,99.96676635742188,100.73618639329281,99.53124014894435,100.23533457631112,193309000
2008-04-24,100.40234375,101.43307782123696,99.47321995986391,100.22813096261876,229381300
2008-04-25,101.33137512207031,101.54187237977254,100.10465403424767,101.18619237784715,190788100
2008-04-28,101.35321044921875,101.80324621081978,101.17174298716738,101.53467791127011,105610200
2008-04-29,100.95396423339844,101.42577513154123,100.61280457133464,101.17898207946325,125514100
2008-04-30,100.35874938964844,102.05002726561189,100.35874938964844,101.10639435905416,208395900
2008-05-01,102.43476867675781,102.43476867675781,100.36604586630126,100.4458920076387,187279500
2008-05-02,102.7177963256836,103.34204458349686,102.028222466398,103.32026938300608,181585500
2008-05-05,102.22423553466797,102.79041303871466,101.91937157678845,102.38392776154197,118504500
2008-05-06,103.10980987548828,103.21868591784467,101.39675666174972,101.63629503082821,179339800
2008-05-07,101.27335357666016,103.10253742539707,100.99026480893465,102.99366139007716,199267300
2008-05-08,101.01205444335938,101.85406615640873,100.8813921064195,101.43306029988406,178321200
2008-05-09,100.82328033447266,101.1789604163561,100.49664123831768,100.60552832096323,152588200
2008-05-12,101.9556655883789,102.02824591473194,100.69990300006005,101.07735835513174,147865900
2008-05-13,101.97016143798828,102.26777064134095,101.42575922127111,102.20244503354884,159132200
2008-05-14,102.18067932128906,103.21866766114152,101.95566148962271,102.39844244337962,181910800
2008-05-15,103.45819091796875,103.53078230672266,102.22421484038843,102.37664125052441,166927000
2008-05-16,103.55261993408203,103.70504643610718,102.79045419626365,103.69779172321468,204236800
2008-05-19,103.83568572998047,104.74302305534574,103.2912833347613,103.66147297618811,165664400
2008-05-20,102.99365234375,103.3202914969135,102.34762874717588,103.26948637685786,178552100
2008-05-21,101.25154876708984,103.16057817555738,100.89586869587733,102.93556038442128,252724800
2008-05-22,101.2660903930664,101.74516711257448,100.89590078757055,101.20801948077204,170820400
2008-05-23,99.90869903564453,101.37495884240819,99.82159822118656,100.93217790909355,181376400
2008-05-27,100.64910125732422,100.89589431181498,99.82886490316533,100.02485283509309,168322900
2008-05-28,101.11363983154297,101.62174634810523,100.17000711456087,101.01927323707736,181288100
2008-05-29,101.62177276611328,102.29682636877321,100.95397387418612,100.99026957963859,173927200
2008-05-30,101.8758316040039,102.15892038503455,101.57822232561689,101.96293243635357,117362000
2008-06-02,100.82328033447266,101.52012000537532,100.17000214216272,101.49834480402437,181069900
2008-06-03,100.23536682128906,101.34594682669142,99.61111829546395,101.11367422977017,271965700
2008-06-04,100.18453216552734,101.01202312325442,99.77804693378658,99.95224856116583,246637700
2008-06-05,102.18793487548828,102.2677809850517,100.40230162655016,100.59102376011252,237867100
2008-06-06,98.9288101196289,101.47662072001941,98.87800498284798,101.29515323342277,384276300
2008-06-09,99.16831970214844,99.80708861356104,98.29002352484927,99.3425324259591,228263900
2008-06-10,98.6746826171875,99.51669373339853,98.24642235279805,98.47869478864638,260234900
2008-06-11,97.22298431396484,98.90699617057554,97.21571852877291,98.69649884195873,283890100
2008-06-12,97.59317016601562,98.62390371813805,96.91811672220182,97.7020572567509,252791800
2008-06-13,98.82715606689453,99.09573538979048,97.57140457644236,98.11580685608202,244726900
2008-06-16,98.88525390625,99.39336062379675,98.32634205489643,98.39166768803193,185832500
2008-06-17,98.40616607666016,99.53125531418526,98.26098326778558,99.49497068785989,191707700
2008-06-18,97.44801330566406,98.36987098343705,97.0560485165986,97.76739776573618,265893000
2008-06-19,97.57140350341797,98.16662197237335,96.90360471017779,97.37541558365307,304204900
2008-06-20,95.9876480102539,97.08918942386238,95.72502746466165,96.90681435418138,289275700
2008-06-23,95.89277648925781,96.46178562080203,95.79794905485848,96.35965606209632,165096400
2008-06-24,95.70315551757812,96.61503098194822,94.97365514608204,95.60102591082035,267300600
2008-06-25,96.15547943115234,97.31538279960273,95.73966984661017,96.08982704379778,287853900
2008-06-26,93.54383850097656,95.87094669047283,93.434417887264,95.25087799394605,297775000
2008-06-27,93.0331802368164,94.00341705362953,92.67572661796538,93.58030550808975,303423400
2008-06-30,93.36146545410156,94.03990106190365,92.86540494984149,93.29580752269028,258842600
2008-07-01,93.65325927734375,93.7189116378821,91.86598006552616,92.29638260411144,388622000
2008-07-02,92.04837036132812,94.22228423051182,91.88058280282307,93.95236148488611,288064600
2008-07-03,92.14319610595703,92.72679866718175,91.18025577588878,92.72679866718175,239352500
2008-07-07,91.20213317871094,92.8945738027978,90.39968389038155,92.49335194145614,372427300
2008-07-08,92.82161712646484,92.93104328519854,90.60393553433452,91.18024144239612,375973700
2008-07-09,91.03435516357422,93.18637910737984,90.74255389179218,93.01130057056915,336729400
2008-07-10,91.40638732910156,91.76384090799452,90.15164595673963,90.77172008173837,436475700
2008-07-11,90.3413314819336,91.84410616738157,89.35650700472742,90.43617010079457,481124600
2008-07-14,89.52428436279297,91.55229445707582,89.29084447206212,91.37721593043919,322720800
2008-07-15,88.26226043701172,90.08601161469981,87.55464408956523,88.85315960322255,502502500
2008-07-16,90.42888641357422,90.87388218892997,88.34251442062194,88.59783849689636,371642900
2008-07-17,91.33346557617188,92.10673993485827,90.5237195297963,91.28969732468587,375490600
2008-07-18,91.9024658203125,92.22344222207886,91.29697913292783,92.04106711616636,267030100
2008-07-21,91.95353698730469,92.5006623428841,91.32616613432188,92.28910653751575,222863000
2008-07-22,92.99671173095703,93.23015163203893,91.0781221522204,91.29697449445491,296904200
2008-07-23,93.50005340576172,94.21496059286756,93.04776677553231,93.29579420944577,311698400
2008-07-24,91.55957794189453,93.67512978016252,91.3042539675068,93.62405941963976,248634500
2008-07-25,91.53771209716797,92.27450348952618,91.31156318987172,91.8368043652553,219131000
2008-07-28,90.19544219970703,91.96083209009859,90.0349511977356,91.55961015081715,205201300
2008-07-29,92.12129211425781,92.19424102726494,90.19541186951444,90.443444852513,261505600
2008-07-30,93.76268005371094,93.81375042175327,92.12130424942802,92.72679088187411,354710000
2008-07-31,92.52253723144531,93.79187193695638,92.37663381179937,92.93835223755511,277402100
2008-08-01,92.03374481201172,92.85078144655401,91.52309134977813,92.73406431260996,248690900
2008-08-04,91.1802749633789,92.01920173456128,91.01249294853103,91.94625279046883,188239600
2008-08-05,93.6386489868164,93.78454680502954,91.16564367828254,91.93161557236891,251577600
2008-08-06,94.05450439453125,94.32442717829208,92.99673634590872,93.39066732681117,209555400
2008-08-07,92.65381622314453,93.69700166717502,92.31095025987203,93.34683914397378,246312500
2008-08-08,94.37548828125,94.7840068328718,92.19428306362953,92.34018652181435,260811700
2008-08-11,95.35298156738281,95.93657285618188,94.27331319426584,94.44839725967975,249425800
2008-08-12,94.36089324951172,95.34571223657166,93.90859537444015,95.03932336517785,213200800
2008-08-13,93.79187774658203,94.57972843323908,93.13532066597658,93.95235760401704,256393200
2008-08-14,94.49945831298828,95.03929250997001,93.1936577518457,93.25931010340969,239555300
2008-08-15,94.95903778076172,95.19977417765534,94.32437618158997,94.78395372903286,181000800
2008-08-18,93.66056060791016,95.18521384886265,93.12802840596515,95.14873660077473,172275100
2008-08-19,92.63926696777344,93.14992065733345,92.30369740553824,92.95295240550482,194673700
2008-08-20,93.06966400146484,93.33957559218909,92.16507948232072,92.93105714202495,225498200
2008-08-21,93.23014068603516,93.69702043338333,92.35473698552312,92.46416314379283,180609800
2008-08-22,94.57976531982422,94.57976531982422,93.23019564627867,93.86485772022125,167715300
2008-08-25,92.66114807128906,94.57973232075062,92.46418539152904,93.95966359453445,171936900
2008-08-26,92.93104553222656,93.28120813551206,92.3401520526809,92.66112840957636,159117200
2008-08-27,93.83561706542969,93.98151488349015,92.86538043495715,93.04775549035521,171032800
2008-08-28,94.97368621826172,95.08310685726795,94.18582422352907,94.30983799150144,167537100
2008-08-29,93.95234680175781,94.93717674378753,93.7480875907326,94.63807892361055,189195800
2008-09-02,93.36872863769531,95.35297562930174,93.02586265466807,94.85690970716652,252364900
2008-09-03,93.28852081298828,93.74081312117475,92.5954975725925,93.28852081298828,251947000
2008-09-04,90.47994232177734,92.81434716305453,90.4288775115494,92.62467548264492,340042500
2008-09-05,90.76445007324219,91.15108444432657,88.99906021457718,89.94011651914995,289503400
2008-09-08,92.63926696777344,93.55114815872723,90.76445090476882,93.40523915364277,364075300
2008-09-09,89.8890380859375,92.90916922637885,89.58264926082519,92.71949756841332,377326800
2008-09-10,90.25377655029297,91.11458711302994,89.40026254881903,90.37779026353711,298916600
2008-09-11,91.55957794189453,91.72735988264422,88.70722929269748,89.08657253948371,375369400
2008-09-12,91.98270416259766,92.07024621556096,90.33403724080382,90.66960676202682,297851200
2008-09-15,87.60570526123047,91.6617314965825,87.45980739933403,88.72913660790249,483607000
2008-09-16,89.072021484375,89.23251250568497,85.35156956517636,85.49746745783206,581744300
2008-09-17,85.0670394897461,88.88961991055348,84.6220438140927,87.27742474369703,624095600
2008-09-18,87.59110260009766,88.84584403241061,83.0171380738966,86.11751441267043,776114700
2008-09-19,91.06967163085938,93.91651394457453,90.49002997461446,92.96267211068077,501087800
2008-09-22,89.00792694091797,91.5319356140974,88.31089239582705,91.31181649572042,249966500
2008-09-23,86.98285675048828,89.52887064933341,86.78474842194412,88.67041615327345,327470400
2008-09-24,87.26167297363281,88.04675632696713,86.42522923635559,87.56983527729032,311818400
2008-09-25,88.62640380859375,89.44817560206141,86.90215583990066,87.60652926378906,328253000
2008-09-26,88.6704330444336,89.14735416571575,86.95352372525325,87.18831488679575,285917400
2008-09-29,81.7220687866211,87.5625034136991,81.42124525623862,87.41576104734605,459562300
2008-09-30,85.10452270507812,85.69884209624962,81.09839610267947,83.28489293880523,328154400
2008-10-01,85.15591430664062,85.61816351344817,83.60775787943284,84.57627229664617,332783000
2008-10-02,82.06687927246094,84.45881673684893,81.48723769316564,84.34141842303026,365337800
2008-10-03,80.958984375,84.70830894723245,80.47473015827428,82.80796926978233,461798000
2008-10-06,76.8354721069336,78.96326988915594,73.84188097599439,78.61841918955129,610637500
2008-10-07,73.39429473876953,78.75047370620864,73.11548207499237,78.39094548439742,540012100
2008-10-08,71.54532623291016,74.97181105687206,71.03171681054977,71.55265943193025,725414800
2008-10-09,66.54866790771484,73.82720367098554,66.21849482639553,73.12283032573905,534485200
2008-10-10,64.93446350097656,68.92591706003552,61.3245489074596,63.65778748090063,871026300
2008-10-13,74.36282348632812,74.36282348632812,65.99838032919017,68.87457868771072,455584000
2008-10-14,73.26223754882812,77.42978424882187,71.25183817530393,76.8207928392882,546268300
2008-10-15,66.04971313476562,71.7580802825474,65.82226089547284,71.50861166067097,484627500
2008-10-16,68.80120086669922,69.53492384131539,63.49638689502704,66.98157102445386,708811200
2008-10-17,68.39033508300781,72.33776366922062,67.24572874453749,67.4951919320037,476649000
2008-10-20,72.49913024902344,72.7119104804437,69.03595858896561,69.96045065703241,321294200
2008-10-21,70.33468627929688,72.37443529613091,69.86510401345863,71.14911924614243,356502000
2008-10-22,66.50465393066406,70.33468898183544,64.22277489592959,68.38298306618992,516168000
2008-10-23,67.2750473022461,67.83267261618921,62.960753528708025,66.24783423245793,634666400
2008-10-24,63.86323547363281,65.97635519817129,61.63271740991175,61.67673898817476,545812600
2008-10-27,61.596031188964844,65.67553405280984,61.41260047595677,63.07815448487226,397288600
2008-10-28,68.7938461303711,69.1460299131272,62.021582731772725,64.08334185366078,639939500
2008-10-29,68.29489135742188,71.29581368287998,67.57584084737603,68.80115607375758,531270100
2008-10-30,70.65751647949219,70.83360840552488,68.16285753627315,70.27597744224971,414582100
2008-10-31,71.04641723632812,72.3230940088369,69.3221688738377,69.76240166457896,411394000
2008-11-03,71.2518310546875,71.67739167890721,70.40070980624807,71.00970115492164,205419400
2008-11-04,73.67311096191406,74.00328399140554,70.95833317219186,72.68258067771788,346793400
2008-11-05,70.5767822265625,73.89320608190873,69.70365049743747,72.78528333291722,387844100
2008-11-06,66.66605377197266,70.02650552515082,66.07907329532766,69.30745472115375,477721900
2008-11-07,68.86723327636719,68.96995403667799,66.40192383318465,67.24570630533336,380391000
2008-11-10,67.9647445678711,70.09254192074776,66.71007918480385,69.85775083615964,301773000
2008-11-11,65.86630249023438,67.60522778428043,65.04453642211728,66.59269219412408,418498200
2008-11-12,62.968109130859375,65.26466016014584,62.454505257812045,64.7363842898096,454330600
2008-11-13,66.8935317993164,67.30442053028972,60.231324895484306,63.19556680773378,753141900
2008-11-14,63.55508041381836,67.54652923355188,63.48170364460486,65.6021680023484,540352300
2008-11-17,62.711307525634766,64.9785089744585,62.48385518034968,63.37899256412363,415254900
2008-11-18,63.89262390136719,63.99534471166968,60.83299919907651,62.476537761780726,523811800
2008-11-19,59.798397064208984,63.73848978170598,59.372836575971235,63.03411669661919,558327600
2008-11-20,55.359378814697266,60.539465195664,55.06589419528455,58.79320148171277,814180400
2008-11-21,58.345645904541016,59.35818714747549,54.54496083977934,56.83417843482489,718536500
2008-11-24,62.38847351074219,63.82657009686697,58.961988020430766,60.1065942506833,523305300
2008-11-25,62.85071563720703,64.2081020842693,61.50066238977381,64.05402092412452,454112400
2008-11-26,65.2793197631836,65.4407396781833,61.80880838427232,61.85283555972914,370134200
2008-11-28,66.1010971069336,66.13044669633443,64.9198083212556,65.02986228418146,118308100
2008-12-01,60.24600601196289,64.23746158806644,60.062575231412,64.20811199143472,369927100
2008-12-02,62.56454849243164,62.72596842421246,60.194626687791846,61.243850646505784,469508400
2008-12-03,64.06868743896484,64.44288770893222,61.00172529990108,61.192494833316466,519863500
2008-12-04,62.586570739746094,64.60430888015235,61.44195911536952,63.14419615899777,444173800
2008-12-05,64.51624298095703,64.87576556857658,60.341358654812026,61.37591044092561,471905300
2008-12-08,66.76878356933594,67.78131915109135,64.62631405543301,66.28452377076067,412859300
2008-12-09,65.66820526123047,67.59789464082738,65.28667178310717,66.30654625497776,370790000
2008-12-10,66.11576080322266,67.03291428723378,65.30132806159193,66.26984191679325,396187400
2008-12-11,64.52359008789062,66.76878024776359,64.10536828168172,65.69754554410325,365061000
2008-12-12,65.29400634765625,65.3527055294756,62.51319558491304,62.77000310590718,415060400
2008-12-15,64.38419342041016,65.4114067427014,63.31295850931832,65.3160191698171,256694200
2008-12-16,67.41446685791016,67.51718762952218,64.69969401182844,67.41446685791016,377699500
2008-12-17,66.761474609375,67.81803784364739,66.07911178688475,66.65141500616097,281819800
2008-12-18,65.51410675048828,67.26036492640436,64.72168481606163,67.06226224172794,374673300
2008-12-19,65.23229217529297,67.02971235337489,65.15831976137703,65.90539712416573,301451300
2008-12-22,64.39645385742188,65.5873375344533,63.23515801847047,65.52076913125056,243759500
2008-12-23,63.73073196411133,65.03996103609487,63.464447128572004,64.7440883695732,221625200
2008-12-24,64.10060119628906,64.25593314870684,63.61241022300088,63.94526360056693,62061600
2008-12-26,64.47042846679688,64.57398308194713,63.98223758682856,64.5295985016661,74767700
2008-12-29,64.28550720214844,64.59617104033666,63.316523835461645,64.5295969931231,127795900
2008-12-30,65.80924987792969,65.8684255598262,64.26331763737883,64.72931907818443,168256300
2008-12-31,66.7486572265625,67.28862558870453,65.73530021588013,65.89063218883206,193987200
2009-01-02,68.76058197021484,69.11563049103528,66.46017906572283,66.89659275499575,227566300
2009-01-05,68.67919921875,69.27834309153718,67.96910800220904,68.51646892350665,240349700
2009-01-06,69.1378173828125,69.8626998559233,68.55347012362057,69.26356149543106,328260900
2009-01-07,67.06669616699219,68.24278875695265,66.71904612063089,68.05047062939687,280899200
2009-01-08,67.34040069580078,67.37738127292118,66.32703807517885,66.68948497677135,263834400
2009-01-09,65.89803314208984,67.54752063970781,63.139032219685696,67.42917487363036,330953600
2009-01-12,64.31510925292969,65.76488556533003,63.915687419549364,65.71310259967548,277858500
2009-01-13,64.43342590332031,65.00297614208968,63.76031543238196,64.15234996829544,356432300
2009-01-14,62.40673065185547,63.427485826571214,61.511719575697406,63.2721538854169,435491600
2009-01-15,62.42892074584961,63.057646888215,60.44658041852899,62.221811488910795,532647300
2009-01-16,62.917076110839844,63.60497761170154,61.43032580518821,63.50882140052996,399237200
2009-01-20,59.59595489501953,62.917113033054534,59.21132418131559,62.303183565602346,419855200
2009-01-21,62.170021057128906,62.31055622708291,59.521968931727166,60.60929794453923,364360700
2009-01-22,61.20844268798828,62.16262935995817,60.039748409764385,60.96434724190922,427940300
2009-01-23,61.474727630615234,62.125643177147204,59.59594212565991,59.84003757184818,386800600
2009-01-26,61.89632034301758,63.13898091527257,61.2527977748369,61.82974631850864,317978800
2009-01-27,62.525047302246094,62.98365018426883,61.615245549536546,62.22917465717663,273789700
2009-01-28,64.64057159423828,65.0547901836844,63.66419517389738,63.908290689808865,330007000
2009-01-29,62.53986358642578,64.71451607432051,62.48068791025506,63.69376105523944,294392500
2009-01-30,61.26763916015625,63.1686147784517,60.80903595218612,62.85795081981322,383383600
2009-02-02,61.08270263671875,61.52650897680824,60.14330700094727,60.335625150864104,288233300
2009-02-03,61.94071960449219,62.39932262885013,60.81640997624129,61.46732548277569,278385800
2009-02-04,61.637447357177734,63.14639307032365,61.42293978761605,62.354936831121385,322989300
2009-02-05,62.55467224121094,63.08724218961916,57.495269017942185,61.17147004983429,417679400
2009-02-06,64.3373031616211,64.6035824977674,62.63603864216186,62.76918113188741,366101700
2009-02-09,64.42604064941406,64.8994347644018,63.84909192447919,64.32248603946694,240075200
2009-02-10,61.474727630615234,64.37426821512594,60.98653673823869,63.8121105448054,536212800
2009-02-11,61.837181091308594,62.17004012321221,60.94956829284138,61.726228080674055,324442500
2009-02-12,61.88154220581055,61.99988790050109,59.95097974039421,60.77941653313523,469302200
2009-02-13,61.21583938598633,62.310561213081535,61.20104264482643,61.800186509130405,293998400
2009-02-17,58.59737777709961,61.36377596356638,58.56039156567937,59.29267792001456,478910100
2009-02-18,58.45684814453125,59.12995894686661,57.90208872677097,59.01900593465363,362964800
2009-02-19,57.82813262939453,59.28530187250271,57.70978122292828,59.05599743330075,316867500
2009-02-20,57.26595687866211,57.946460323731976,56.045485185747374,56.75558211651166,477176600
2009-02-23,55.21706771850586,57.8947035047169,55.17268311755629,57.8947035047169,379641400
2009-02-24,57.31035232543945,57.657996841980165,55.25403921436333,55.690452918203135,426260900
2009-02-25,56.85914611816406,58.00564557248544,55.94193978274116,57.05885703309843,461985800
2009-02-26,55.93455505371094,58.93025306602945,55.86798097700751,57.56184738312058,363353900
2009-02-27,54.68446350097656,55.9862999974333,54.59569999781961,54.743639169747865,470510900
2009-03-02,52.221343994140625,54.677078411577035,52.05122095923146,53.64152652977292,426452600
2009-03-03,51.82929992675781,53.034974493550074,51.511237776299446,52.968406101810984,443761000
2009-03-04,53.05717086791992,53.90040437656655,51.82930116458753,52.687331411730966,462753100
2009-03-05,50.88993835449219,53.057198940176555,50.423936781421936,51.85151806336837,485549400
2009-03-06,50.97868728637695,52.110395518973206,49.632471416255946,51.33373577273276,490470000
2009-03-09,50.37954330444336,51.77753633399699,50.098467281648105,50.261191941179916,379905300
2009-03-10,53.382625579833984,53.530564747814005,51.31152801783369,51.41508261376859,406227900
2009-03-11,53.73028564453125,54.55132984002849,53.13114742095884,53.99657055351972,356648300
2009-03-12,55.84577941894531,56.030699218345795,53.23471275433923,53.715505361441366,409702700
2009-03-13,56.28217315673828,56.94049266741415,55.276214895073124,56.22300312485421,337474700
2009-03-16,56.11206817626953,57.672791840221905,56.07508195656638,56.925714219995676,360644900
2009-03-17,57.82813262939453,57.96127514001624,55.80880549218299,56.26740872728123,356814300
2009-03-18,59.122562408447266,59.84005218060202,57.00707931163614,57.5544403740131,473273200
2009-03-19,58.3902473449707,59.91398389496139,58.2053276415912,59.86220660374719,428520400
2009-03-20,57.14691925048828,58.785864439504174,57.01282378669332,58.6741172723922,371078200
2009-03-23,61.25171661376953,61.30386452676839,58.33886776051484,58.65920656427819,419933300
2009-03-24,60.044857025146484,61.3560118469154,59.97781214495131,60.521639563299516,330271000
2009-03-25,60.6780891418457,61.60930601439519,58.89760293622683,60.51419974658225,441775100
2009-03-26,61.91474151611328,62.056288284982315,60.58123840957284,61.274063918921875,422025200
2009-03-27,60.79726791381836,61.48264194566827,60.57377366340452,61.12505796544001,322332300
2009-03-30,58.696449279785156,59.501021839272,58.07812005256682,59.448873933584636,324108500
2009-03-31,59.24028015136719,60.40244247877304,58.89014744017704,59.27007976834639,364238300
2009-04-01,60.387535095214844,60.655725943310905,58.353761128130955,58.50275351765306,377018300
2009-04-02,62.15312194824219,63.03219065971627,60.439681104009516,61.89238243290987,476230700
2009-04-03,62.7714729309082,62.78636990108537,61.586962030574846,62.19784011438727,284646300
2009-04-06,62.27976608276367,62.78634814873901,61.30385288889602,62.086071435383204,264866600
2009-04-07,60.827064514160156,61.572037733724414,60.72276871811673,61.27404730915979,258947800
2009-04-08,61.48265838623047,61.78810023122536,60.74513625656204,61.132519952678834,230402800
2009-04-09,63.92616271972656,63.93361404482161,62.82360532088083,63.076893537155,269653500
2009-04-13,63.94105911254883,64.46998946862038,63.00984249614923,63.26313068763624,224847500
2009-04-14,62.838497161865234,63.88891225045428,62.6373568702712,63.345079236789225,276598800
2009-04-15,63.50897216796875,63.63561626157759,62.287216442541556,62.45855711420173,250726100
2009-04-16,64.44020080566406,64.92443466522042,63.15139428872448,64.01556618377228,335202900
2009-04-17,64.87228393554688,65.29691853899523,64.17200713264417,64.68604058870645,262649000
2009-04-20,62.15312194824219,64.84992731008188,62.08607139647379,63.72501604828225,293690100
2009-04-21,63.36746597290039,63.41961390855994,61.646578412436504,61.69872634809605,114090900
2009-04-22,62.980045318603516,64.32099388787302,62.62990694790183,62.79380198811924,340395200
2009-04-23,63.5984001159668,63.635645386824585,62.302141922245944,63.10671479758351,324903700
2009-04-24,64.55940246582031,65.04363066556834,63.83677730365348,64.09006555067883,287703000
2009-04-27,63.948524475097656,64.82014781646673,63.725035828454416,63.82933166696064,289581600
2009-04-28,63.74736022949219,64.50723043716218,63.14393372093971,63.30037742005721,247926300
2009-04-29,65.10321807861328,65.82584310949797,64.29119988675838,64.45508924310225,311505700
2009-04-30,65.12556457519531,66.31752071943146,64.75307792489056,65.96738804244899,301419800
2009-05-01,65.47571563720703,65.71410691229869,64.60409807049969,65.14047986038,236110300
2009-05-04,67.70317840576172,67.74788067326195,65.84074496463352,65.96739475823905,287120000
2009-05-05,67.47224426269531,67.74043515590725,66.92841115043325,67.47224426269531,243036300
2009-05-06,68.64185333251953,68.68654992080455,67.50204486168043,68.2991662270428,291941000
2009-05-07,67.68827819824219,69.3942678306788,67.2561922965011,69.28997201766481,317728000
2009-05-08,69.26762390136719,69.44641591217086,68.12036427162708,68.55989581562271,299081700
2009-05-11,67.97138214111328,68.61951114742958,67.82238971110114,68.31406927709872,247923600
2009-05-12,67.77022552490234,68.410903050823,66.93585333950217,68.26190497287894,282431300
2009-05-13,66.06424713134766,67.05506320430175,65.93015168024337,66.85391718579707,269619100
2009-05-14,66.63040924072266,67.13699127762904,65.9301325675505,66.09402759179886,260098700
2009-05-15,66.08660888671875,67.0476255347607,65.66942547995237,66.57829420214853,271502700
2009-05-18,67.96389770507812,68.04583951622541,65.98226655157018,66.71234268278195,241447400
2009-05-19,67.8819808959961,68.51520717390112,67.65103526809476,67.9266774829529,206102200
2009-05-20,67.42755126953125,69.13354122085825,67.35305505826693,68.50030921587002,285722200
2009-05-21,66.45909881591797,66.898636226141,65.75137611996475,66.6453422289265,258988400
2009-05-22,66.31755065917969,67.0476273242036,66.06426235079653,66.64534087821465,166811900
2009-05-26,68.01607513427734,68.20976413011918,65.79605185442388,65.82585147309865,236318500
2009-05-27,66.8017807006836,68.35132713775775,66.69748485238989,68.12038714277848,246015800
2009-05-28,67.73300170898438,68.0458892724232,66.3771499170517,67.39031451802313,289095000
2009-05-29,68.93238067626953,69.80399810019975,67.55418116528925,68.10545983294229,258641500
2009-06-01,70.60111999511719,70.89911046390627,69.60285846092356,69.78165046871881,276246800
2009-06-02,70.66069793701172,71.04808713483382,70.19881824905409,70.3254623129332,230874500
2009-06-03,69.76675415039062,70.1243381692996,69.10372833512204,70.05729329713998,235310500
2009-06-04,70.42230987548828,70.52660566018643,69.50599609796971,70.02747502146045,210102300
2009-06-05,70.43724822998047,71.27161493055601,69.87851809283212,71.13751947029253,284257900
2009-06-08,70.14669036865234,70.84696142283518,69.31231820615268,69.90829345048499,238565100
2009-06-09,70.5042953491211,70.87678211900601,70.04240970833285,70.5415462995884,225125500
2009-06-10,70.32546997070312,71.13748801614234,69.42405309671788,71.13004237653428,296100400
2009-06-11,70.63837432861328,71.59939065268577,70.44467966204085,70.45958231222873,275414200
2009-06-12,70.83208465576172,70.87678124881609,70.02751187860116,70.32550242758991,184361800
2009-06-15,69.20801544189453,70.04238183685703,68.8355288202306,69.99768526103969,224190500
2009-06-16,68.26935577392578,69.49856290997985,68.22465919273324,69.45386632878731,227319000
2009-06-17,68.20230865478516,68.7833869259228,67.66592696336724,68.2395539099865,223445200
2009-06-18,68.70145416259766,69.03668994988617,67.97882898888601,68.30661913375228,211725100
2009-06-19,68.95464324951172,69.44909990454492,68.56506579689224,69.35920181224763,215655600
2009-06-22,66.88691711425781,68.31785638825188,66.86444258589991,68.28039503045491,251913600
2009-06-23,66.93938446044922,67.33644985112404,66.56479360648386,67.02928832308993,188309800
2009-06-24,67.51625061035156,68.23546428986316,67.12667296157306,67.54621856147317,211577700
2009-06-25,68.98464965820312,69.05207326502817,67.10420206300333,67.17911908696533,279411000
2009-06-26,68.80484771728516,69.10452155409067,68.37781435747328,68.75240522452941,167579000
2009-06-29,69.44910430908203,69.53900812288047,68.62500602122857,69.00709008512234,168481300
2009-06-30,68.88723754882812,69.71882948207934,68.37779389346524,69.46411051229856,228888200
2009-07-01,69.17194366455078,69.84620829805549,69.08203980814935,69.17943136573241,173041100
2009-07-02,67.28396606445312,69.19438053347464,67.2465104315268,68.27288508333737,212309900
2009-07-06,67.2765121459961,67.37390369946273,66.42244555158956,66.63221549185752,174499600
2009-07-07,65.97293090820312,67.29149214543872,65.92798184055033,67.20908171087386,197088900
2009-07-08,65.927978515625,66.52732606117868,65.17879694158381,66.36999290072444,248050500
2009-07-09,66.05536651611328,66.60227181612072,65.86058333818562,66.38500837999744,163777600
2009-07-10,65.89802551269531,66.29509092246484,65.44102419161636,65.70323665884122,173520300
2009-07-13,67.50128173828125,67.55372423774789,65.6208337445996,66.16024557671575,217413500
2009-07-14,67.88333892822266,67.94327482244826,67.22406123914546,67.71102466127442,181487400
2009-07-15,69.86865234375,70.0559476760021,67.93576314311628,68.78233598720782,220877900
2009-07-16,69.75628662109375,70.80514181461761,69.53902331047944,69.67387620272967,231174500
2009-07-17,70.52045440673828,70.66280072456813,70.07844005360552,70.46801192898013,138561700
2009-07-20,71.26963806152344,71.38950985187654,70.56541129850439,70.93250865380806,164179400
2009-07-21,71.59928894042969,71.84652025284996,70.73772891326357,71.82404571823035,217718300
2009-07-22,71.58432006835938,72.01884114887618,71.0898573589324,71.14229985395012,196068100
2009-07-23,73.1650619506836,73.47971678273107,71.56930183024137,71.62923771705064,258795500
2009-07-24,73.4647216796875,73.52465755974691,72.43834688372066,72.82042525854914,154003100
2009-07-27,73.68203735351562,73.71949873414167,72.92536204814238,73.32992095252597,159259400
2009-07-28,73.33735656738281,73.69696610421464,72.71553472025677,73.16504807024648,186685200
2009-07-29,73.1575698852539,73.48720583718337,72.6556196845197,73.0002424663283,194399300
2009-07-30,73.92172241210938,74.79077552145125,73.86927994625599,74.04159417166001,225575400
2009-07-31,74.026611328125,74.52107378918456,73.7044631017439,73.90674527792295,207358000
2009-08-03,75.24781036376953,75.31523397191786,74.40123140055601,74.80579019685402,175776900
2009-08-04,75.44258880615234,75.54747377841096,74.75334306965219,74.91067052804011,176714600
2009-08-05,75.22530364990234,75.56243297804141,74.60348174477453,75.49500368293347,184726400
2009-08-06,74.83573913574219,75.68231216805373,74.48362291829365,75.5699395163584,193203800
2009-08-07,75.81715393066406,76.4389758524571,75.2103188374301,75.62237088579907,220640900
2009-08-10,75.65983581542969,75.83215007021428,75.12042423707922,75.47254044604695,130898700
2009-08-11,74.71585845947266,75.37513598898184,74.5135762943709,75.32269352317769,157301000
2009-08-12,75.51750183105469,76.08687568843547,74.55105695455624,74.58851260223042,219052400
2009-08-13,76.09436798095703,76.12433592813493,75.11294200303742,75.86212353508023,176449500
2009-08-14,75.51001739501953,76.11685268804229,74.69340644370777,76.05691678567399,199616100
2009-08-17,73.65204620361328,74.1315220024869,73.50221215989117,74.05660498062585,237667500
2009-08-18,74.23639678955078,74.49861490378655,73.68200404488975,73.81685695205611,173461500
2009-08-19,74.88819885253906,75.1429235918939,73.5771309334488,73.65204795709346,192812800
2009-08-20,75.65983581542969,75.83215007021428,74.82075621870767,74.9855713424916,174131300
2009-08-21,77.1432113647461,77.26307741915923,76.1318175957202,76.28165159268677,224605000
2009-08-24,77.13572692871094,77.87741501688858,76.85852771467628,77.45787520390749,191279000
2009-08-25,77.28558349609375,78.10968218647105,77.1207626148578,77.44291096023649,215310600
2009-08-26,77.2930679321289,77.6451842152028,76.78362419155859,77.04583662071929,194620700
2009-08-27,77.46539306640625,77.70513099459656,76.37158841180032,77.24812967588956,196230100
2009-08-28,77.45037078857422,78.17707765842125,76.91845268243269,78.08717954886522,147024400
2009-08-31,76.76115417480469,76.85105803400918,76.25920382146877,76.69373056725327,176051600
2009-09-01,75.06800842285156,77.34552160930566,74.91068094259099,76.37907647415946,321276800
2009-09-02,74.7833023071289,75.24779692715141,74.59600691909104,74.75333435914665,171805000
2009-09-03,75.40514373779297,75.49504188903174,74.6110072017641,75.21784830164137,143572300
2009-09-04,76.46148681640625,76.4839613541545,75.33022650052199,75.55497759380752,142687900
2009-09-08,77.1207504272461,77.20316085484052,76.70869828927397,77.16569949109702,132909100
2009-09-09,77.71261596679688,77.97482840416416,77.01587679561956,77.25561469775572,154612500
2009-09-10,78.50676727294922,78.55920977416812,77.33055198920736,77.76507883690918,162902400
2009-09-11,78.49176788330078,78.88883900423815,78.12467043347131,78.6565887795761,152360100
2009-09-14,78.87381744384766,79.00867032544802,77.27806310807706,77.82496233315597,149593800
2009-09-15,79.2034912109375,79.49567162026048,78.4842774560038,79.00120894860446,196795900
2009-09-16,80.40217590332031,80.41715702163818,79.21097980186447,79.48817335926357,206406300
2009-09-17,80.28231048583984,80.9565694160723,79.8402903284048,80.28979818716063,229170900
2009-09-18,80.33346557617188,80.66467735068302,80.06247516848559,80.6571482440735,153799100
2009-09-21,80.13026428222656,80.54427922968414,79.53559662028398,79.708725967018,151892000
2009-09-22,80.59695434570312,80.82278167674835,80.2431608738118,80.60448345487866,143126700
2009-09-23,79.92700958251953,81.31959618398628,79.78398521906755,80.78514427717592,225947400
2009-09-24,79.04629516601562,80.27327584778267,78.70003078483649,80.10014652870706,228636800
2009-09-25,78.62476348876953,79.30976899185937,78.35377293183605,78.87317245646335,204059000
2009-09-28,80.03238677978516,80.20552182188067,78.91079078959949,78.92584326398607,118285800
2009-09-29,79.79151916503906,80.55932182252499,79.62591320637807,80.17542336529608,133733900
2009-09-30,79.48287963867188,80.13777428769346,78.75271687191176,80.06250042692749,254383000
2009-10-01,77.51065826416016,79.58824960002099,77.49560005003798,77.53323984231746,281840600
2009-10-02,77.14934539794922,77.60852335445115,76.77297040035923,76.79555198133035,224748800
2009-10-05,78.30105590820312,78.52688321532106,77.23215223963582,77.45797954675375,149875000
2009-10-06,79.42266082763672,79.87430971724332,78.82045847947643,78.86562164552893,202491100
2009-10-07,79.64095306396484,79.72375602420418,79.0914430317426,79.24199073598133,159200300
2009-10-08,80.25067901611328,80.67221718389517,79.67858740053299,80.20551585328717,183305800
2009-10-09,80.74000549316406,80.74000549316406,80.06252901827992,80.27329820090398,135008300
2009-10-12,81.05615234375,81.36477697965158,80.75505107584988,81.11637374593582,118031000
2009-10-13,80.8905029296875,81.07869040320985,80.36358030103526,80.83781066682228,157692700
2009-10-14,82.28309631347656,82.36589926854246,80.86039934810985,81.83897659360163,191421600
2009-10-15,82.5842056274414,82.5842056274414,81.84651380944416,81.88414786536737,173873600
2009-10-16,81.96696472167969,82.2530077158925,81.47015260088608,81.89921996371928,192069400
2009-10-19,82.64443969726562,82.90037199173489,81.84652637565219,82.10245867012145,159530400
2009-10-20,82.20785522460938,82.79499950866172,81.80889850560092,82.76488880909125,180921100
2009-10-21,81.47016143798828,83.03587758086297,81.40994004013925,82.0798872978811,225379300
2009-10-22,82.29815673828125,82.56161808282498,80.92062289577562,81.44002222003795,238444000
2009-10-23,81.35726165771484,82.6218825135405,81.01852054419055,82.569190217174,240033200
2009-10-26,80.47652435302734,82.28312018729532,80.2506970022298,81.44756702958374,242028200
2009-10-27,80.10765075683594,80.83781914960768,79.91193989881427,80.5668286998568,253266300
2009-10-28,78.59463500976562,80.15282737427826,78.54946610177579,79.904418480929,248821400
2009-10-29,80.28079223632812,80.43886905422931,78.99359036796669,79.18177787637673,198110600
2009-10-30,77.95477294921875,80.25819140496073,77.8644466423832,80.01731168168989,325608100
2009-11-02,78.52690124511719,79.34740195587432,77.59349259790437,78.38387686823559,254222900
2009-11-03,78.77532196044922,78.88823565680256,77.93976864767535,78.09031641412702,228362600
2009-11-04,78.97852325439453,80.03990343891734,78.77528329513822,79.42264871058624,247996700
2009-11-05,80.43132781982422,80.45390939854465,79.369953418781,79.53555932009901,180015300
2009-11-06,80.64210510253906,80.8453508178024,79.82913947056588,79.98721628075585,170954100
2009-11-09,82.47882843017578,82.5239915985181,81.1991555542388,81.25937119768604,159495700
2009-11-10,82.49385070800781,82.74978863532439,82.02714949123556,82.28308167552674,171899800
2009-11-11,82.9154052734375,83.4197463441683,82.5164487326198,83.03584227489843,169466200
2009-11-12,82.07234954833984,83.2315854912822,81.86158042108268,82.80251812707213,157144500
2009-11-13,82.51647186279297,82.87025960208508,81.86157717787994,82.2831154156937,150963000
2009-11-16,83.71334075927734,84.07466334641322,83.0433936070919,83.0885567768485,210922200
2009-11-17,83.81120300292969,83.84884280946356,83.1788956029634,83.49504930294654,147134100
2009-11-18,83.7585220336914,83.87896483644667,83.23159912920947,83.7509986657909,156486800
2009-11-19,82.6670150756836,83.78861110745609,82.14761567316586,83.18641447820133,208734600
2009-11-20,82.37342071533203,82.62182955742733,82.05726713977032,82.23792550537331,134196000
2009-11-23,83.41975402832031,84.11228264383435,83.25414811090897,83.34448017759516,148010200
2009-11-24,83.54772186279297,83.70579867546665,82.81003007031582,83.55525097092794,138420100
2009-11-25,83.84130096435547,83.93163304049874,83.41976276174142,83.6832241383752,109564800
2009-11-27,82.47882843017578,83.0433910065646,81.51530921868994,81.59811218933584,126001800
2009-11-30,82.75733184814453,82.95304270136543,81.38732716046623,82.41106755818478,160874800
2009-12-01,83.78108215332031,84.05207262846957,83.35201485817183,83.49503346120328,159613700
2009-12-02,83.74344635009766,84.3155380186044,83.49503744551912,83.76602793359982,132315100
2009-12-03,83.08854675292969,84.44349911244122,83.0208020064676,83.96926865812569,167324900
2009-12-04,83.56278991699219,84.59405387485027,82.83262140365976,84.18756813310766,274907800
2009-12-07,83.434814453125,83.95421383577595,83.17135307896409,83.48751247098441,127973800
2009-12-08,82.5089340209961,83.38212109877125,82.25299601581959,82.83261677449666,169863700
2009-12-09,82.81758880615234,82.9380316156449,82.06483847591161,82.48638256610631,155063400
2009-12-10,83.28425598144531,83.64557849293614,83.14123164978884,83.32941914174674,138014600
2009-12-11,83.63809204101562,83.82627962895005,83.26171686514678,83.63809204101562,124854000
2009-12-14,84.21014404296875,84.3079994748696,83.65310491145914,84.21014404296875,107141500
2009-12-15,83.81871795654297,84.24778526063359,83.55525658438683,83.90152092251022,120408800
2009-12-16,83.9466781616211,84.40585612482953,83.75849066007753,84.15745298749238,155358200
2009-12-17,82.93800354003906,83.50256609660775,82.86272968110202,83.3444892699318,183390100
2009-12-18,83.4072494506836,83.47536471620637,82.70342250133797,83.39967980474815,174591200
2009-12-21,84.25485229492188,84.53486561959407,83.82347495453124,83.82347495453124,118039600
2009-12-22,84.5575942993164,84.7392253866484,84.3305511096903,84.43650305846297,91707500
2009-12-23,84.72404479980469,84.8451359816379,84.38348595530313,84.7618872376139,111783100
2009-12-24,85.12515258789062,85.21596519773713,84.76188482666902,84.90567915751957,39677500
2009-12-28,85.30680084228516,85.51113502972945,85.00407860900599,85.44302555856346,87508500
2009-12-29,85.18570709228516,85.5414052727066,85.17814322279045,85.52627175977099,80572500
2009-12-30,85.15542602539062,85.25381405873192,84.89054627013643,84.93595835242688,73138400
2009-12-31,84.33809661865234,85.36734877554784,84.3002541732289,85.34463984392586,90637900
2010-01-04,85.76844787597656,85.8138541884604,84.39106724915432,85.04191800650456,118944600
2010-01-05,85.9954833984375,86.03332584067324,85.40517825281445,85.71547011209869,111579900
2010-01-06,86.05602264404297,86.26792644745059,85.84411884063536,85.91222830289684,116074400
2010-01-07,86.41929626464844,86.5252481735041,85.65492397309326,85.89710058961275,131091100
2010-01-08,86.7068862915039,86.74472873659897,86.01819882755613,86.19226021752192,126402800
2010-01-11,86.82799530029297,87.13071182733813,86.45715773895164,87.0928751484313,106375700
2010-01-12,86.01819610595703,86.43443411910074,85.68520107628504,86.25280309107343,163333500
2010-01-13,86.74472045898438,86.98689707222228,85.79871716134474,86.23765830325064,161822000
2010-01-14,86.97932434082031,87.13825219630732,86.5933533923829,86.64632934421189,115718800
2010-01-15,86.0030288696289,86.91118948857854,85.67003394817333,86.82794653215905,212283100
2010-01-19,87.07769012451172,87.13066606631642,85.96518957266828,85.98789849682282,139172700
2010-01-20,86.1922607421875,86.61606841488899,85.50357327404757,86.48741333909696,216490200
2010-01-21,84.53484344482422,86.47982578852006,84.4288915485875,86.21494604792828,344859600
2010-01-22,82.65044403076172,84.56515444426911,82.55962560412439,84.15648018532299,345942400
2010-01-25,83.0742416381836,83.5586007470118,82.80179793951685,83.40723672114449,186937500
2010-01-26,82.7260971069336,83.60399096604397,82.52176292880057,82.74880026295436,211168800
2010-01-27,83.11962890625,83.30882955161215,81.98442503407705,82.62013643100008,271863600
2010-01-28,82.16604614257812,83.43747455726569,81.66655950142129,83.39206825550909,316104000
2010-01-29,81.27301025390625,83.09690683138818,81.14435523010178,82.52173538374961,310677600
2010-02-01,82.53688049316406,82.5444501350237,81.35627041664078,81.84819320650715,187865000
2010-02-02,83.53587341308594,83.69480127478081,82.40066945188319,82.68825815071328,216327900
2010-02-03,83.11962890625,83.6115517389807,82.87745231114425,83.15746557095514,172730700
2010-02-04,80.55408477783203,82.5142010855291,80.53894548975634,82.47636441323314,356715700
2010-02-05,80.72056579589844,80.88705751305754,79.14641504684043,80.64488091889058,493585800
2010-02-08,80.13783264160156,81.22763031199604,80.07728704348052,80.78111374328596,224166900
2010-02-09,81.1443862915039,81.84821303236603,80.42542026325538,81.07627104615783,337820500
2010-02-10,80.9854736328125,81.43198453751157,80.30434992111715,81.01574643932646,240511500
2010-02-11,81.83306121826172,81.92387960683887,80.41027444089265,80.87949412095635,223591600
2010-02-12,81.76496124267578,81.8103675552591,80.60705408023173,80.97031612879064,304622100
2010-02-16,83.051513671875,83.1347624177504,81.59845410123343,82.38552947881732,159317500
2010-02-17,83.44503784179688,83.55855936148474,83.05149734340483,83.45260170888355,168845100
2010-02-18,83.93698120117188,84.1110425700418,83.2785608443635,83.30883364198127,193708600
2010-02-19,84.1110610961914,84.43648652482777,83.52075584748988,83.71752618837273,222684900
2010-02-22,84.12618255615234,84.44403827286628,83.87643630418606,84.42133511795039,132346900
2010-02-23,83.10449981689453,84.15645507225172,82.88502634847485,83.8991449344849,207497000
2010-02-24,83.86886596679688,84.00509066911002,83.14233614577536,83.35423995516342,176350700
2010-02-25,83.7553482055664,83.81589380354174,82.44608284953935,82.67312018102784,259634700
2010-02-26,83.80833435058594,84.09592308896377,83.33155069993646,83.83103750910067,173589300
2010-03-01,84.67865753173828,84.76190629447895,84.13375863887089,84.15646179708259,147709700
2010-03-02,84.91325378417969,85.32192790210337,84.76189556596168,85.04191462100549,160992400
2010-03-03,84.98892974853516,85.49598607769569,84.77702018174338,85.13271830856937,150785000
2010-03-04,85.24624633789062,85.36733752813431,84.78459627949164,85.10245199296268,135770400
2010-03-05,86.46470642089844,86.53281589078613,85.59438218178505,85.79872213934061,176118800
2010-03-08,86.4798355102539,86.66903617108088,86.32847729117071,86.47227164106191,114631200
2010-03-09,86.62361145019531,87.02471584207119,86.17710075703378,86.22250705831944,154556700
2010-03-10,87.00962829589844,87.24423534173206,86.58582052950277,86.66149966293803,186088800
2010-03-11,87.37284088134766,87.39554980504897,86.54035933791207,86.80523904164913,160791100
2010-03-12,87.38046264648438,87.76643374442203,87.13828594804168,87.75129445292364,162074800
2010-03-15,87.40312957763672,87.46367517063577,86.72957573387252,87.22906821519638,146816800
2010-03-16,88.09939575195312,88.18263872811004,87.40313295346293,87.64530956086733,168673000
2010-03-17,88.62157440185547,88.90916305628811,88.10694845459948,88.36426431519999,177468100
2010-03-18,88.5761947631836,88.7502561626867,88.22049654600757,88.6291707248515,196509100
2010-03-19,88.12785339355469,89.13094676563821,87.78588618628594,88.12785339355469,226641100
2010-03-22,88.59896087646484,88.75854898187819,87.57307129975275,87.62626540231642,184477800
2010-03-23,89.22212982177734,89.29812059395795,88.43940805491664,88.72818110601695,182941600
2010-03-24,88.78895568847656,89.23731102696709,87.8314616800751,88.88774889406639,196072600
2010-03-25,88.64457702636719,89.79965167483367,88.53818880076068,89.38929460561278,223396300
2010-03-26,88.59136962890625,89.2296988868251,88.24180754037125,88.81174686253706,205808500
2010-03-29,89.15370178222656,89.31328408533189,88.67495487291059,89.03971276637357,134513500
2010-03-30,89.2144775390625,89.5412428888861,88.8421189117773,89.26007081652409,145772500
2010-03-31,88.91056060791016,89.30571610405772,88.61419253636839,88.87256232274868,161078700
2010-04-01,89.5184555053711,89.86041671712991,88.98650875653107,89.5184555053711,161215200
2010-04-05,90.24799346923828,90.30878259065243,89.60965841374777,89.86043310689485,105847600
2010-04-06,90.46078491210938,90.6203672530546,89.89084549542349,89.98963290713523,110384200
2010-04-07,89.94404602050781,90.7039652969246,89.526088099389,90.27841235740287,184576300
2010-04-08,90.2555923461914,90.40757965053395,89.36648835724823,89.63245889269412,158704000
2010-04-09,90.84833526611328,90.88632774437917,90.27839591261878,90.44557325288991,133006500
2010-04-12,90.99272155761719,91.22830044733895,90.85593587245474,90.96232409450072,110279000
2010-04-13,91.06112670898438,91.22070905854402,90.43039232901734,90.90154435942475,125043600
2010-04-14,92.09461975097656,92.09461975097656,91.25110888312999,91.39548960443031,161609000
2010-04-15,92.17059326171875,92.38336969345713,91.91221773909149,91.9426152004431,144615300
2010-04-16,90.70394134521484,92.17058539331926,90.24039024519017,91.8438199588383,366786700
2010-04-19,91.04592895507812,91.13712135773532,90.02763988183122,90.43799699720246,217947800
2010-04-20,91.85903930664062,91.93503587184973,91.0915250179992,91.61586537205369,157708000
2010-04-21,91.69185638427734,92.1250101102068,91.18270609774125,91.91222785732118,192910100
2010-04-22,91.96542358398438,92.0794126291699,90.52158167071342,91.04592200220891,115360300
2010-04-23,92.56576538085938,92.60376366384197,91.66906040107557,91.9046393196645,177335500
2010-04-26,92.2161636352539,92.80130447482505,92.12497707158573,92.59612311112865,143457300
2010-04-27,90.03520965576172,92.20857275804597,89.86042572702854,91.68423256729066,355853300
2010-04-28,90.71915435791016,90.9471324429028,89.87564356025034,90.46838542168649,300674100
2010-04-29,91.84386444091797,92.0338443018668,91.24352738459265,91.26632404027048,193775000
2010-04-30,90.28600311279297,91.95782892060606,90.26320646321268,91.85903570879323,270000900
2010-05-03,91.45626068115234,91.70703537054867,90.58235257423101,90.7191382413815,182747900
2010-05-04,89.30567932128906,90.45315864740097,88.84972907576731,90.43796281822975,360353400
2010-05-05,88.7737808227539,89.51850435846062,88.12785051597062,88.57620016263176,328973200
2010-05-06,85.82527160644531,88.91054153433106,79.79151163337403,88.34820298046783,647356600
2010-05-07,84.5486068725586,86.45599977868947,83.14275759429076,85.59729322007082,637558800
2010-05-10,88.2721939086914,88.64455259569115,87.32229515776828,88.00621762025544,396159600
2010-05-11,88.0214614868164,89.18413718825674,87.32233706209374,87.44392114574242,317849800
2010-05-12,89.25249481201172,89.3816854635962,88.21900438567117,88.37099168232275,235607100
2010-05-13,88.14301300048828,89.42727810874946,88.06702225157184,89.00932029312526,234452500
2010-05-14,86.54717254638672,87.64145773763708,85.77205773439887,87.4818754468667,345601400
2010-05-17,86.5927963256836,87.02595006681123,84.93617212672237,86.78277613841894,325739800
2010-05-18,85.41490936279297,87.55788102708655,85.13373720412523,87.29950551414703,360556800
2010-05-19,84.9285659790039,85.69608014751375,83.86467800755972,84.9361609961569,394742700
2010-05-20,81.72173309326172,83.50754252637256,81.6685389670916,83.11998200843321,530418300
2010-05-21,82.91478729248047,83.11996293269956,80.06509019223773,80.48304808602944,500909400
2010-05-24,81.85092163085938,83.12758651329912,81.77493084692044,82.46645451780749,269823000
2010-05-25,81.93448638916016,81.97248466754323,79.32036253447785,79.87510609116502,396505200
2010-05-26,81.4405288696289,83.18834512545855,81.1973549886,82.43602683691951,349719300
2010-05-27,84.16866302490234,84.19906049253301,82.6640202646671,82.97558995958833,300870500
2010-05-28,83.11235046386719,84.13824004500597,82.71718930221282,84.07744512817878,297933500
2010-06-01,81.71410369873047,83.55310661487306,81.59251965188713,82.33723715782519,277909400
2010-06-02,83.84188079833984,83.8494758154419,81.69890903779503,82.13206271925442,240243700
2010-06-03,84.13065338134766,84.39662394004864,83.2719467781921,84.08506008491987,226618300
2010-06-04,81.1745834350586,83.08198259637396,80.90101200962195,82.53483974550068,398475600
2010-06-07,80.16389465332031,81.77492584379605,80.10310550852346,81.46335611166603,264609100
2010-06-08,81.02259826660156,81.18218062468894,79.52555631032699,80.22468067844049,357774300
2010-06-09,80.58943939208984,82.28405608570199,80.24747224836503,81.49373936398814,268023300
2010-06-10,82.94518280029297,83.0439702102568,80.58183359710058,81.96488632521145,317890600
2010-06-11,83.34794616699219,83.40114028423946,82.16247395535348,82.21566807260075,214128200
2010-06-14,83.2187728881836,84.4422435532285,83.13518129260476,83.98628728726226,207196100
2010-06-15,85.1109390258789,85.18692977617891,83.65949076494144,83.80387724891729,238268700
2010-06-16,85.08052825927734,85.43009029416258,84.50298821142613,84.67017131457162,216374000
2010-06-17,85.21733856201172,85.36172506517786,84.38902941752323,85.32372678611623,263185800
2010-06-18,85.30975341796875,85.61516270511218,85.03488039929266,85.38610573975461,174006600
2010-06-21,85.06539154052734,86.43211333152203,84.5919979972136,86.37103499150302,213140700
2010-06-22,83.66049194335938,85.43952908817896,83.53832942767815,85.06539873818964,239355400
2010-06-23,83.4009017944336,84.01172608818091,82.82825074230988,83.7139480071012,254639900
2010-06-24,82.01889038085938,83.09547702925305,81.80510161175322,82.98858264469997,268523600
2010-06-25,82.36248779296875,82.7824283705824,81.5225949871269,82.2632245566562,238726500
2010-06-28,82.10287475585938,82.70606778999752,81.8050967273402,82.48464205655642,169218600
2010-06-29,79.56796264648438,82.08762987479619,79.06403269600703,80.9499588023012,373649500
2010-06-30,78.81204223632812,80.07950664143625,78.55243744352347,79.34651412547493,284101700
2010-07-01,78.46082305908203,79.01820009705052,77.21625783879092,78.75860110957088,382924800
2010-07-02,78.03323364257812,78.96474678486884,77.59038800264716,78.72805292341377,233385200
2010-07-06,78.5447998046875,79.69010160853085,77.78889641993041,79.13271883419235,256935300
2010-07-07,81.01866912841797,81.11792654432308,78.65934382834298,78.74333311307329,253769400
2010-07-08,81.82036590576172,81.91198632438491,80.86594770972758,81.69819758052229,210842100
2010-07-09,82.43119812011719,82.43883509751835,81.64475838169827,81.79746297787996,144999900
2010-07-12,82.484619140625,82.64496066333477,81.81271097517858,82.15629912022735,131283600
2010-07-13,83.72919464111328,84.05750887823181,83.17181190246508,83.33979042165511,213025900
2010-07-14,83.72158813476562,84.04990831667874,83.11839497146906,83.46198328554439,184426800
2010-07-15,83.74449157714844,84.03463268491336,82.59155247405599,83.69104437768364,232337900
2010-07-16,81.4385986328125,83.38560825766896,81.2782512495984,83.29398201373324,282693400
2010-07-19,81.91964721679688,82.17924624575888,81.10266523549282,81.73640050074675,186709000
2010-07-20,82.82823944091797,82.88931778424352,80.7972345236893,80.83541358541135,258162400
2010-07-21,81.75165557861328,83.27872489423159,81.41569846507898,83.25581978654645,264527000
2010-07-22,83.5765151977539,83.94301445036923,82.71372300504774,82.72135415852348,274781300
2010-07-23,84.3018569946289,84.42401950003841,83.17182323673127,83.40851709586047,222020800
2010-07-26,85.17990112304688,85.26389037832003,84.21021493758259,84.44690875227664,184445700
2010-07-27,85.17227935791016,85.73729328039289,84.83632229979848,85.64566703946075,204855600
2010-07-28,84.62252807617188,85.25626309459014,84.34001822059479,84.99665834143443,163056200
2010-07-29,84.21023559570312,85.37844265523891,83.53832721399355,85.14937993460929,220149100
2010-07-30,84.19497680664062,84.64546535160896,83.21002207631413,83.35508972189037,220070600
2010-08-02,86.09615325927734,86.2335897045375,85.16464022199254,85.5082284224899,188263200
2010-08-03,85.68386840820312,86.1038090148888,85.40135846074324,85.88238906926433,146657300
2010-08-04,86.25651550292969,86.36340989430018,85.6380542635279,85.92055837273246,158171700
2010-08-05,86.16490936279297,86.21072541644133,85.57699007296962,85.70678960347092,140473800
2010-08-06,85.81367492675781,85.95111142252216,84.69127784890024,85.31737614620272,239728300
2010-08-09,86.27178192138672,86.41685537478473,85.760215083509,86.2183347267623,120800400
2010-08-10,85.8060302734375,86.26415576855041,85.03486439563326,85.53879428482675,242916300
2010-08-11,83.45435333251953,84.51566620495171,83.31691683985093,84.48512411488002,273406900
2010-08-12,82.94276428222656,83.24054232018749,82.15632454990379,82.19450361130673,239542600
2010-08-13,82.69844055175781,83.19473926617121,82.59918313899809,82.68317242106686,158698500
2010-08-16,82.66024780273438,82.92748371655804,81.83562913267329,82.13340712597768,147895300
2010-08-17,83.67574310302734,84.2865730334722,83.13363430677786,83.37033396311087,172270300
2010-08-18,83.8284683227539,84.2789509615095,83.15655994068716,83.63758466389673,182922100
2010-08-19,82.37010955810547,83.59940071531369,82.02652132236932,83.39324893893334,265847600
2010-08-20,82.10287475585938,82.41592673857818,81.50731869882104,82.12577986185212,209714200
2010-08-23,81.7898178100586,82.89694050592365,81.75163875490216,82.49226815261169,163490300
2010-08-24,80.57581329345703,81.23245357975959,80.14823573969993,80.89649645877486,280677800
2010-08-25,80.88883209228516,81.19424117653129,79.62899923120276,80.1329288804528,272234800
2010-08-26,80.34675598144531,81.37752662209249,80.07951418638616,81.27063223419172,224439500
2010-08-27,81.59131622314453,81.6753055038171,79.6443004625457,80.8506866528359,272649000
2010-08-30,80.40782928466797,81.62948934172313,80.40019813265886,81.37752151805749,167238600
2010-08-31,80.40782928466797,80.91940190931524,79.78173112681529,80.11005124772016,273933100
2010-09-01,82.81298065185547,82.9275120326891,81.43862155777597,81.4920687587906,256828100
2010-09-02,83.5841293334961,83.59939746158288,82.8358629005027,83.01147841268596,156112200
2010-09-03,84.66835021972656,84.74470251366583,83.95062584102293,84.40111427828583,212197300
2010-09-07,83.71393585205078,84.37821307317373,83.64522053192094,84.27131869165603,141973700
2010-09-08,84.3018569946289,84.63780825348499,83.84373157975007,83.88191063942551,149924400
2010-09-09,84.6912612915039,85.27154925187295,84.46220439355007,85.24864414460828,147017900
2010-09-10,85.11882781982422,85.21808520677733,84.65307131319533,84.84395493639386,127819000
2010-09-13,86.06560516357422,86.24121482699968,85.615116803537,85.95871080532247,178503500
2010-09-14,86.01217651367188,86.50083820675172,85.5769620112318,85.8976451550704,209823600
2010-09-15,86.34050750732422,86.43976492378088,85.50062048066151,85.76021948922862,168608400
2010-09-16,86.3176040649414,86.37105126334384,85.78312625560929,86.07327318291487,199962900
2010-09-17,86.34983825683594,86.85647182919215,86.11187719760468,86.77203290046612,195836900
2010-09-20,87.67015075683594,87.86205635060972,86.3728670688471,86.64921159240086,214555200
2010-09-21,87.49358367919922,88.1537334039475,87.13280029683574,87.73922255664989,268389100
2010-09-22,87.0636978149414,87.84667564231897,86.81805897539964,87.35539796323543,191322400
2010-09-23,86.3575210571289,87.25563787056443,86.11188212038172,86.34984319321656,202354300
2010-09-24,88.13841247558594,88.1998236792355,87.24029558406646,87.31705666038104,209671800
2010-09-27,87.7161865234375,88.26887544640624,87.63175346911588,88.16908666839514,128761800
2010-09-28,88.02323150634766,88.30725381331926,86.87947613004323,87.83132596672982,209207500
2010-09-29,87.86973571777344,88.20749144267292,87.52430212917332,87.8006466574558,179665800
2010-09-30,87.60870361328125,88.88295904419817,87.19418699803688,88.31492035952621,287106700
2010-10-01,87.9771728515625,88.36866177796392,87.45518956852462,88.26886715283669,174638700
2010-10-04,87.3170166015625,88.16139976663085,86.8794722251594,87.7929444267609,166153200
2010-10-05,89.07492065429688,89.28985402944676,88.02327566131899,88.12307034013517,229634100
2010-10-06,89.06721496582031,89.29750399953943,88.70643154602394,89.05953710296477,148626600
2010-10-07,88.9597396850586,89.45101744329116,88.42240646714572,89.42798971345103,164860000
2010-10-08,89.45869445800781,89.7043333347973,88.74480555726139,89.08256120903172,177760100
2010-10-11,89.54314422607422,89.78878313264198,89.23609412874114,89.5968775538705,103098300
2010-10-12,89.81949615478516,90.08048495237746,88.77552925142798,89.25145137797723,182210000
2010-10-13,90.51802062988281,91.0016264292795,90.10350388318282,90.31844304763325,194347200
2010-10-14,90.1649169921875,90.58711161072762,89.59687811528275,90.43358363285233,217764300
2010-10-15,90.34912109375,90.84807664256434,89.62756028406459,90.79434332847615,243705000
2010-10-18,90.79438018798828,91.09375246751371,90.04978549299115,90.37986337253129,141204800
2010-10-19,89.60453033447266,90.46426333855405,89.0595134896101,89.95763579779063,280604700
2010-10-20,90.47964477539062,90.91718926260556,89.712022457014,89.76575578504062,200051800
2010-10-21,90.67924499511719,91.41616190191468,89.97303369149815,90.88650635244788,221585500
2010-10-22,90.84809875488281,90.9862710042394,90.57943211904872,90.81739315985985,108212400
2010-10-25,91.11677551269531,91.93045922996058,91.04769230858942,91.45453123897501,151145700
2010-10-26,91.13212585449219,91.22423678785654,90.47964803168855,90.6561978916327,158982900
2010-10-27,90.87113952636719,90.97093418863494,90.01140616833268,90.49500618222709,190024000
2010-10-28,90.88648986816406,91.43150104861769,90.44894535109601,91.39311758748259,168576000
2010-10-29,90.95557403564453,91.13212975964811,90.6331740420665,90.79437403885551,144305500
2010-11-01,90.98628234863281,91.92278261587114,90.46429888114722,91.40079914838556,174074800
2010-11-02,91.70781707763672,91.92275033762961,91.42379478036493,91.6694336284271,158345900
2010-11-03,92.07627868652344,92.13001200517778,90.92484540979413,91.86902327356886,226702800
2010-11-04,93.8495101928711,93.89556565981373,92.09165430780418,93.09723771267676,215039400
2010-11-05,94.2026138305664,94.35613595487496,93.78809706714094,93.91091359528906,180654100
2010-11-08,94.02606201171875,94.17958999888072,93.60387322413459,93.91091748547075,156107100
2010-11-09,93.35052490234375,94.37913571462475,92.97439170972521,94.27934694905018,186621600
2010-11-10,93.7266616821289,93.77272299272707,92.6212897881395,93.32750074806177,221387400
2010-11-11,93.37359619140625,93.51176846939168,92.63667932764888,92.92070174808964,158017600
2010-11-12,92.2682113647461,93.15097830778741,91.84602255302666,92.74413936741473,239068800
2010-11-15,92.1376953125,92.92067326658847,92.09931771490294,92.55988988151759,163940800
2010-11-16,90.70226287841797,91.7231961889036,90.26471250128903,91.56967405609952,299566200
2010-11-17,90.74830627441406,91.12443954929158,90.47196178693457,90.74062841184708,172308900
2010-11-18,92.08396911621094,92.41404693485018,91.61571905124613,91.6233969139568,197723700
2010-11-19,92.33726501464844,92.3756426065442,91.53893731141763,92.03789285799839,156852900
2010-11-22,92.2605209350586,92.2988985340095,91.17049287927661,91.87670980659125,181361000
2010-11-23,90.92485809326172,91.36240256519396,90.57175254192107,91.17049699230274,222309000
2010-11-24,92.2682113647461,92.29124495650757,91.48523908318849,91.50058895453525,140046100
2010-11-26,91.19355010986328,91.96884457370014,91.19355010986328,91.46989466252607,76007800
2010-11-29,91.46988677978516,91.71552571026167,90.37985853533249,90.96325319139946,223642300
2010-11-30,90.95557403564453,91.47755748755401,90.43359058373505,90.56409083908291,233930700
2010-12-01,92.88996124267578,93.06651106368176,92.26051129203883,92.2681832971313,221037200
2010-12-02,94.07977294921875,94.14886199111977,92.98207299239611,93.03580631098914,191213600
2010-12-03,94.33312225341797,94.44058892771777,93.73437768046351,93.75740541688567,151288900
2010-12-06,94.23331451416016,94.4482478195847,94.0337310777688,94.13351986771781,103050500
2010-12-07,94.28706359863281,95.19285829180187,94.23333026329627,95.13912495646532,206581000
2010-12-08,94.63249206542969,94.70925313699459,93.96466430067119,94.40220885073497,138019200
2010-12-09,95.00091552734375,95.20049306253405,94.53266556406525,95.16211547030147,123705100
2010-12-10,95.5536117553711,95.64572266902039,94.97789511909309,95.29261716821564,117571700
2010-12-13,95.61502838134766,96.10630616719133,95.58432278767079,95.9911675115195,133812700
2010-12-14,95.69944763183594,96.12931999847234,95.40775333659391,95.76085880656856,147249600
2010-12-15,95.26192474365234,95.89905264807784,95.10072476599528,95.52291936687803,160823100
2010-12-16,95.81460571289062,95.883694758389,94.99325016792064,95.32332795831938,185035200
2010-12-17,95.91726684570312,96.04072928968853,95.54686773915876,95.74750083384087,141075300
2010-12-20,96.14876556396484,96.38026575212838,95.67034047645856,96.17963264820628,119085500
2010-12-21,96.75833129882812,96.82006543800495,96.35707116876186,96.44966649023556,94965500
2010-12-22,97.0593032836914,97.09017036136252,96.77379311799646,96.82780903209765,78878100
2010-12-23,96.92040252685547,97.0593014300763,96.6811900385891,96.9512696039371,70053700
2010-12-27,96.9590072631836,97.05160262567973,96.48829454618102,96.55774106805313,58126000
2010-12-28,97.09786987304688,97.19046520090609,96.84322094685011,97.15188577672873,55309100
2010-12-29,97.16732025146484,97.38338387482558,97.15188965863574,97.21362380453657,58033100
2010-12-30,97.01300811767578,97.32938536921712,96.86639096677261,97.07474227461326,76616900
2010-12-31,97.03617095947266,97.12877220824356,96.71207541971566,96.86640494703973,91218900
2011-01-03,98.03929901123047,98.46370801849288,96.99755443137686,97.77693183442612,138725200
2011-01-04,97.98531341552734,98.28626011119837,97.37570178172615,98.25539302865596,137409700
2011-01-05,98.49458312988281,98.55631728090944,97.58402500776448,97.67662623430442,133975300
2011-01-06,98.30167388916016,98.64120585173795,98.00844548612034,98.53317402497102,122519000
2011-01-07,98.10877227783203,98.5949155637213,97.34483114649352,98.4328678017582,156034600
2011-01-10,97.98531341552734,98.1242123433212,97.38341413689125,97.6766484773972,122401700
2011-01-11,98.33255004882812,98.57176256057915,97.96215097477773,98.34026829067952,110287000
2011-01-12,99.21994018554688,99.32797200129674,98.35567977225547,98.93443005276181,107929200
2011-01-13,99.05789947509766,99.30483610016194,98.81097462461973,99.25853842660896,129048400
2011-01-14,99.7755355834961,99.7986844172204,98.84954691076963,98.91899341194254,117677900
2011-01-18,99.94532012939453,100.0379154815074,99.56720281728866,99.68294700742975,114401300
2011-01-19,98.96527862548828,99.96071367412098,98.7029173599055,99.8604059988001,151958400
2011-01-20,98.83412170410156,99.0810465501891,98.10104185788597,98.74152047134893,175745700
2011-01-21,99.05789947509766,99.67522926317199,98.94986764527863,99.45145324947055,151462900
2011-01-24,99.6211929321289,99.73693708545086,98.97299034977617,98.99613918044057,113715500
2011-01-25,99.67523956298828,99.76012256480212,98.85728251346643,99.35885639490151,167552200
2011-01-26,100.06108856201172,100.35432294752901,99.72155648922114,99.92219550019186,141281500
2011-01-27,100.3079833984375,100.47774936398388,99.90671731854745,100.08419563722414,123302700
2011-01-28,98.55632781982422,100.58579556896946,98.39428007152061,100.42374193337254,295637300
2011-01-31,99.29713439941406,99.37430505582351,98.57949674808008,98.8264334289191,149249200
2011-02-01,100.88673400878906,101.06421233839342,99.83727696378762,99.899011116386,167194300
2011-02-02,100.69386291503906,100.9639367035045,100.57039455623675,100.62440460409353,118323600
2011-02-03,100.9176025390625,101.0719320444924,99.98390137773043,100.51633640527558,145886700
2011-02-04,101.20310974121094,101.24169506008205,100.49318461740975,100.95618489469086,134634800
2011-02-07,101.83586883544922,102.16767665030127,101.41916626030324,101.4268903882856,112439100
2011-02-08,102.29887390136719,102.35288392686245,101.65067117332282,101.9284689783173,99072800
2011-02-09,102.06736755371094,102.34516534179163,101.55806964646548,102.02106988479503,146436700
2011-02-10,102.10595703125,102.22170120825761,101.31886130384123,101.55036143244213,162708500
2011-02-11,102.71559143066406,102.84677212621872,101.68157057775862,101.70471941964539,137710300
2011-02-14,102.96247863769531,103.04736161839799,102.53807550876658,102.65381967582266,101690700
2011-02-15,102.63835906982422,102.80041264019607,102.1059242519324,102.64608319553547,119575400
2011-02-16,103.28662109375,103.41007765586893,102.77732303577264,102.98567438214313,130183500
2011-02-17,103.59523010253906,103.73412308327896,102.89301752324391,102.98562461832014,109810500
2011-02-18,103.81134033203125,103.93480866453943,103.44865946440612,103.68787199952307,130002400
2011-02-22,101.72786712646484,103.83449413677783,101.45006925233433,102.72330264025574,233116400
2011-02-23,101.1028060913086,101.9130507217117,100.47776393415343,101.66611409071444,227584000
2011-02-24,101.03337097167969,101.42692484575015,100.08423309964327,100.99479741700476,260431400
2011-02-25,102.11369323730469,102.17542740432428,101.39604384846682,101.4577780154864,141686900
2011-02-28,102.74642181396484,102.87761424476297,102.15225268428127,102.49178462957784,141585500
2011-03-01,101.03337097167969,103.16315869133814,101.00250977302188,103.07056332077536,258565500
2011-03-02,101.24942779541016,101.7201404666444,100.58580028800758,100.89445931604206,200277400
2011-03-03,102.99337005615234,103.10911424395103,102.15997658024158,102.1676889345659,176480100
2011-03-04,102.2217025756836,103.11683013846884,101.55036279088755,102.91619119619081,277202300
2011-03-07,101.41915893554688,102.75413777569243,100.88672399955803,102.52263767006258,216790400
2011-03-08,102.30659484863281,102.63069035258529,101.14139350528556,101.58123319829718,174615000
2011-03-09,102.15998840332031,102.47637158603439,101.55038265271904,102.10597836762587,153806000
2011-03-10,100.26942443847656,101.22627455987146,100.16910494848979,101.08738151950949,301291800
2011-03-11,100.96392822265625,101.32660913705405,99.92219494106685,99.94534378457396,225621800
2011-03-14,100.35428619384766,100.68609401417841,99.59033930985622,100.3079885235304,234974100
2011-03-15,99.20452117919922,99.7987021577778,97.61490484976929,97.68435136328723,359585400
2011-03-16,97.36795806884766,99.21222897272783,96.67346361155067,98.88812174716844,468670300
2011-03-17,98.65665435791016,99.0733511456455,98.0779098006045,98.7724044468301,254303700
2011-03-18,99.01544952392578,99.88346434520452,98.82169669074575,99.85245726948442,230435400
2011-03-21,100.55001068115234,100.759255301617,100.13149778874562,100.24775662585357,153992600
2011-03-22,100.20122528076172,100.66623688158334,100.1082276908919,100.53448635402233,129538600
2011-03-23,100.48799896240234,100.75150004742628,99.44948633855205,99.92223202452803,148603100
2011-03-24,101.44900512695312,101.59625921061335,100.49574425080733,101.06149935973674,159129800
2011-03-25,101.7590103149414,102.20076071187499,101.44125276801047,101.71251151797333,155642800
2011-03-28,101.51103210449219,102.23954501577967,101.48003683891716,101.9760438683005,109762400
2011-03-29,102.1930160522461,102.2240113086759,101.09250115006584,101.42575041606814,129798800
2011-03-30,102.89827728271484,103.20053128621537,102.58051973844239,102.72777381143385,135835000
2011-03-31,102.75877380371094,103.04553610539399,102.65027266477976,102.76653148732281,132537100
2011-04-01,103.19276428222656,103.67327939686056,102.94476678095938,103.39427481685023,153850100
2011-04-04,103.27804565429688,103.59580326107502,102.98354927612061,103.40979621243291,100768900
2011-04-05,103.26253509521484,103.71978903574103,103.03002928326934,103.07652808051107,120791500
2011-04-06,103.5880355834961,103.85153664426748,103.16952276863661,103.75853905240382,120411600
2011-04-07,103.32453918457031,103.836037788635,102.8130287547686,103.40203323937428,170731500
2011-04-08,102.96804809570312,103.8438150427699,102.541789323868,103.7818126917994,147945400
2011-04-11,102.65803527832031,103.42528914555888,102.41002590557483,103.07653631265609,121385400
2011-04-12,101.89073944091797,102.28599095784072,101.51873731759453,102.08449227140184,161187400
2011-04-13,101.88304138183594,102.44103891572998,101.49553553907575,102.36354484262183,162059000
2011-04-14,101.96051025390625,102.11551018755185,100.96075063001575,101.29399989606695,161220400
2011-04-15,102.33248901367188,102.58824416717081,101.84423992584132,102.1464938662066,170006700
2011-04-18,101.18549346923828,102.32476125185657,100.37172907797718,101.20874286678263,210759300
2011-04-19,101.76678466796875,101.7977917584542,101.09252827166125,101.34052586684443,124258800
2011-04-20,103.154052734375,103.37880090386113,102.91378919533527,102.98354922963145,156133800
2011-04-21,103.68103790283203,103.72753670088403,103.15403575725992,103.68878376059502,135935400
2011-04-25,103.57255554199219,103.74305904958457,103.23154852680739,103.60355080440026,65757100
2011-04-26,104.46378326416016,104.67303965709492,103.7817812615074,103.89028238641141,146600000
2011-04-27,105.14582061767578,105.3008205699701,104.23905847972883,104.66531721784192,143031000
2011-04-28,105.48683166503906,105.62632807974727,104.94432589827582,104.95981761608421,124791100
2011-04-29,105.73480224609375,105.8433151974891,105.38604947259763,105.52555767743755,115094100
2011-05-02,105.57205963134766,106.31606399365043,105.36280323069045,106.23082408769184,126278700
2011-05-03,105.19230651855469,105.54881700826873,104.65754669685205,105.37056767628015,138375000
2011-05-04,104.49483489990234,105.19234073945499,104.0298231230401,105.14584192691692,182678500
2011-05-05,103.54928588867188,104.58779844946936,103.09203194670332,103.91354223586362,226900000
2011-05-06,104.00653839111328,105.11481095839096,103.60352910976353,104.58005114435193,222787200
2011-05-09,104.40956115722656,104.7118152008416,103.83604832991728,103.99880596528148,114104500
2011-05-10,105.3008041381836,105.48681114735409,104.62654794676236,104.75829847694027,114806900
2011-05-11,104.19257354736328,105.16133816034346,103.71207008356188,105.14583461532861,193564200
2011-05-12,104.68856811523438,104.90557041669469,103.37879662201696,103.91355651695079,171550700
2011-05-13,103.88253784179688,104.89005517231777,103.51053562732695,104.74280109295293,157444900
2011-05-16,103.22378540039062,104.32430033074091,103.05328192132002,103.51053587621975,141675400
2011-05-17,103.20826721191406,103.3477754139629,102.3945028728798,102.83626504934303,192686200
2011-05-18,104.13055419921875,104.23905534513584,103.0377850559365,103.26254503188201,135217900
2011-05-19,104.37854766845703,104.6498064355109,103.80504670206744,104.47155709399016,119489500
2011-05-20,103.54928588867188,104.37854203548463,103.35553301572891,104.10729510880658,182594900
2011-05-23,102.34798431396484,102.85949457979503,101.98372807851607,102.28598199455513,168700000
2011-05-24,102.26276397705078,102.86727199459104,102.06901110410232,102.64252386529503,147199600
2011-05-25,102.6037826538086,103.03004138816661,101.82102521488804,101.85202047477853,151050100
2011-05-26,103.07650756835938,103.2625145460479,102.13099279347807,102.32474562725318,164850000
2011-05-27,103.47178649902344,103.75079112659016,103.04553961240389,103.36328535639957,120921900
2011-05-31,104.54906463623047,104.5645681801085,103.72755419678076,104.44832116537091,164731200
2011-06-01,102.20077514648438,104.56456287402456,102.11552339808986,104.24680528221424,233094300
2011-06-02,102.09227752685547,102.48754102205278,101.49552709319562,102.27053871422396,200466800
2011-06-03,101.07699584960938,101.85200732997049,100.8134947844634,100.8677394387056,234690200
2011-06-06,100.00747680664062,101.03049764304662,99.87572627329806,100.82124123092052,179951200
2011-06-07,99.94548797607422,100.8057512118034,99.8602362382727,100.51898891606903,161660500
2011-06-08,99.52698516845703,100.12374739316948,99.34097813295573,99.79048626611359,198696400
2011-06-09,100.2864761352539,100.69723125456396,99.55797531142548,99.79822696697632,160964400
2011-06-10,98.89147186279297,99.92223272285543,98.6279707759275,99.86024220596516,238629400
2011-06-13,98.96894836425781,99.38746112131209,98.46519571025956,99.1162024148608,207599800
2011-06-14,100.22449493408203,100.57324775116453,99.83698917604875,99.87573029126227,160570400
2011-06-15,98.44195556640625,100.20898670722917,98.17845450144068,99.38747643072672,300958000
2011-06-16,98.65896606445312,99.17822234904526,97.89945219472094,98.47295904766045,308032800
2011-06-17,98.95336151123047,99.64654080468375,98.61845419422187,99.6387506041444,233284900
2011-06-20,99.45963287353516,99.66992673770913,98.58732037676376,98.61847524338891,159479000
2011-06-21,100.82262420654297,101.01733766074037,99.49857509487384,99.97367639849014,193157300
2011-06-22,100.21512603759766,101.10301897411887,100.1528163018669,100.51109431122703,176703000
2011-06-23,99.92695617675781,100.19176364634882,98.28357399820499,99.03906322008365,334286500
2011-06-24,98.76644897460938,99.98145900723848,98.61847079254746,99.90358075746524,226129300
2011-06-27,99.64655303955078,100.02818378010726,98.6340407636667,98.82875420578421,168904700
2011-06-28,100.94725036621094,100.96283077120283,99.90358903472533,100.04377702655165,165556300
2011-06-29,101.811767578125,101.9753202174928,100.96281980595538,101.40676028289067,244295500
2011-06-30,102.78531646728516,102.94886907746915,101.80396515309077,102.13886651590032,223322700
2011-07-01,104.3040771484375,104.44427698230449,102.63733084850169,102.87877357333356,202385700
2011-07-05,104.21844482421875,104.42873871768849,103.8913275923592,104.19508015654078,165936000
2011-07-06,104.34307861328125,104.47548237639799,103.67326365115737,103.96923199481226,143331600
2011-07-07,105.42565155029297,105.69045899182079,105.05180505140862,105.26988316612164,170464200
2011-07-08,104.67791748046875,105.4256221541184,103.89127963490658,104.23397711514757,194100500
2011-07-11,102.78531646728516,103.7277227223622,102.54387373886647,103.39282135955267,195918600
2011-07-12,102.34135437011719,103.41617609998474,102.31020545642873,102.56722856071717,214675700
2011-07-13,102.68409729003906,103.75891949561829,102.43487021713767,102.87881076876762,204062600
2011-07-14,101.975341796875,103.41622635569013,101.78062830970366,102.94112497161734,226111800
2011-07-15,102.56724548339844,102.7074334446697,101.85070150671747,102.54388082318656,220012800
2011-07-18,101.72610473632812,102.24793540464432,100.96283126909799,102.09216700705794,196872100
2011-07-19,103.37724304199219,103.50186247993328,102.27127227008334,102.29463692915184,166554900
2011-07-20,103.31494903564453,103.70437592516353,103.13581599408815,103.64207808108216,137145400
2011-07-21,104.7480239868164,105.00504709859527,103.33050474325344,103.89906453844523,245246300
2011-07-22,104.81815338134766,104.92719244582833,104.1794875148418,104.77142405147976,126019400
2011-07-25,104.23401641845703,104.74806283264894,103.71218574381994,103.82122481188789,136653800
2011-07-26,103.84454345703125,104.33522498806627,103.6108850191878,104.16387625927187,131278200
2011-07-27,101.71831512451172,103.29938745134781,101.58589951494446,103.26822664284975,249020100
2011-07-28,101.42232513427734,102.6295506910339,101.25876063562464,101.7182933297614,207939900
2011-07-29,100.72916412353516,101.6793667172972,99.669922472343,100.40204695124483,307038400
2011-08-01,100.30079650878906,101.99870405891737,99.32722920932935,101.90523351680005,325790900
2011-08-02,97.73834991455078,100.08270123371976,97.73834991455078,99.54529027501314,346653800
2011-08-03,98.26798248291016,98.3770215394945,96.21180892705827,97.87077132343128,370830800
2011-08-04,93.66495513916016,97.06075801892959,93.5091808213554,96.90498370112483,520721800
2011-08-05,93.52477264404297,95.07469015681106,91.01686227189374,94.83324736246068,655619200
2011-08-08,87.43415069580078,93.5559435405986,87.24722145958305,91.05582294248413,702263900
2011-08-09,91.49977111816406,91.62438466902296,85.88422851322476,88.84387610897572,717828700
2011-08-10,87.45748138427734,90.56510593721006,87.1926680402843,89.7706777895951,662607400
2011-08-11,91.3829116821289,92.62128628924418,87.48085274070264,88.21297716534642,487979700
2011-08-12,91.99820709228516,92.84715482756614,91.3439668523282,92.2162851915433,313731600
2011-08-15,93.94535064697266,94.03880930311105,92.68360530945633,92.8315894379196,258810600
2011-08-16,93.14310455322266,93.99984831646732,92.14617283837259,93.04964591881905,294095200
2011-08-17,93.2054214477539,94.39706666561037,92.46551280490435,93.65715802276081,238201100
2011-08-18,89.1865463256836,93.23658352825107,88.31422796938756,90.73646365477373,512956300
2011-08-19,87.73008728027344,90.25357180545645,87.62104822896312,87.97932024643741,428281300
2011-08-22,87.8001708984375,89.74730494181277,87.55093797857273,89.70056968408832,275090600
2011-08-23,90.68976593017578,90.79101481575506,87.68338887329386,88.1273354365026,331136600
2011-08-24,91.9670639038086,92.0916774296967,90.28473673794443,90.4950306047691,246869700
2011-08-25,90.5650863647461,92.99511148659667,90.24575951144521,92.47328105426305,312365400
2011-08-26,91.88136291503906,92.30194458479083,88.67248384703387,90.10557760420821,314495900
2011-08-29,94.52171325683594,94.57623279415436,91.95149291540385,93.11977380838499,190977200
2011-08-30,94.77095031738281,95.35509078878133,92.88612515579446,94.10892563823465,241315700
2011-08-31,95.19149780273438,96.19621976386577,94.47495384263792,95.3784210222852,301828400
2011-09-01,94.194580078125,96.11055970502089,94.06996061840027,95.24603151527504,254585900
2011-09-02,91.7879409790039,94.14008334222893,91.46082373130274,92.23188751293674,255517200
2011-09-06,91.11807250976562,91.2504821254855,89.08526432780911,89.09305452689401,285130500
2011-09-07,93.68831634521484,93.72725546659264,92.18512840140023,92.4966710833346,209803200
2011-09-08,92.71475982666016,94.19458327917471,92.50446596677392,93.12755140220628,250568200
2011-09-09,90.28472900390625,92.73032940456937,89.7862630586872,91.65551332435005,380195100
2011-09-12,90.86886596679688,90.93896589452527,88.8282729362508,89.15539008649647,305793500
2011-09-13,91.70226287841797,92.04496051967043,90.51840748292132,91.1648576908533,272514700
2011-09-14,92.9717788696289,94.08554002483766,90.90781514172954,92.1695544760645,319389500
2011-09-15,94.57620239257812,94.6073572527716,92.99513037639626,93.96869747426017,326777200
2011-09-16,95.13594818115234,95.48824914693557,94.19649088491134,94.95588841961933,284528300
2011-09-19,94.18868255615234,94.67407232480659,92.94390104693414,93.57803457254151,241517000
2011-09-20,94.0791015625,95.5039491845526,93.95384331800693,94.58797699314592,218932200
2011-09-21,91.30767059326172,94.4157180274666,91.15892683849766,94.12605504987202,316251300
2011-09-22,88.35619354248047,89.4130846094344,87.13489772937143,88.66151749575774,513911300
2011-09-23,88.88856506347656,89.37395482950353,87.69857917674112,87.76904177527456,307242500
2011-09-26,91.00234985351562,91.12761404402417,88.45015468762006,89.72625227056784,260673700
2011-09-27,92.02008819580078,93.60150956556731,91.47206639496817,92.79514085896349,311753900
2011-09-28,90.14117431640625,92.76383193336115,90.00808560126293,92.20798555871116,286696800
2011-09-29,90.85357666015625,92.0905272896113,89.19386251115766,91.63645967843274,298108900
2011-09-30,88.5832290649414,90.38385671496336,88.52059697982993,89.6009735698431,288392300
2011-10-03,86.0623779296875,89.20956677177983,85.96842976539865,88.06655765110244,365136800
2011-10-04,87.9490966796875,88.13699295002789,84.10514323607795,84.82539435360816,459177500
2011-10-05,89.57748413085938,89.81235145333883,87.3540989625301,88.168298114755,284108000
2011-10-06,91.19808959960938,91.33118432287979,88.86510030996766,89.53055003461338,257800800
2011-10-07,90.5874252319336,91.79306622144392,90.0785498962488,91.73043412442183,312657900
2011-10-10,93.61719512939453,93.65633571426902,92.12188502071785,92.1297155268632,230666300
2011-10-11,93.71112060546875,93.97730401062266,92.96738392325274,93.06133206147031,209088000
2011-10-12,94.53314971923828,95.62135692761332,94.20434019719511,94.41571604053,281544900
2011-10-13,94.34526062011719,94.62709906344095,93.25705339786572,93.97730454283753,212538800
2011-10-14,95.9580078125,95.98149335631416,94.90894703596268,95.44130792981129,211397600
2011-10-17,94.12605285644531,95.94234170119954,93.89118549955921,95.50392303320714,202311600
2011-10-18,95.96581268310547,96.68606370799523,93.31966395895208,94.05557599081827,318857900
2011-10-19,94.83064270019531,96.3572685695804,94.50183317986928,95.80924672944538,226601300
2011-10-20,95.2455825805664,95.5900471617025,93.80507424143006,95.06551679832734,262075600
2011-10-21,97.05406188964844,97.17149560129515,96.07545758080376,96.36512063354871,278999400
2011-10-24,98.24403381347656,98.48673172318675,97.12451033968158,97.21062798942937,203215600
2011-10-25,96.33378601074219,97.82125940290987,96.12240418904246,97.7742883193878,268596800
2011-10-26,97.31241607666016,97.68036628412509,95.67618654590434,97.35155666574701,289053800
2011-10-27,100.70227813720703,101.32075065999945,99.12085059804903,99.91938889976697,393220200
2011-10-28,100.67878723144531,100.87450803714731,100.05247826402895,100.20905251942055,225906500
2011-10-31,98.25186157226562,100.69445383011463,98.1109423287031,99.5514508154451,228146700
2011-11-01,95.51177978515625,96.69393545327723,95.1359931054548,95.53526533271385,416565800
2011-11-02,97.06971740722656,97.39070248910883,96.13025965529252,96.94445916100116,244717600
2011-11-03,98.83901977539062,99.03474060662903,96.76437776967846,98.07179148884877,291174800
2011-11-04,98.23619079589844,98.40842009006089,97.0853514866547,98.04046998746719,249401600
2011-11-07,98.84686279296875,98.9486354878417,97.23411887783578,98.16575206379173,196617200
2011-11-08,100.11508178710938,100.2246909086554,98.41622701053852,99.3635147795885,224426300
2011-11-09,96.41992950439453,98.48674135461097,96.18506207794535,97.77431454119474,337982000
2011-11-10,97.32805633544922,97.81344615523363,96.31030560693947,97.69601245995545,231866500
2011-11-11,99.15997314453125,99.418320019854,98.47886271904221,98.51017875879245,189924400
2011-11-14,98.22053527832031,99.77847132812495,97.7977775917196,98.79204269898203,159258300
2011-11-15,98.70592498779297,99.23045534982843,97.6412032533454,97.99349833879002,184709400
2011-11-16,97.14015197753906,98.90946376527874,96.99923275814233,97.71165338686892,235782500
2011-11-17,95.59786987304688,97.20278285316097,94.90893479401652,96.96008499489267,331219600
2011-11-18,95.49608612060547,96.09890349816924,95.0968140548338,95.9031827171139,215580400
2011-11-21,93.6798095703125,94.2199949339724,92.88909584064513,94.10256125563764,229611600
2011-11-22,93.31182861328125,94.02424905211123,92.78729245299947,93.47623332993433,216494900
2011-11-23,91.25288391113281,93.31187100176275,91.25288391113281,92.43503947504087,224329100
2011-11-25,91.08063507080078,92.1453567760322,90.9710318928733,91.11195111776938,99557000
2011-11-28,93.71896362304688,94.08691974737013,93.0221979304489,93.58587488916318,210686000
2011-11-29,93.98512268066406,94.72885926922795,93.64065219016746,93.98512268066406,199241500
2011-11-30,97.85260009765625,98.03266591805631,93.94601338034312,96.67827493040197,324439500
2011-12-01,97.83692932128906,98.3614597114643,97.41417161232036,97.74298117276523,176954800
2011-12-02,97.75081634521484,99.03474457170965,97.68818424320877,98.73725104656974,221109700
2011-12-05,98.8155288696289,99.56709610405359,98.20488086496668,99.30091268209095,225263900
2011-12-06,98.84686279296875,99.51231250882593,98.45542108094376,98.80771623259565,178842100
2011-12-07,99.21481323242188,99.62974046755537,97.83693681318941,98.51804153013451,237802500
2011-12-08,97.03836059570312,98.78419258608317,96.80349924282625,98.56498626756174,240862800
2011-12-09,98.68244934082031,98.93297177564011,97.39069060977957,97.47680825671068,209111400
2011-12-12,97.24195861816406,97.83695174935939,96.4199345286117,97.82129073455243,215826100
2011-12-13,96.33378601074219,98.30664916669707,95.86405128382064,97.75080277762675,245159800
2011-12-14,95.30821990966797,96.31814017497251,95.09684402759311,95.95018403494767,238618800
2011-12-15,95.65265655517578,96.45119468206208,95.50390685614907,96.31810598973503,199109200
2011-12-16,95.79447937011719,96.86595362240378,95.56600863483791,96.29870785131615,220481400
2011-12-19,94.77030944824219,96.36964115519444,94.56546712784792,96.16479883480018,183903000
2011-12-20,97.63806915283203,97.80351662383406,94.83333029255645,96.25933421700778,225418100
2011-12-21,97.82713317871094,97.97682629632249,96.7083899071041,97.638051248069,194230900
2011-12-22,98.69377136230469,98.79619550634645,97.87441427481006,98.18954884193573,119465400
2011-12-23,99.57616424560547,99.60767890462722,98.80407613739543,99.00891240482697,92187200
2011-12-27,99.65495300292969,99.91494444509932,99.31617791456507,99.40284172862162,86075700
2011-12-28,98.34712219238281,99.6864621358503,98.26833855055648,99.67070781180767,119107100
2011-12-29,99.36345672607422,99.46587486897943,98.37076591564296,98.67014618700159,123507200
2011-12-30,98.87500762939453,99.52892346507535,98.87500762939453,99.2846862911511,95599000
2012-01-03,100.45066833496094,101.14397875548286,100.39551918885634,100.65551059655206,193697900
2012-01-04,100.60823059082031,100.69489438906508,99.82826241742315,100.21430642090981,127186500
2012-01-05,100.87608337402344,101.02577646310172,99.6076532373889,100.06460665924523,173895000
2012-01-06,100.61611938476562,101.01792375555345,100.28522449626098,101.00216342135437,148050000
2012-01-09,100.8603744506836,100.98642108189844,100.3797863556835,100.84461411367619,99530200
2012-01-10,101.73490905761719,102.14458173644095,101.59309003678017,101.93974539702907,115282000
2012-01-11,101.79000091552734,101.92393368782852,101.25426982632266,101.41971124203118,111540700
2012-01-12,102.03422546386719,102.18391855912948,101.27001167766227,102.08150645837945,118983700
2012-01-13,101.50636291503906,101.6718163325981,100.62397674568405,101.34879567359852,179836200
2012-01-17,101.90029907226562,102.67239908330983,101.55364388716193,102.48331115826835,132209200
2012-01-18,103.02693939208984,103.08208252925705,101.69547366283535,101.87667543011706,163395200
2012-01-19,103.57056427001953,103.65722808184297,103.05058139907894,103.38147631105564,126328900
2012-01-20,103.95662689208984,103.95662689208984,103.14514374487405,103.39726108307751,138230200
2012-01-23,103.68875885009766,104.1929814932837,103.19241036544314,103.60996917831831,129295800
2012-01-24,103.57056427001953,103.6020729190401,102.8930141107491,103.05058139907894,103083300
2012-01-25,104.43721771240234,104.6814488765049,103.01121354397122,103.41301203766093,198613200
2012-01-26,103.90145874023438,105.09897974374034,103.49177417502787,104.90201762876211,184880500
2012-01-27,103.85420989990234,104.03541171477687,103.3263407503541,103.39725626192744,135259100
2012-01-30,103.49964141845703,103.55479657734125,102.4675619283683,102.82209130732518,147311800
2012-01-31,103.46023559570312,104.13777353447158,102.95600118648197,104.01172695377628,157212000
2012-02-01,104.36627197265625,104.89412892499996,104.09840641862125,104.22445301830068,166234500
2012-02-02,104.5317153930664,104.79959297383562,104.1614377210621,104.57111021567471,113090400
2012-02-03,105.99712371826172,106.06015303598998,105.39048907565174,105.57169085061231,160598500
2012-02-06,105.92619323730469,105.97346220814605,105.4377311764638,105.55590360356722,107694500
2012-02-07,106.19409942626953,106.37531324604777,105.28807841383708,105.705637178344,135528100
2012-02-08,106.50923919677734,106.5328736897283,105.81592867924532,106.24924775270283,139361400
2012-02-09,106.64320373535156,106.82440557577422,106.01292235198264,106.6825985758654,148602900
2012-02-10,105.85530090332031,105.94196469950532,105.44561641029922,105.69773364342339,167907500
2012-02-13,106.64320373535156,106.76926241634884,106.15474137350895,106.61169507591099,115841900
2012-02-14,106.50923919677734,106.57226851851789,105.76865969334338,106.35954606034531,165329500
2012-02-15,106.01288604736328,107.01345695000052,105.80016359873036,106.85588966352232,195195100
2012-02-16,107.18679809570312,107.28133607519551,105.83169762210937,106.02078560270904,186567800
2012-02-17,107.47039794921875,107.64372555059353,107.11586859062923,107.55706174990614,129869400
2012-02-21,107.51765441894531,107.97460785835243,107.18675958798373,107.72249064146138,134042300
2012-02-22,107.1710205078125,107.58070505569286,106.98193255764936,107.35222227987744,124455300
2012-02-23,107.64374542236328,107.72252306014164,106.75347276200712,107.11588836495297,137704300
2012-02-24,107.88006591796875,108.09278833284675,107.64372103656149,107.88006591796875,105539100
2012-02-27,108.06126403808594,108.35276403067633,106.98978998498517,107.16311755398748,145728900
2012-02-28,108.37643432617188,108.50249296739246,107.88008593987438,108.0928083942324,129355900
2012-02-29,107.95098114013672,108.87276224020631,107.57280528758655,108.53398120833155,185934700
2012-03-01,108.51033020019531,108.71517842787591,107.88004923017967,108.17943539579926,145023500
2012-03-02,108.17947387695312,108.58128429934337,107.93524276932747,108.43946532037802,120638300
2012-03-05,107.7383041381836,108.09283363047588,107.36801430665575,108.0140559775312,140765000
2012-03-06,106.16255950927734,106.69829058837567,105.85529915000362,106.63527330274975,202129900
2012-03-07,106.90316009521484,107.07648771917243,106.30438756822915,106.40681171555323,143692200
2012-03-08,107.96674346923828,108.18735208934152,107.33647434304504,107.55707094153527,116968900
2012-03-09,108.3843002319336,108.66791408921061,108.0376450442242,108.1715778173644,122836800
2012-03-12,108.3921890258789,108.53399597366854,108.00613896531866,108.36855453458062,104003500
2012-03-13,110.34605407714844,110.40120924006929,108.79399163947194,108.97520544197171,184090500
2012-03-14,110.22787475585938,110.65330761094387,109.88909368577727,110.37756787834128,145163600
2012-03-15,110.86600494384766,110.91327391464051,110.10966534633158,110.39329119269885,165118500
2012-03-16,111.01957702636719,111.16200546755336,110.78218421675702,111.06705317342924,152893500
2012-03-19,111.45479583740234,111.79504960959994,110.8692285134042,110.948363475185,125291100
2012-03-20,111.13031005859375,111.26482977445724,110.497266868305,110.82170316354349,121729700
2012-03-21,110.94837188720703,111.29653435226017,110.71888772522334,111.1936733833062,122388400
2012-03-22,110.14910125732422,110.42606144828716,109.78510954415096,110.13327185587892,135216700
2012-03-23,110.50521087646484,110.6318219698782,109.63478677641946,110.24409209846013,120521000
2012-03-26,112.05615997314453,112.05615997314453,111.25695013243973,111.29650553178631,120164000
2012-03-27,111.70797729492188,112.23023893023935,111.63676309218681,112.15902472750429,119868500
2012-03-28,111.15406799316406,111.82667876702126,110.49728662232496,111.65259155671227,148562100
2012-03-29,110.96416473388672,111.16991077499257,110.06208184204051,110.4972999201896,164963700
2012-03-30,111.42308807373047,111.61300465399226,110.8217036810101,111.51013166373029,135486800
2012-04-02,112.23815155029297,112.5309411845729,111.06702923606501,111.2885925908028,151741100
2012-04-03,111.77922821044922,112.26984327489888,111.12244661837529,112.07992659759893,155806700
2012-04-04,110.6713638305664,111.05118494859708,110.25988390936074,110.95623268766332,146896000
2012-04-05,110.6159896850586,110.94042607562265,110.19660101405553,110.29156536879266,137439400
2012-04-09,109.37364959716797,110.65555363950311,109.07295128628037,109.22330044172416,127555900
2012-04-10,107.537841796875,109.46861889998362,107.4270600978917,109.16001187608016,235360300
2012-04-11,108.40823364257812,108.83553085665483,108.2104083987048,108.63770561278152,154133000
2012-04-12,109.82466888427734,109.91171248391224,108.43198336441489,108.5111183001906,154321500
2012-04-13,108.51905822753906,109.84845067092363,108.41618519625291,109.5714903902145,169246700
2012-04-16,108.44783782958984,109.23121833305348,108.07592527922476,109.07296049922336,147825300
2012-04-17,110.05418395996094,110.27574735340075,108.96218432493664,109.07296602165654,147877600
2012-04-18,109.68224334716797,110.05415582127249,109.50024747929648,109.5635530147075,123884200
2012-04-19,108.97797393798828,110.10952856456039,108.46363312123641,109.69806074087688,198666700
2012-04-20,109.15997314453125,109.85632190495137,109.09666761410257,109.46067139549363,143199600
2012-04-23,108.2420883178711,108.33705267457184,107.5694895270237,108.04426301333392,171844900
2012-04-24,108.653564453125,108.93052469930878,108.25000519302384,108.33704880688462,137484200
2012-04-25,110.14119720458984,110.18867333661773,109.61893560369117,109.71388786774692,150252200
2012-04-26,110.90876770019531,111.03537877702469,109.84050636017983,109.90381189859451,136291600
2012-04-27,111.09076690673828,111.40728253400268,110.62390213051926,111.2411160556929,130725000
2012-04-30,110.6792984008789,110.94834999366077,110.37861214610861,110.86921504149579,115092200
2012-05-01,111.36771392822266,112.09570944402905,110.4893692812929,110.61596827260583,138832200
2012-05-02,111.03534698486328,111.14612862679526,110.35482773462591,110.71881938341951,121081000
2012-05-03,110.1886978149414,111.1382568893307,109.98296383901832,111.05121326984427,143759700
2012-05-04,108.40823364257812,110.22822830107158,108.34492811562329,109.6110145061304,193927300
2012-05-07,108.48735809326172,108.85134974523308,107.98092600082377,108.02048138634285,127765900
2012-05-08,108.05216979980469,108.22625701126061,106.76234511700765,107.83851511769117,213377700
2012-05-09,107.41120910644531,108.09963715766209,106.42208279180244,106.90477691631999,220752500
2012-05-10,107.6328125,108.28959406631739,107.38751101454537,108.15506221206776,150600000
2012-05-11,107.30831146240234,108.30534621184505,106.91266102740703,106.96013714771958,153032400
2012-05-14,106.12141418457031,107.3083660938418,105.96315634486064,106.27967202428,163910000
2012-05-15,105.51209259033203,106.67530624839821,105.34592611020678,106.05018365171715,207629300
2012-05-16,105.10852813720703,106.46956701554903,105.08479006979498,105.98687285434289,207265500
2012-05-17,103.5496826171875,105.25889622424977,103.49428573372488,105.13228512573428,247992900
2012-05-18,102.66341400146484,104.13523460126866,102.51306485334177,103.95322664601593,319615900
2012-05-21,104.42800903320312,104.46757650378244,102.82957740131368,102.9957559480281,177861100
2012-05-22,104.61001586914062,105.42505513642311,103.92949635648459,104.69705948381633,197531200
2012-05-23,104.6654281616211,104.81577734313751,102.86126213202365,103.85829744070651,204958400
2012-05-24,104.87113952636719,105.11644094883425,103.99279477457719,104.95027447039402,167357600
2012-05-25,104.53087615966797,105.12435196207116,104.27765402164714,104.83156235569757,135465600
2012-05-29,105.79695129394531,105.97894716036022,103.79496054049278,105.36965402621114,152883500
2012-05-30,104.26183319091797,105.78905065995694,104.04819057798224,104.89487651371707,162370400
2012-05-31,104.03237915039062,104.80785101580848,103.13820484964505,104.22229580233547,196186000
2012-06-01,101.41316223144531,104.05610527754541,101.41316223144531,102.4022887074676,253240900
2012-06-04,101.36566162109375,101.87209377158395,100.60600735821102,101.59513359544147,202545800
2012-06-05,102.13323974609375,102.2835768141175,101.11245455575857,101.16784539180057,164149400
2012-06-06,104.42800903320312,104.47548516817959,102.8137479982226,102.84540680440477,184202800
2012-06-07,104.4913330078125,105.66245548295404,104.2776782884242,105.61497933960085,184772700
2012-06-08,105.32218933105469,105.34592739993464,103.88992408761236,104.22228120052654,143915400
2012-06-11,103.98490905761719,106.23220190207111,103.88203602253941,106.16889634773862,169756100
2012-06-12,105.17977142333984,105.25098564526786,103.78708542811398,104.28559705591013,181931800
2012-06-13,104.50714111328125,105.52791421022,104.15104596211296,104.87113285433371,172223900
2012-06-14,105.6149673461914,106.03435599725165,104.43592426484798,104.72079316691698,230615500
2012-06-15,106.69513702392578,106.7905813025062,105.86792495688542,106.09063636481403,169444500
2012-06-18,106.90191650390625,107.16440035652245,106.01107104304575,106.24969383059313,131360900
2012-06-19,107.93592071533203,108.37339372286912,106.87803585596302,107.44277594512126,137382600
2012-06-20,107.76097106933594,108.25412815743229,106.7985422363218,107.94392211764556,206451800
2012-06-21,105.34292602539062,107.99956284705748,105.25543141692337,107.88820717599533,205272200
2012-06-22,106.15425872802734,106.35310904532804,105.48611243788322,105.89177485276718,130029200
2012-06-25,104.45207977294922,105.07249166888197,104.07824027964901,105.03271918594109,146375700
2012-06-26,104.97705841064453,105.2952262074114,104.14188463231461,104.75434702133795,141634000
2012-06-27,105.923583984375,106.13038394201543,104.96910490293152,105.32703304136533,108088000
2012-06-28,105.62129974365234,105.78038966261721,104.42024853135108,105.22359921995375,169242100
2012-06-29,108.25411224365234,108.38932899631159,107.25986070628177,107.53824385462977,212250900
2012-07-02,108.58020782470703,108.69156350147104,107.7927684450396,108.55634676089035,129524500
2012-07-03,109.29605865478516,109.37559147582378,108.44497372536156,108.5563293843009,80450000
2012-07-05,108.8029556274414,109.60631883459291,108.40525491478822,108.89045026969961,126177500
2012-07-06,107.76893615722656,107.99164757022203,107.25987976511382,107.75302473148068,151192100
2012-07-09,107.6336898803711,107.83254016867785,107.14053291230663,107.68141200766736,103780500
2012-07-10,106.69513702392578,108.35752293912917,106.32924706126506,108.18253367049076,167884800
2012-07-11,106.7110366821289,107.06101518081309,106.090624666047,106.75080917277214,141733400
2012-07-12,106.19400024414062,106.76669002732547,105.47019444157642,106.09060635055033,143583200
2012-07-13,107.97570037841797,108.08705604803006,106.45648134975055,106.47239277022591,129642600
2012-07-16,107.72120666503906,108.03937450978135,107.29964489051002,107.72916844669655,97525200
2012-07-17,108.4609146118164,108.68362599020303,107.02124029551013,108.15070861071649,138860300
2012-07-18,109.26425170898438,109.47901341705247,108.14274531542505,108.20636672676683,113349700
2012-07-19,109.55061340332031,109.90854154707104,109.13701348189556,109.48697984536415,129847300
2012-07-20,108.54840087890625,109.09722963941942,108.42909555568987,108.93019005005758,142904500
2012-07-23,107.45075225830078,108.47682667038967,106.45650069294484,106.95760736567941,145210900
2012-07-24,106.52811431884766,107.57805009743386,105.8122578420759,107.5303279505642,173301200
2012-07-25,106.55194854736328,107.02918197832858,105.98720836333321,106.75079884448023,129122300
2012-07-26,108.30977630615234,108.54044944303811,107.58595832564124,108.08706494858873,156526500
2012-07-27,110.30620574951172,110.61642379341116,108.2858925333323,108.88244328817368,236768900
2012-07-30,110.30620574951172,110.8311733266176,109.9801005608758,110.17895081248959,106782000
2012-07-31,109.53470611572266,110.45736229654283,109.53470611572266,110.15511808940316,120575900
2012-08-01,109.43923950195312,110.34599631245139,109.28811134406038,110.32213524929551,138293800
2012-08-02,108.68357849121094,109.42330763937997,107.84045547910236,108.61199532305558,199556600
2012-08-03,110.83917236328125,111.06983339247411,108.71544028171186,110.21079856031194,157825000
2012-08-06,111.0539321899414,111.49140535818573,111.00621005101682,111.13347717938996,86326200
2012-08-07,111.6106948852539,112.08792829182003,111.38002175575069,111.49932707317764,109545100
2012-08-08,111.74596405029297,111.87321906963145,111.20508470486433,111.23690756234697,89754700
2012-08-09,111.84134674072266,112.06405807296352,111.47545690240845,111.58681256852888,90291700
2012-08-10,112.02429962158203,112.06407210807565,111.20503737462062,111.38797624826066,99792700
2012-08-13,111.96863555908203,112.02430733451904,111.38798391738644,111.83341880518104,79426900
2012-08-14,111.98452758789062,112.45382351143877,111.65046054633937,112.3822281807172,102379400
2012-08-15,112.11178588867188,112.30268652751045,111.79363029413221,111.86521348237494,71085900
2012-08-16,112.93904113769531,113.07425790967277,111.99251159699176,112.27089478511195,112014200
2012-08-17,113.09007263183594,113.18552897474568,112.83555070339855,113.12984509664398,90813700
2012-08-20,113.09809875488281,113.12195981997311,112.62085317935858,112.93105916239159,78255700
2012-08-21,112.75608825683594,113.81397348295961,112.50951578624716,113.37650032375642,105581100
2012-08-22,112.8038101196289,112.9867490072171,112.20725918731716,112.4697309170977,133243500
2012-08-23,111.88111114501953,112.53333367467873,111.70612194848394,112.5253840336931,111466400
2012-08-24,112.55720520019531,112.81173937767997,111.53114312224709,111.60272630834305,99481200
2012-08-27,112.58110809326172,113.01063164314796,112.42203024165508,112.85950343621992,68785900
2012-08-28,112.4697265625,112.81970503780335,112.12770986690948,112.29473732484833,75689600
2012-08-29,112.55720520019531,112.85946150174394,112.24699925692188,112.56516697877771,65421300
2012-08-30,111.74596405029297,112.10389230735649,111.50734116662927,112.07206944987385,96589900
2012-08-31,112.27882385253906,112.80379149916361,111.6425005357388,112.38221774400793,151970400
2012-09-04,112.17543029785156,112.51745912511831,111.45957407238589,112.18337994058459,120226200
2012-09-05,112.07998657226562,112.52540930462317,111.85727520608684,112.22315296329803,100660300
2012-09-06,114.35487365722656,114.36282330271955,112.74815927662071,112.75610892211368,158272500
2012-09-07,114.80022430419922,114.8479464208547,114.44229629242743,114.54569016622906,107272100
2012-09-10,114.14804077148438,114.88777032131779,114.10828041437837,114.68891998834316,86458500
2012-09-11,114.46617889404297,114.83205661516602,114.18778364534924,114.21960648701264,88760000
2012-09-12,114.84798431396484,114.97525142494062,114.45823333792393,114.84798431396484,87640900
2012-09-13,116.59783935546875,116.95576740780768,114.52980386592314,114.83204801794908,225470200
2012-09-14,117.11489868164062,117.80689396961735,116.73309729660535,116.82855371129486,169777000
2012-09-17,116.71714782714844,117.0750758519787,116.42284120227615,116.87622560075565,119427800
2012-09-18,116.62169647216797,116.77282461149808,116.32740197148723,116.51830259014474,98326600
2012-09-19,116.68534851074219,117.05918802934538,116.45468751304551,116.75693170276614,128318300
2012-09-20,116.69334411621094,116.75696554743527,115.83430915233693,116.1524648559071,154009800
2012-09-21,116.64453125,117.28425143985736,116.59655437104905,117.26026300038188,108737500
2012-09-24,116.46855926513672,116.73244419083821,115.98077419671445,116.06873583861494,95682000
2012-09-25,115.2291488647461,116.94039312425795,115.19715614869199,116.71649291846359,133165200
2012-09-26,114.58147430419922,115.23719105031982,114.30959710775227,115.20521052200606,146502200
2012-09-27,115.66096496582031,115.92484999334613,114.75735976868467,115.06122959461999,111830300
2012-09-28,115.12520599365234,115.5969949035589,114.71739032262855,115.22115975115261,150696100
2012-10-01,115.42906951904297,116.5005937580563,115.15718021823977,115.56500806862104,135911200
2012-10-02,115.54901123046875,116.06877698856293,115.01324911318255,115.88486156361918,113422200
2012-10-03,116.02083587646484,116.2927130583013,115.2531812216736,115.86090884018756,121283100
2012-10-04,116.8524169921875,117.02033602492321,116.30065862419532,116.4605855797299,124311600
2012-10-05,116.86042022705078,117.67606364029152,116.50857357029416,117.47615187637487,124842100
2012-10-08,116.4605941772461,116.84442133919342,116.1967091903931,116.4286136644361,78415400
2012-10-09,115.30912780761719,116.46861384758934,115.26914300589779,116.37266008478149,148872900
2012-10-10,114.57344818115234,115.40508809003528,114.42151326308829,115.29312577007417,124247500
2012-10-11,114.6374282836914,115.54103356523522,114.61343984273437,115.3731022768874,123601500
2012-10-12,114.26158905029297,115.10921313841462,114.01370036810434,114.71739381559314,124181900
2012-10-15,115.21318817138672,115.33313038960294,114.16565212679883,114.53348306376182,107689100
2012-10-16,116.3806381225586,116.46060771634865,115.6769569441231,115.75691433626626,108815500
2012-10-17,116.90840911865234,117.00437507231867,116.28468532723276,116.46060867369951,128834100
2012-10-18,116.60455322265625,117.16430378710055,116.21272172672165,116.60455322265626,148108500
2012-10-19,114.661376953125,116.39660938980909,114.38949991548292,116.3886173128117,185645200
2012-10-22,114.67739868164062,114.88530254437052,113.77379351359524,114.46948261726375,125578600
2012-10-23,113.08610534667969,113.59787906564928,112.61431642796434,113.43795206628027,192056300
2012-10-24,112.76626586914062,113.6298864189214,112.59034248668623,113.4939356402207,120179400
2012-10-25,113.09410858154297,113.77381364796649,112.40642363658857,113.56590974844417,134457400
2012-10-26,113.0301513671875,113.42197073732103,112.26248458617259,112.9901665616342,146023500
2012-10-31,113.0301513671875,113.57390567743384,112.49437693574245,113.42997501942142,103438500
2012-11-01,114.21361541748047,114.35754606220566,113.16607949759691,113.27002534046007,100995600
2012-11-02,113.19804382324219,114.9252845227245,113.07810163646424,114.8932918051526,137702200
2012-11-05,113.4299545288086,113.68583527515683,112.69426840414499,113.03013094880102,98378500
2012-11-06,114.31758880615234,114.76538936315637,113.65388005143207,113.77382227146884,107068100
2012-11-07,111.7267074584961,113.29400913334189,111.19893737952543,113.27802497457157,264304500
2012-11-08,110.38329315185547,112.27846529636643,110.29533147256046,111.71071042061725,181517300
2012-11-09,110.47925567626953,111.50280307533518,109.99147041564859,110.04743937256052,201055300
2012-11-12,110.56723022460938,110.99903437693978,110.31934152589666,110.82311100334064,97677500
2012-11-13,110.18334197998047,111.35083183327511,109.83949966665583,109.98343025317028,123018300
2012-11-14,108.69603729248047,110.69515527874677,108.4481486144471,110.51924412147137,191505000
2012-11-15,108.51212310791016,109.14385123179183,108.09630314550114,108.736023348827,178128400
2012-11-16,109.0478744506836,109.26378259073425,107.71246521712364,108.67203932608116,239483900
2012-11-19,111.25491333007812,111.27089748809992,109.07987207767596,110.271338537608,151495800
2012-11-20,111.30288696289062,111.48680238795863,110.41527815266227,111.07898674063907,119807400
2012-11-21,111.51079559326172,111.60676155093441,111.17494524552605,111.39884547734982,81710800
2012-11-23,113.0301513671875,113.07012397109126,111.98260314894902,112.05458067960478,65409200
2012-11-26,112.79025268554688,113.03814139316258,112.1025555281375,112.47038644858361,100124400
2012-11-27,112.21448516845703,113.06210918873333,112.14251985390085,112.67828197611988,128646200
2012-11-28,113.1181411743164,113.18210223711979,111.15100294766654,111.7587306575193,177086500
2012-11-29,113.64586639404297,113.95772834206231,113.04613094003278,113.54192054580255,151085900
2012-11-30,113.66984558105469,113.88575374338082,113.2780262587254,113.66185350157892,136568300
2012-12-03,113.1100845336914,114.28556679544924,113.02212286098684,114.18961304400679,124656300
2012-12-04,112.95016479492188,113.44594214471567,112.64629496032686,113.10209971221938,127512200
2012-12-05,113.15003204345703,113.67780190576427,112.24642717632277,113.04607404588785,147300500
2012-12-06,113.53390502929688,113.5818819086063,112.87820067598837,113.04611975357135,103220600
2012-12-07,113.87779235839844,114.10169266055016,113.28604887319668,113.97374614456308,108726400
2012-12-10,113.92572021484375,114.19759729305473,113.66982729301266,113.71781636709056,98840700
2012-12-11,114.7013931274414,115.2371552723302,114.34155433778744,114.39752329537257,152570400
2012-12-12,114.75736236572266,115.58900226553021,114.59743537011279,115.14919387636733,145880100
2012-12-13,114.05369567871094,115.01326997629752,113.76582216927004,114.68541166244694,135715000
2012-12-14,113.62989044189453,114.01371774372525,113.45396705321171,113.80581383057735,137701700
2012-12-17,114.96531677246094,115.02929003236395,113.89377992115016,113.92577265192752,143238200
2012-12-18,116.24470520019531,116.34866323682414,114.9812612073778,115.14919248180533,177762800
2012-12-19,115.38109588623047,116.41264766765254,115.34112328520449,116.37266286497788,150895400
2012-12-20,116.04476928710938,116.06076564364598,115.13317219084175,115.45303831334923,168487000
2012-12-21,114.99142456054688,116.03834108049608,114.30691120040777,114.4921310168942,245883800
2012-12-24,114.63710021972656,114.80621023341754,114.50824630288572,114.74178327499712,53874600
2012-12-26,114.15388488769531,114.92699596992607,113.83176243820635,114.87061778276443,106947700
2012-12-27,114.00089263916016,114.41966172830334,112.68017070095713,114.18611246605224,167920600
2012-12-28,112.76876068115234,113.88815302482625,112.63990675815147,113.26000551043003,148806700
2012-12-31,114.6854248046875,114.80621767944395,112.3741520661256,112.4707986541174,243935200
2013-01-02,117.62486267089844,117.69733841416978,116.55378718585955,116.85981226392488,192059000
2013-01-03,117.35907745361328,117.8744808718666,117.04500368761808,117.56846815640127,144761800
2013-01-04,117.87446594238281,118.06774680781771,117.31074544509589,117.55234345484321,116817700
2013-01-07,117.5523452758789,117.66508937708284,117.11746639395986,117.45571098575708,110002500
2013-01-08,117.21408081054688,117.50399588954959,116.75504348205008,117.34293468747742,121265100
2013-01-09,117.51205444335938,117.83418916253551,117.28656628402763,117.47178606743948,90745600
2013-01-10,118.44625854492188,118.45430730699681,117.55235442714968,118.16439212587646,130735400
2013-01-11,118.43821716308594,118.502631840072,118.06776518538683,118.41404629898224,113917300
2013-01-14,118.35767364501953,118.43821041894688,117.92279472691021,118.29324668351495,89567200
2013-01-15,118.43821716308594,118.55096128009225,117.73758159694437,117.81005732469403,93172600
2013-01-16,118.42208862304688,118.60730843851309,118.0677465147218,118.19660042469187,104849500
2013-01-17,119.18716430664062,119.52539667671206,118.50263851528005,118.94556624567879,133833500
2013-01-18,119.45288848876953,119.5817423913638,118.72809450281517,119.1629733520247,169906000
2013-01-22,120.09717559814453,120.09717559814453,119.17105176700217,119.45291821304279,111797300
2013-01-23,120.2904281616211,120.39512350558458,119.87972012391084,120.09715957360964,104596100
2013-01-24,120.32267761230469,120.91055686021423,120.00054273878723,120.11328687247111,146426400
2013-01-25,120.99911499023438,120.99911499023438,120.2904307173066,120.7011510519289,147211600
2013-01-28,120.85420227050781,121.0635807417868,120.40321340529212,121.0313611073192,113357700
2013-01-29,121.32926940917969,121.48228186664306,120.53199979364152,120.61253654646957,105694400
2013-01-30,120.85420227050781,121.55482571780182,120.74144583806131,121.31322761205523,137447700
2013-01-31,120.55624389648438,121.1038671702507,120.47571937470741,120.70925646251014,108975800
2013-02-01,121.7963638305664,121.94131524970187,121.11183824949143,121.32121661763735,131173000
2013-02-04,120.42729949951172,121.82050907916805,120.33871399033232,121.0554591116274,159073600
2013-02-05,121.64337921142578,121.98966031742664,121.03132919979731,121.07965863875762,113912400
2013-02-06,121.73194885253906,121.81247333058276,121.12795997037756,121.21654549795532,138762800
2013-02-07,121.57093811035156,121.88501196801833,120.68508246657844,121.7722678213736,162490000
2013-02-08,122.24732971191406,122.31980541527244,121.78024358774395,121.78024358774395,103133700
2013-02-11,122.2231674194336,122.32785044725563,121.91714251922463,122.19900885238368,73775000
2013-02-12,122.4245376586914,122.6500258848263,122.09435408178433,122.23125676992433,65392700
2013-02-13,122.52925109863281,122.89970315523189,122.18296991128543,122.6742148731941,82322600
2013-02-14,122.64196014404297,122.78692387712098,122.02187368997983,122.15877637288413,80834300
2013-02-15,122.49698638916016,122.88353579332343,122.04601003627232,122.75468189587434,215226500
2013-02-19,123.41509246826172,123.43925104653812,122.5372980223835,122.70640807031832,95105400
2013-02-20,121.87688446044922,123.36672842493495,121.8124575134688,123.32646004704924,160574800
2013-02-21,121.13605499267578,121.94137380976964,120.74950540116392,121.57093403529284,183257000
2013-02-22,122.31983184814453,122.31983184814453,121.1923908138794,121.72389170821258,106356600
2013-02-25,119.99248504638672,123.10101568743809,119.99248504638672,122.91579582906584,245824800
2013-02-26,120.81387329101562,120.95882470886555,119.77500564368862,120.57227530641511,186596200
2013-02-27,122.3359603881836,122.67419275024376,120.60451789912408,120.70921325697158,150781900
2013-02-28,122.0943374633789,123.10903434287438,121.93327622208861,122.3278744200221,126866000
2013-03-01,122.49698638916016,122.68220618662822,121.12794752126953,121.67555815315218,170634800
2013-03-04,123.14930725097656,123.14930725097656,122.02186623232595,122.2151348137029,99010200
2013-03-05,124.25261688232422,124.5828004986651,123.72916464232091,123.74527445702216,121431900
2013-03-06,124.4217529296875,124.75998534656411,124.14794749052875,124.69555836884625,94469900
2013-03-07,124.64722442626953,124.80828570478562,124.43784599301739,124.58279745722552,86101400
2013-03-08,125.17872619628906,125.34783622231787,124.55057866609425,125.19483600911596,123477800
2013-03-11,125.65383911132812,125.6618878722317,124.92905740809945,125.08206988255952,83746800
2013-03-12,125.37196350097656,125.710208044972,124.99347515542676,125.56524434209057,105755800
2013-03-13,125.54917907714844,125.72635017231595,125.00961702847941,125.43643495187713,92550900
2013-03-14,126.21757507324219,126.27395327104179,125.55722024073295,125.87934275100291,126329900
2013-03-15,126.05096435546875,126.22082654572722,125.63033264628267,126.06714582120257,138601100
2013-03-18,125.35531616210938,125.89727803624372,124.73245929781181,124.84570487833477,126704300
2013-03-19,125.06410217285156,125.79210765878732,124.23902023737385,125.62224547206175,167567300
2013-03-20,125.93769836425781,126.14800801333493,125.58986479300114,125.80018678491815,113759300
2013-03-21,124.86186218261719,125.89725367356388,124.65155252886994,125.18541739497296,128605000
2013-03-22,125.86495208740234,125.86495208740234,125.1612000951628,125.25827657093255,111163600
2013-03-25,125.339111328125,126.40686575357012,124.8537785061556,126.19654375549382,151322300
2013-03-26,126.34214782714844,126.3744984103465,125.71929110073735,125.8568026792988,86856600
2013-03-27,126.34214782714844,126.38259531327589,125.37955443437852,125.58986408226546,99950600
2013-03-28,126.73045349121094,126.87606201515764,125.98626643227068,126.26128966958359,102932800
2013-04-01,126.22889709472656,126.92455186193257,125.92151102417247,126.66569783560507,99194100
2013-04-02,126.85173797607422,127.16720856704437,126.48772300409209,126.68186349962671,101504300
2013-04-03,125.5655517578125,127.02157432162436,125.23391211667266,126.92451026498199,154167400
2013-04-04,126.07523345947266,126.32599064167799,125.45237661335985,125.72739982333717,131885000
2013-04-05,125.50896453857422,125.6626575594421,124.38459369566074,124.5301898146904,159666000
2013-04-08,126.35831451416016,126.36639907330432,125.1773147086769,125.59794629810307,86571200
2013-04-09,126.79513549804688,127.25621464260315,126.1722787448682,126.59291040155877,101922200
2013-04-10,128.34823608398438,128.51001370940372,127.10253479112957,127.13488537907678,135711100
2013-04-11,128.76885986328125,129.1894915377702,128.24306718445985,128.3724942139704,110142500
2013-04-12,128.45343017578125,128.64755843914224,127.74159362920474,128.35635370125593,116359900
2013-04-15,125.47659301757812,127.91139047908486,125.46042390068618,127.80622950510057,217259000
2013-04-16,127.32902526855469,127.3937387869519,126.11567457000054,126.42304835383531,147507800
2013-04-17,125.46854400634766,126.44731894045522,124.79715517999699,126.4230405725642,226834800
2013-04-18,124.68391418457031,125.71122120642433,124.2066658839731,125.6788582766109,167583200
2013-04-19,125.76787567138672,125.82450464418305,124.66777024061837,124.97515645215283,149687600
2013-04-22,126.32593536376953,126.62522447055542,125.1772986280964,126.01046479793561,106553500
2013-04-23,127.62833404541016,127.74966419671824,126.32600360238175,126.9569450748707,166141300
2013-04-24,127.70915222167969,128.04888878382687,127.43411680608205,127.66870474795921,96781200
2013-04-25,128.2268829345703,128.83355817812907,127.88714627931816,128.08127445783973,131060600
2013-04-26,128.00038146972656,128.29158605677597,127.58783443808414,128.0731795307793,95918800
2013-04-29,128.8578643798828,129.14097217611635,128.1460279224394,128.3482530666819,88572800
2013-04-30,129.1652069091797,129.19756983640914,128.2996899198157,128.83356713353945,116010700
2013-05-01,128.0327606201172,128.9468220667718,127.88716446552151,128.8821085504489,138874200
2013-05-02,129.2218780517578,129.33512364835542,128.2350182773309,128.35634843695541,96407600
2013-05-03,130.53221130371094,130.94475827345693,129.24606304672582,130.34616772798748,144202300
2013-05-06,130.86390686035156,131.04995049797088,130.57270222011056,130.6293311731655,66882100
2013-05-07,131.52720642089844,131.56764156553268,130.77492265096163,131.1470222557506,90359200
2013-05-08,132.12574768066406,132.16619515677488,131.3087629717076,131.381561023005,97419200
2013-05-09,131.7537384033203,132.4170305008319,131.42208618314245,132.06920915492154,106738600
2013-05-10,132.18246459960938,132.29571020239655,131.45444657353892,131.84272779124782,103203000
2013-05-13,132.28756713867188,132.5059737045717,131.7051702010068,132.01254396255547,81843200
2013-05-14,133.65455627441406,133.7516326767879,132.3926741290751,132.3926741290751,119000900
2013-05-15,134.37457275390625,134.64151145098901,133.39580987411384,133.4362573754011,120718500
2013-05-16,133.74356079101562,134.56864247991433,133.54133573393128,134.09947886633813,109913600
2013-05-17,135.037841796875,135.11872443539096,134.05906683095452,134.23702591566735,129801000
2013-05-20,135.02975463867188,135.55554736975967,134.77091289676144,134.90842450072046,85071200
2013-05-21,135.223876953125,135.73348814943074,134.6819151720121,135.15107888017857,95804200
2013-05-22,134.22079467773438,136.76075297349897,133.6060350130513,135.36134684057708,244031800
2013-05-23,133.83251953125,134.20461900936237,132.61108481952002,132.78904382955167,211064400
2013-05-24,133.7193145751953,133.7759435241278,132.64347563103618,133.03984124504422,151573900
2013-05-28,134.52017211914062,135.71734154999257,134.12380638209828,135.1187506631448,143679800
2013-05-29,133.64649963378906,134.1156632576175,132.93466346758888,133.80827721442412,160363400
2013-05-30,134.139892578125,134.75465215348098,133.646463069341,133.7516240222599,107793800
2013-05-31,132.21475219726562,134.52820756001734,131.95591051830692,133.76783929953515,176850100
2013-06-03,132.9427947998047,133.03177434362416,131.57575105514226,132.52216310694516,168390700
2013-06-04,132.30377197265625,133.54948573154948,131.63238303506833,133.01560840630952,157631500
2013-06-05,130.45132446289062,132.19045476581834,130.3380789409721,131.92351624783123,211737800
2013-06-06,131.63233947753906,131.64043637977858,129.62627023350834,130.39472303309554,200225500
2013-06-07,133.3067626953125,133.42809279479135,131.96398532783476,132.53830993199054,188337800
2013-06-10,133.3067626953125,133.79209543606618,132.95892917207607,133.71929737637885,105667100
2013-06-11,131.931640625,133.09644666039082,131.6404360304426,132.0934182124566,159505400
2013-06-12,130.83963012695312,132.97512653299322,130.71830001296664,132.8376149561953,177361500
2013-06-13,132.8295440673828,133.0641197595131,130.47564087105732,130.76684551743617,163587800
2013-06-14,131.99635314941406,133.2016191139801,131.7779589418233,132.68392338384672,141197500
2013-06-17,133.01556396484375,133.64650519556426,132.02870463621142,132.89422151718904,136295600
2013-06-18,134.06716918945312,134.2693943082326,133.08030962238203,133.0883941837102,114695600
2013-06-19,132.21475219726562,134.18847091353703,132.1581355942718,133.953895256267,206149500
2013-06-20,128.93865966796875,132.23088871011277,128.59892313697506,130.92855916988609,321255900
2013-06-21,129.3526611328125,129.91374539829036,128.05156703720056,129.81616768397296,271956800
2013-06-24,127.7181167602539,128.83216998232055,126.63658529590619,128.00273487492652,222329000
2013-06-25,128.946044921875,130.1902101625453,128.01087985063137,128.87284924266174,162262200
2013-06-26,130.22271728515625,130.51546274464778,129.49898717810066,130.00315508850036,134848000
2013-06-27,130.9871063232422,131.5888643137501,130.88138889579045,131.0033734062691,129483700
2013-06-28,130.45045471191406,131.24736837437757,129.99507547622062,130.62122812937588,160402900
2013-07-01,131.21481323242188,132.1255714721783,130.98712367248277,131.13349021466487,131954800
2013-07-02,131.0928497314453,131.97921360577067,130.51548604697805,131.01965404739227,154863700
2013-07-03,131.1497344970703,131.54819736175892,130.287765254577,130.499187692575,75216400
2013-07-05,132.56471252441406,132.61350137792098,131.1660408191731,132.11746068701402,122416900
2013-07-08,133.32089233398438,133.67869361004009,132.61342952514843,133.24770909337622,108092500
2013-07-09,134.28048706054688,134.44312066332333,133.58115140127447,134.15850255235316,119298000
2013-07-10,134.32928466796875,134.7846637487239,133.87390558721359,134.1503839707936,121410100
2013-07-11,136.15899658203125,136.29723583051955,134.32120001331242,135.89064542620537,135592200
2013-07-12,136.2158966064453,136.55743101652266,135.90689637341512,136.1183188916098,104212700
2013-07-15,136.73634338378906,136.93151123819575,136.35414742400553,136.58997679909953,69450600
2013-07-16,136.22402954101562,136.907098327004,135.85810072053275,136.82577529660676,88702100
2013-07-17,136.5736846923828,137.00466943478412,136.3947839606519,136.7444580847266,92873900
2013-07-18,137.3218231201172,137.64710285041366,136.77699353104268,136.86644390585508,103620100
2013-07-19,137.5657501220703,137.6145389690454,136.86641436307656,137.0371877356397,103831700
2013-07-22,137.8341064453125,138.0292742488065,137.43564349956876,137.7609231720588,79428600
2013-07-23,137.54139709472656,138.1024938201153,137.46821380223778,138.07809938928574,80829700
2013-07-24,137.03721618652344,138.12687535569708,136.7607253160106,138.06994675030674,112914000
2013-07-25,137.37059020996094,137.4925747425499,136.56554937236854,136.79323894342002,111088600
2013-07-26,137.51699829101562,137.55765981048998,136.2240438655454,136.79326791372534,107814600
2013-07-29,137.09413146972656,137.47632739203306,136.70380820734118,137.1673147548952,79695000
2013-07-30,137.09413146972656,137.65522813899153,136.76886415243087,137.50886156865428,85209600
2013-07-31,137.1916961669922,138.11872149845613,137.0127954531877,137.37872421936942,142388700
2013-08-01,138.7774200439453,138.89939218463303,138.1593947760538,138.2325904686191,110438400
2013-08-02,139.0132293701172,139.02949645736865,138.2813717497771,138.468399824637,91116700
2013-08-05,138.80990600585938,139.02134087271503,138.52530028161829,138.70420098058102,54072700
2013-08-06,138.02108764648438,138.84240768356793,137.7120875727067,138.54152253764033,87495000
2013-08-07,137.57386779785156,137.7771629180693,137.06157253244442,137.5820075438759,84854700
2013-08-08,138.07806396484375,138.3870641454615,137.37058842782886,138.22443051227043,102181300
2013-08-09,137.67958068847656,138.32200019573287,137.1998071985478,137.8991428853495,91757700
2013-08-12,137.51699829101562,137.67963196075937,136.9233798127818,136.98843576231002,68593300
2013-08-13,137.9235382080078,138.159355081636,136.94772413840823,137.76090459776606,80806000
2013-08-14,137.2161407470703,138.07811046057398,137.1836065645862,137.8585481573488,79829200
2013-08-15,135.2969970703125,136.15082680453577,135.06116773925618,136.13457212581937,152931800
2013-08-16,134.84974670410156,135.5002936962071,134.58139560455234,135.03677477658067,130868200
2013-08-19,133.98776245117188,135.1587444263207,133.97962270447056,134.6952255577616,96437600
2013-08-20,134.6464385986328,135.1506065751679,134.0609476028466,134.20731414771785,89294400
2013-08-21,133.8170166015625,135.01239324639445,133.5161437073371,134.27239581708838,159530500
2013-08-22,135.03677368164062,135.23194150013532,134.08535383176346,134.09348117114382,101471400
2013-08-23,135.49217224121094,135.66294565785333,134.80097605040476,135.43525604109914,90888900
2013-08-26,134.98797607421875,136.04511330823738,134.89852571422907,135.63038327185302,89702100
2013-08-27,132.8167724609375,134.98796290543856,132.71919477161376,133.65434738269877,158619400
2013-08-28,133.28843688964844,133.76008313287454,132.58910106805817,132.75986204775558,108113000
2013-08-29,133.4998321533203,134.20729516979193,132.87367973645127,132.99566424807838,119200500
2013-08-30,133.0769805908203,133.79258338383931,132.68665743469603,133.77631629995722,134928900
2013-09-03,133.6787567138672,134.64644360141682,133.11766012137866,134.3618254316136,142375100
2013-09-04,134.78469848632812,135.01238808538736,133.4673497477493,133.7112940266324,97389400
2013-09-05,134.95542907714844,135.31321804205805,134.76838864513707,134.86597873388388,63090500
2013-09-06,135.02052307128906,135.78491494348242,133.7519631166504,135.40271900738574,159756500
2013-09-09,136.3134765625,136.39478718274742,135.35391694162507,135.35391694162507,87559300
2013-09-10,137.3218231201172,137.3462175488703,136.8257823885489,137.1347950302923,105847200
2013-09-11,137.75279235839844,137.75279235839844,136.89896263209948,137.13477955281553,94545900
2013-09-12,137.38685607910156,137.8828967276741,137.19982802056956,137.7039960079823,83209000
2013-09-13,137.69589233398438,137.80160979783054,137.2161186887878,137.5332586721732,72727800
2013-09-16,138.49276733398438,139.24903164229013,138.27320512729565,139.18397571408053,106299200
2013-09-17,139.11083984375,139.14336161486037,138.61479907927875,138.61479907927875,82523300
2013-09-18,140.72091674804688,141.10311265376012,138.71235951015893,139.06202124066343,203460600
2013-09-19,140.48509216308594,141.16817337592389,140.34685293414864,141.10311743145587,146616900
2013-09-20,139.5028533935547,140.81845600311098,139.38845370875111,140.81845600311098,132867100
2013-09-23,138.8573455810547,139.4456905621123,138.41609307957864,139.31495693081513,104616500
2013-09-24,138.53042602539062,139.34757005313134,138.26894642020034,138.83276532569363,106333100
2013-09-25,138.1300811767578,138.8981988926525,138.00751450661878,138.6203727945815,117306500
2013-09-26,138.6612548828125,139.05348075918337,138.13828289143942,138.3589154019262,77146900
2013-09-27,138.02381896972656,138.21175862974317,137.66427355499565,137.96661289527847,99141800
2013-09-30,137.28842163085938,137.72150715109603,136.58567697127344,136.85533611062272,143937000
2013-10-01,138.37522888183594,138.50597497753174,137.25574505044648,137.39465810138552,127160000
2013-10-02,138.24449157714844,138.37523768115838,137.14135405473058,137.5662726584456,113350000
2013-10-03,136.96971130371094,138.04834766800997,136.33233980430927,137.92576855281342,176698000
2013-10-04,138.0074920654297,138.14640509187674,136.89617538522145,137.07594811794866,96878000
2013-10-07,136.81443786621094,137.6479283832183,136.66735790542558,136.80627091348845,96295000
2013-10-08,135.2210235595703,136.96971171134888,135.12297024202635,136.7899389834307,178015000
2013-10-09,135.31910705566406,135.80938617618065,134.44475663102824,135.4825334291696,168973000
2013-10-10,138.23626708984375,138.30980706700527,136.65100552722697,136.70003217866795,195955000
2013-10-11,139.12696838378906,139.17600750992568,137.90943149363179,138.0238311840217,105040000
2013-10-14,139.6826171875,139.79701686499766,138.16272863295697,138.26896135800112,112106000
2013-10-15,138.6693878173828,139.8542445808814,138.4814481160746,139.331272717817,155485000
2013-10-16,140.6060333251953,140.679573323719,139.4375104290195,139.50288347280718,161676000
2013-10-17,141.54571533203125,141.62743473718038,140.00948028936804,140.03399361718667,129389000
2013-10-18,142.50177001953125,142.59982332908322,141.7826791664691,142.06868461083621,138316000
2013-10-21,142.50997924804688,142.79598477725756,142.19129342883443,142.5508389620247,104104000
2013-10-22,143.33526611328125,143.76017211689899,142.53445582546055,142.92669401613512,126663000
2013-10-23,142.6488800048828,142.91035968540558,142.1504215056096,142.8449866481169,105484000
2013-10-24,143.12278747558594,143.30256017928167,142.59981573809736,142.93484781940577,70350000
2013-10-25,143.77650451660156,143.8173642160707,143.13913310449797,143.41695911108064,93625000
2013-10-28,144.00527954101562,144.2013985841546,143.57219423079954,143.72745358137277,84979000
2013-10-29,144.77345275878906,144.83065884418897,144.1279142541228,144.3322003271812,87401000
2013-10-30,144.05435180664062,145.05126877155564,143.53955941688594,144.94504849959787,140002000
2013-10-31,143.64576721191406,144.5446307804455,143.43331421782045,143.93993960992157,133795000
2013-11-01,143.98902893066406,144.31588172300576,143.18005143696138,143.83376949027956,142805000
2013-11-04,144.49560546875,144.55279907711704,143.80102793491628,144.38120578338533,85677000
2013-11-05,144.03799438476562,144.430220062602,143.46599600695646,143.93176166151912,85825000
2013-11-06,144.77345275878906,145.04311187146203,144.25864786471953,144.65905305662167,87348000
2013-11-07,142.9430694580078,145.15753635420188,142.80415640084945,145.0431366325047,157000000
2013-11-08,144.87152099609375,144.8878673748381,142.87769919146302,142.8940331015737,136713000
2013-11-11,144.8960723876953,145.06766575459702,144.56104014175367,144.73263350865537,62614000
2013-11-12,144.6018524169922,144.92870513055846,144.11972783182904,144.58550604072434,83990000
2013-11-13,145.76219177246094,145.80303900906563,143.89092450287674,143.89092450287674,103844000
2013-11-14,146.489501953125,146.61206864397312,145.65601104945006,145.89297747463507,103435000
2013-11-15,147.12686157226562,147.18405520040832,146.53851656735165,146.7264563007274,102818000
2013-11-18,146.61203002929688,147.49454737687364,146.2851772940311,147.3719807183071,104796000
2013-11-19,146.29335021972656,146.97974847298138,146.04003746926108,146.53849601549845,93891000
2013-11-20,145.8357391357422,147.02876278972806,145.43533395398964,146.58751036930514,124909000
2013-11-21,147.0124053955078,147.1268050764993,146.15440155375674,146.24428790800934,92841000
2013-11-22,147.74786376953125,147.76421014728842,146.8980391556518,147.06963248188694,81296000
2013-11-25,147.6007537841797,148.04200614490077,147.38828832240662,148.00932586465973,79486000
2013-11-26,147.6416015625,148.08286639348086,147.42098161564,147.67429431149213,86994000
2013-11-27,148.0011444091797,148.09921018581588,147.61708566131605,147.79685837174713,58800000
2013-11-29,147.90309143066406,148.51594954432701,147.73966509407998,148.16458354410278,55870900
2013-12-02,147.51907348632812,148.25449843869316,147.29027405809748,147.97667234278936,99726000
2013-12-03,146.88165283203125,147.4046245603375,146.40770775503032,147.03691220691786,116563000
2013-12-04,146.86537170410156,147.47823005494166,145.73772081722763,146.35057916806772,123033000
2013-12-05,146.21975708007812,146.873474808341,146.0808440889744,146.60381577785898,106934000
2013-12-06,147.85409545898438,147.99300849733936,147.2085444628628,147.63346300106397,127728000
2013-12-09,148.22996520996094,148.45059765351144,148.03385856558896,148.28717129365745,70124000
2013-12-10,147.6988525390625,148.19731112936432,147.6089661549545,147.88679226269406,80976000
2013-12-11,146.04000854492188,147.7805296346824,145.8602358282034,147.7560163068236,130591000
2013-12-12,145.5579071044922,146.15441890701365,145.25555525776358,145.97464617716363,115565000
2013-12-13,145.5415802001953,145.99101208494884,145.26375411457795,145.8602659969054,107808000
2013-12-16,146.44859313964844,146.93070525354818,146.18710099531737,146.22796070144807,96195000
2013-12-17,145.98284912109375,146.60388687500534,145.65599633276582,146.57937353931248,89886000
2013-12-18,148.47508239746094,148.49959572328777,144.89599967181758,146.20342276755724,234906000
2013-12-19,148.30352783203125,148.47512115761435,147.66615625688542,148.05020261797284,136531200
2013-12-20,149.16619873046875,149.51948497130545,148.35284181249267,148.45142749071343,197087000
2013-12-23,149.96310424804688,150.05347861449525,149.58518419659003,149.89737629641854,85598000
2013-12-24,150.29173278808594,150.3574607402908,149.9631055633867,149.9713168562904,45368800
2013-12-26,151.0557861328125,151.13794919456865,150.61213819376948,150.6285607770622,63365000
2013-12-27,151.04763793945312,151.31874857659062,150.89153557870048,151.25303314332166,61814000
2013-12-30,151.02301025390625,151.18732393012027,150.8258263206515,151.0640792707123,56857000
2013-12-31,151.7377166748047,151.7377166748047,151.1133074216667,151.22834073572858,86119900
2014-01-02,150.28358459472656,151.2284102010095,149.9220869739804,151.15445838852574,119636900
2014-01-03,150.25892639160156,150.84225433141538,150.04531987623574,150.53826088161748,81390600
2014-01-06,149.82347106933594,150.8093654949584,149.5934294545683,150.7518613594304,108028200
2014-01-07,150.7435760498047,150.9982639811175,150.30813941827194,150.4231601787462,86144200
2014-01-08,150.77642822265625,151.03111612345378,150.2588285943766,150.7189115811491,96582300
2014-01-09,150.87506103515625,151.27764004264048,150.1849363391762,151.26120492045283,90683400
2014-01-10,151.285888671875,151.3516166405217,150.35749835219167,151.12978631338012,102026400
2014-01-13,149.27301025390625,151.31873832255908,148.98545197344518,150.89973664813888,149892000
2014-01-14,150.89971923828125,150.9818823193128,149.48659949155558,149.7659339089412,105016100
2014-01-15,151.7130889892578,151.9431305731304,150.93258986280964,151.25300582151263,98525800
2014-01-16,151.5159454345703,151.71312936021448,151.03121572073232,151.4009246120269,72290600
2014-01-17,150.87506103515625,151.54053931601737,150.61216176177936,151.25299362752156,107848700
2014-01-21,151.31871032714844,151.80345241335752,150.39033276503568,151.74593575337545,88621200
2014-01-22,151.4172821044922,151.6391123400628,151.09686622481155,151.57338439854846,61270900
2014-01-23,150.1767120361328,150.67787670251164,149.37979038926,150.65323028747048,132496900
2014-01-24,146.97256469726562,149.2483466500578,146.92327186316544,149.19905381595763,208677100
2014-01-27,146.2495574951172,147.4901522192942,145.51835126555906,147.11221962885602,180843100
2014-01-28,147.1204376220703,147.3093976416312,146.33992605716213,146.356361178614,110463200
2014-01-29,145.70736694335938,146.69326144378797,145.32122294577277,145.89632702632875,216597300
2014-01-30,147.2518768310547,147.72839504912173,146.45494270349892,146.9232496292339,118938100
2014-01-31,146.3892364501953,147.301191487169,145.35404932835735,145.4279885792759,194677900
2014-02-03,143.09466552734375,146.54530091141038,142.81533118295346,146.2166737458127,254837100
2014-02-04,144.0969696044922,144.4666782355351,143.04534781399107,143.73547226344732,165012400
2014-02-05,143.916259765625,144.2366756704933,142.7167592135843,143.5958438607567,164230500
2014-02-06,145.8141326904297,145.8141326904297,143.95736490345433,144.25313444385384,132877600
2014-02-07,147.62159729003906,147.7776996110137,146.0195176153719,146.49603587128,170787200
2014-02-10,147.8927764892578,147.94208187483935,147.23552178412993,147.63808841057127,92218800
2014-02-11,149.51123046875,149.88916305161004,147.91736213741265,148.01596033173362,117814100
2014-02-12,149.58518981933594,150.20958657878828,149.28942029405317,149.7330683138146,94717700
2014-02-13,150.35745239257812,150.51355470335736,148.5664128056516,148.57462409809943,100542200
2014-02-14,151.18724060058594,151.46657494982267,150.07810195888544,150.21776913350382,96498400
2014-02-18,151.3679962158203,151.5733913413397,150.88325419198873,151.31869085518386,80460900
2014-02-19,150.3656768798828,151.9513213356388,150.2424322746795,150.97363846811803,126524300
2014-02-20,151.2530059814453,151.59806835761907,150.02063497954214,150.57109252269976,104998100
2014-02-21,151.08042907714844,151.90200953056407,151.0064898450585,151.54051212524953,118116400
2014-02-24,151.91848754882812,152.937239575494,151.3351597461998,151.40088770539217,114063900
2014-02-25,151.8609619140625,152.47714739173014,151.35979722410647,152.0417106570844,117085000
2014-02-26,151.86915588378906,152.48534124030488,151.4419305264343,152.08276229430487,98677200
2014-02-27,152.6660919189453,152.70716091418475,151.47479018524135,151.6473276032757,93880800
2014-02-28,153.05224609375,153.75880591875432,152.03349416211023,152.64145578935972,150842000
2014-03-03,151.9759979248047,152.36214186572815,150.96545715037777,151.70487478311418,167748500
2014-03-04,154.11207580566406,154.44070299990156,153.4301624681136,153.46302017300778,167545900
2014-03-05,154.25172424316406,154.51463599566037,154.00524760927937,154.24351295201944,88376900
2014-03-06,154.60507202148438,154.95835829144718,154.27644470943707,154.62973097939988,82516500
2014-03-07,154.67080688476562,155.24592351097363,153.98889327236296,155.24592351097363,114513500
2014-03-10,154.58856201171875,154.64606611746078,153.70125372736848,154.43245973905695,74939200
2014-03-11,153.82456970214844,155.04051831252855,153.4712959755209,154.81868798631584,99009100
2014-03-12,153.86558532714844,153.92310197595404,152.7318002970743,153.0768751172625,104824400
2014-03-13,152.14027404785156,154.44892583002925,151.71306120536906,154.32568123074392,155014300
2014-03-14,151.7130889892578,152.64969044826083,151.53234023959703,151.86919132181265,153919600
2014-03-17,153.08509826660156,153.44659569760194,152.41139622949657,152.4771241747988,98359500
2014-03-18,154.17779541015625,154.38319052952298,153.2329703392754,153.39729646382733,101804600
2014-03-19,153.356201171875,154.40782308576362,152.37851848560618,154.19420415754365,176267300
2014-03-20,154.25172424316406,154.36674500080062,152.74823056642194,153.0193536100629,117241000
2014-03-21,153.65347290039062,155.9805616548077,153.5131892834558,154.89954297775094,163128000
2014-03-24,153.01805114746094,154.3714020360412,152.34963582768617,154.18159545533354,121411000
2014-03-25,153.74423217773438,154.2641163398592,152.88602289566833,153.79374255666954,103852000
2014-03-26,152.6384735107422,154.5942092220902,152.59721066032958,154.3466447112686,119843000
2014-03-27,152.31661987304688,152.94377229072475,151.75547289583858,152.45690346943593,142383000
2014-03-28,153.06759643554688,153.8350326281656,152.66324061659358,152.75401385792372,101642000
2014-03-31,154.32188415527344,154.56120112435573,153.09233436063238,154.04131692886642,99745000
2014-04-01,155.34519958496094,155.4359728480129,154.31369095557875,154.82531520642172,89193000
2014-04-02,155.86505126953125,156.07135295213422,155.25439375603048,155.5432211483368,78774000
2014-04-03,155.65875244140625,156.1456213992802,155.1801310179917,156.10435854367185,77435000
2014-04-04,153.81854248046875,156.54172743874926,153.57099051379856,156.50872470707873,169381000
2014-04-07,152.11868286132812,153.70307907679063,151.80511270696257,153.44726687520486,140803000
2014-04-08,152.74574279785156,152.99329469821006,151.49967280499908,152.05255970188833,112660000
2014-04-09,154.38787841796875,154.4373887924562,152.71271025900054,153.1583288126911,100254000
2014-04-10,151.1448974609375,154.45397256705482,150.95509080965797,154.37970696872347,172959000
2014-04-11,149.78326416015625,151.3594119852162,149.6182253378524,150.30314841248563,167251000
2014-04-14,150.96327209472656,151.31810482921006,149.7254624023679,150.95501197145398,132382000
2014-04-15,152.00303649902344,152.11031737456412,149.78322897427938,151.2768633331423,157093000
2014-04-16,153.5957489013672,153.60399643654202,152.37443374602486,153.05110938006507,105197000
2014-04-17,153.81024169921875,154.23935261232435,153.12531878134033,153.38939090991366,105255000
2014-04-21,154.34661865234375,154.3961416194702,153.66170833607748,153.85150230594698,68329000
2014-04-22,155.04806518554688,155.46891601207855,154.4209127121883,154.50342581592713,85790000
2014-04-23,154.6850128173828,155.07286102240957,154.56123683350472,154.99034789704302,73869000
2014-04-24,154.99856567382812,155.46067938046028,154.25587213818,155.44417172189367,88170000
2014-04-25,153.727783203125,154.58600540445164,153.3811978266246,154.4952321445355,100380000
2014-04-28,154.21458435058594,154.88299955585018,152.63018948842046,154.35486793512834,135121000
2014-04-29,154.93255615234375,155.17186055227756,154.37966918066817,154.70974682022964,84098000
2014-04-30,155.3946533203125,155.55144458947044,154.46216583004917,154.67672760538252,101508000
2014-05-01,155.41119384765625,155.8320447709957,154.91606474471655,155.32042059850585,93019000
2014-05-02,155.18838500976562,156.0796098430359,154.95732811873143,155.39468670473588,98122000
2014-05-05,155.4854736328125,155.59275455296492,154.00009878002152,154.42920986897389,75883000
2014-05-06,154.13211059570312,155.24614470755586,154.09910786713692,155.1388638043189,85454000
2014-05-07,155.03982543945312,155.11409101404396,153.49668048136027,154.6519773166069,106500000
2014-05-08,154.874755859375,156.0052973703752,154.37963949523802,154.89952363965165,93618000
2014-05-09,155.10586547851562,155.17187093752162,154.1733778264461,154.8995637920688,83679000
2014-05-12,156.61599731445312,156.69027549814325,155.13888264238918,155.79905061877326,86940000
2014-05-13,156.75619506835938,157.13578291692488,156.59940385591534,156.8222004920368,66454000
2014-05-14,156.0135498046875,156.69022522608415,155.79074050841632,156.61594706622523,72367000
2014-05-15,154.6437225341797,155.73300136575918,153.88453392049743,155.6999860481423,154956000
2014-05-16,155.18006896972656,155.24608699397172,154.08254292599594,154.73445045398446,97458000
2014-05-19,155.74948120117188,155.87325714098782,154.7427282518286,154.88301184750404,63839000
2014-05-20,154.76751708984375,155.6917445524902,154.37142140466025,155.67523689304156,111644000
2014-05-21,156.07130432128906,156.14556988188815,155.18832735088384,155.21308253775018,89093000
2014-05-22,156.45091247558594,156.77274253811032,155.8485151978666,156.1125747557992,61549000
2014-05-23,157.078125,157.18539332548644,156.4509597510473,156.5912434010349,61092800
2014-05-27,158.04359436035156,158.09310474883043,157.5732204864919,157.66399372925488,72010000
2014-05-28,157.9280548095703,158.29114775507054,157.66398263405944,158.04358323844272,66723000
2014-05-29,158.74502563476562,158.76978083105075,157.88681611635,158.29117197510084,64377000
2014-05-30,159.00082397460938,159.09985734284228,158.46444464593986,158.59648074248028,76316000
2014-06-02,159.182373046875,159.25665122217083,158.41493683261305,159.22363590167149,64656000
2014-06-03,159.09986877441406,159.18238189693912,158.6460025297299,158.79453370526866,65047000
2014-06-04,159.42169189453125,159.5124651394718,158.6625032057811,158.82754203522146,55529000
2014-06-05,160.46145629882812,160.62649513695575,159.0173444298128,159.6032467855706,92103000
2014-06-06,161.22889709472656,161.27014735845435,160.73376801343724,160.80803359813396,78696000
2014-06-09,161.3939208984375,161.78176903795156,161.05558314411172,161.204126891331,65119000
2014-06-10,161.4104461669922,161.44344889683344,160.84929902644453,161.19588435222877,57129000
2014-06-11,160.84933471679688,161.01437358593466,160.48624164969854,160.8328270523855,68772000
2014-06-12,159.71044921875,160.75021739416,159.3556164927394,160.6594441818885,106350000
2014-06-13,160.1973876953125,160.35417898982354,159.5124645934069,160.02408874041726,82017000
2014-06-16,160.3294219970703,160.66775980361842,159.80955028069695,159.99934431709815,87424000
2014-06-17,160.77500915527344,160.89053757975077,159.93329486742198,160.10659379996494,84834000
2014-06-18,161.95501708984375,162.04579030510928,160.42013255367755,160.7749778830433,105267000
2014-06-19,162.13661193847656,162.23564530666374,161.5754774159217,162.09534908436981,85929000
2014-06-20,162.46575927734375,162.59842803373783,162.26675614275263,162.54038070831956,100587000
2014-06-23,162.41607666015625,162.55703252574358,162.11757816479658,162.50728488518266,70611000
2014-06-24,161.43765258789062,162.93014499611633,161.25523614621895,162.12585777201676,96237000
2014-06-25,162.16729736328125,162.33312702006467,161.06451180028355,161.09767267084348,82782000
2014-06-26,162.0512237548828,162.20876636520654,160.96502489674643,162.19217960306918,84312000
2014-06-27,162.3662872314453,162.4160348592027,161.5951610452331,161.66978248686922,71445100
2014-06-30,162.28335571289062,162.65647554921716,162.12581313373298,162.26676895403455,70201200
2014-07-01,163.36956787109375,163.8670694620122,162.62332813670704,162.68136281951928,90470000
2014-07-02,163.535400390625,163.74269061515116,163.31153605757044,163.38615750192196,52475000
2014-07-03,164.3396453857422,164.41426681098278,163.8753174260389,163.99968646810655,52938800
2014-07-07,163.76754760742188,164.157254201659,163.52709653854726,164.02459808710225,61696000
2014-07-08,162.71453857421875,163.52711270868483,162.3165322352225,163.4690653730845,108143000
2014-07-09,163.4441680908203,163.59342360951135,162.77254988668406,163.12079589431067,72992000
2014-07-10,162.79742431640625,163.22859146405395,161.73609953141917,161.8687682925399,99040000
2014-07-11,163.02133178710938,163.13741381182336,162.3331266934507,162.69795952883524,64243000
2014-07-14,163.8421630859375,164.05774031809682,163.70949433446015,163.85045013840914,58658000
2014-07-15,163.535400390625,164.2567789753301,162.81403445791113,163.94169378541312,111307000
2014-07-16,164.14065551757812,164.3893936026214,163.69290166052411,164.26502456009976,79986400
2014-07-17,162.27508544921875,164.2567794958896,162.0429087571817,163.63490882034029,145398000
2014-07-18,163.93338012695312,164.09920974926388,162.71451279238585,162.8057209824551,124330000
2014-07-21,163.62661743164062,163.75928621897964,162.87207793714094,163.4193271959204,67592000
2014-07-22,164.3396453857422,164.63814373869258,164.0660208412053,164.18210283113112,67678000
2014-07-23,164.70452880859375,164.87865817307429,164.2567874673453,164.58844678293735,65612000
2014-07-24,164.7128143310547,165.05277335016882,164.5469846748013,164.862069878077,56888000
2014-07-25,163.9417266845703,164.3894680925216,163.6183543754961,164.24851222979632,76837000
2014-07-28,164.00802612304688,164.248477213612,163.02960969649217,163.97485260242274,69259000
2014-07-29,163.3032989501953,164.54704077411452,163.27842512587662,164.3148766458093,80466000
2014-07-30,163.32809448242188,164.0992206226468,162.6481891902998,163.88363071256737,104222000
2014-07-31,160.1026611328125,162.3331057829292,160.00316588215725,162.1921499605042,183479000
2014-08-01,159.6134490966797,160.65818711786906,158.84233564932333,159.66319671883306,189261000
2014-08-04,160.76602172851562,161.10598076641824,159.24036856347928,159.92027398729206,91340000
2014-08-05,159.2071990966797,160.52557470253703,158.62678892692733,160.11099420242923,152690000
2014-08-06,159.25698852539062,159.93689409094105,158.43611443025532,158.46098825265378,94818000
2014-08-07,158.3946533203125,160.13589679443928,157.9966595112531,159.97835415177127,135733000
2014-08-08,160.2270965576172,160.3348788979599,158.3283105411888,158.75119080220708,117014000
2014-08-11,160.69139099121094,161.40446989809712,160.61676954388363,160.83234683127088,74544000
2014-08-12,160.467529296875,160.98160507457737,159.97832733732,160.53386369593224,73632000
2014-08-13,161.55368041992188,161.7360968003853,160.8240275500574,161.0976394687633,69047000
2014-08-14,162.31654357910156,162.31654357910156,161.66979904802238,161.81905459857484,57371000
2014-08-15,162.28335571289062,163.05446919783284,161.11423592734275,162.9052263240982,139951000
2014-08-18,163.64317321777344,163.71779465202988,163.0876370094372,163.1788452019694,75424000
2014-08-19,164.4972686767578,164.62163777986672,163.70956816908168,164.0412275453682,59135000
2014-08-20,164.93670654296875,165.13570974002832,164.24021433124972,164.27337520476317,72763000
2014-08-21,165.41761779785156,165.63319510091586,164.94498995975837,165.07765875487146,67791000
2014-08-22,165.1605682373047,165.57514870372614,164.7874483479237,165.28493731643442,76107000
2014-08-25,165.99803161621094,166.3214039039233,165.12741002560284,165.9482839799464,63855000
2014-08-26,166.1057586669922,166.51205195032003,166.06429810306278,166.1057586669922,47298000
2014-08-27,166.0394744873047,166.3048120550718,165.782436626025,166.18871738018,47874000
2014-08-28,165.9482421875,166.05603714025466,165.32637158681956,165.49220121660306,58330000
2014-08-29,166.4208984375,166.43747254692593,165.6829457043048,166.20530849504374,65907000
2014-09-02,166.3379669189453,166.6613391604905,165.71609625043604,166.63646534590941,72426000
2014-09-03,166.24673461914062,167.00127395738073,166.01457061537278,166.97640014640484,57462000
2014-09-04,166.0063018798828,167.14224821308895,165.55026087502208,166.52866462000446,85236000
2014-09-05,166.7525177001953,166.81885207794136,165.34294696606125,165.97310457666538,102177000
2014-09-08,166.32135009765625,166.8354383607283,165.83214829665843,166.5949746605844,64146000
2014-09-09,165.26834106445312,166.28820533265016,164.92838209105741,166.1721233236846,88591000
2014-09-10,165.89019775390625,165.99798004833212,164.8122862457245,165.35952272662624,67251000
2014-09-11,166.08091735839844,166.10579117122592,165.10250099655252,165.22688271268026,66774400
2014-09-12,165.1107940673828,165.9316551616855,164.63816633867177,165.9150810551267,117409300
2014-09-15,164.98638916015625,165.268313407886,164.4889003415509,165.1356446621294,76401000
2014-09-16,166.23011779785156,166.52861612756703,164.58838331040988,164.6795914848226,116201000
2014-09-17,166.4540252685547,167.22513871490122,165.62486449511232,166.47061202658057,151266000
2014-09-18,167.34127807617188,167.3661518938613,166.74428114763987,166.95985845161258,94990000
2014-09-19,167.19044494628906,168.19008633523507,166.8488968858008,167.8735410672656,121649000
2014-09-22,165.8992462158203,166.92389046248337,165.5493723429832,166.89890037950434,125553000
2014-09-23,164.9495849609375,165.99088078903296,164.89960479496983,165.29945883384187,111393000
2014-09-24,166.2407989501953,166.34909778688893,164.54140970441134,164.97457962892366,107276000
2014-09-25,163.5583953857422,165.81593005963464,163.50008943624164,165.80759155889945,150300000
2014-09-26,164.85792541503906,165.26611789374755,163.62503490068747,163.85828411391267,103547000
2014-09-29,164.5579833984375,164.84955118485658,163.31676745946072,163.44171781871174,95112000
2014-09-30,164.1248779296875,165.1911637831368,163.7833298658606,164.68301093804533,131302000
2014-10-01,161.90065002441406,163.9165968435845,161.5341119279961,163.85827818682333,177798000
2014-10-02,161.9256591796875,162.49211796915824,160.23459589018003,161.75904168995626,157285000
2014-10-03,163.70840454101562,164.05827849101237,162.50882944895045,163.0086439298886,121569000
2014-10-06,163.51675415039062,164.60804281064134,162.92530526262357,164.3914451521941,104778000
2014-10-07,160.99267578125,163.0419517543553,160.95935990455118,162.67541355500867,147913000
2014-10-08,163.80833435058594,164.04158360709113,160.24293833128516,161.08430081288384,186461000
2014-10-09,160.5595245361328,163.77504723533295,160.4262355915435,163.55012373023018,210705000
2014-10-10,158.72683715820312,161.31758229221754,158.68519548425527,160.5178740276401,221909000
2014-10-13,156.1194305419922,159.23498005489841,156.0277959850754,158.66019533729238,230939000
2014-10-14,156.3610076904297,158.12705438244572,155.8112003416568,156.96079521433958,215847000
2014-10-15,155.30299377441406,156.3526279345509,151.5460036100907,154.2450465361343,380715000
2014-10-16,155.16973876953125,156.2610147361028,152.35407085373203,152.49568555744972,270391000
2014-10-17,157.00247192382812,158.0687581821582,156.29438544567282,156.96081753491285,214625000
2014-10-20,158.52688598632812,158.65183640642957,156.66921771107624,156.71919787911682,130011000
2014-10-21,161.66744995117188,161.77573608629254,159.5098750844917,159.6764798940969,154949000
2014-10-22,160.517822265625,162.3671645089137,160.451177813212,161.95064621467984,151822000
2014-10-23,162.3838348388672,163.4417949874984,161.82570178548264,162.12559550040444,154944000
2014-10-24,163.63339233398438,163.68338521316792,162.01731181872384,162.65041513260533,117927000
2014-10-27,163.40850830078125,163.65008338958393,162.46717261141688,163.0502958526072,82954000
2014-10-28,165.28280639648438,165.29113218705893,163.8832982009852,163.958281160679,106736000
2014-10-29,165.03289794921875,165.87426042391664,163.94162192713472,165.39943612390093,142557000
2014-10-30,166.09083557128906,166.5656598069082,164.44141400891695,164.5913672014641,113330000
2014-10-31,167.99020385742188,168.12349279587062,167.24880161510845,168.09016420569202,146903000
2014-11-03,168.08180236816406,168.64826116839347,167.69859993008586,168.20675277670583,93600000
2014-11-04,167.49868774414062,167.94019615814827,166.65731258032434,167.63196394961278,93343000
2014-11-05,168.55665588378906,168.7649150749209,167.815253671805,168.72326069446808,91709000
2014-11-06,169.23138427734375,169.3230188139937,167.9735035570852,168.59828102211767,107089000
2014-11-07,169.3896942138672,169.60629190977082,168.7815809292589,169.24807948792457,89540000
2014-11-10,169.92283630371094,169.97281647598805,169.2147626778979,169.42302186980746,66319000
2014-11-11,170.08938598632812,170.19768479858203,169.6478776594704,169.98942567417262,54499400
2014-11-12,169.90614318847656,170.13939240950916,169.36466179519223,169.397990375985,90120300
2014-11-13,170.0977325439453,170.63087541924327,169.28136029670475,170.07274246472267,85357900
2014-11-14,170.13938903808594,170.34764817496176,169.7062064742681,170.02276442988062,80417500
2014-11-17,170.2476806640625,170.42262393760552,169.6478933135284,169.81451079733296,80441000
2014-11-18,171.23069763183594,171.53891714580226,170.3060263788056,170.3060263788056,76068100
2014-11-19,170.95578002929688,171.2306836454331,170.18938784694606,171.03075027611666,82373000
2014-11-20,171.25563049316406,171.36392929642773,170.08937186660958,170.1560163062236,72840300
2014-11-21,172.1720733642578,173.13839929174517,171.58895003254486,172.97179444141793,142327300
2014-11-24,172.65518188476562,172.7634807233394,172.3636266664127,172.58021163242898,65880800
2014-11-25,172.53024291992188,173.09670181225238,172.27200355952814,172.88844262340166,79108300
2014-11-26,172.97171020507812,173.07167052436722,172.46355739680993,172.68014232564607,62167800
2014-11-28,172.60519409179688,173.16332713086655,172.36361905233983,172.84678184238464,57890100
2014-12-01,171.40562438964844,172.0553919895601,171.08907909169858,171.93876736165623,103968400
2014-12-02,172.5135955810547,172.72185479037398,171.42231935800297,171.4473094462306,74507200
2014-12-03,173.1800537109375,173.3966387452854,172.52196010313804,172.688564953493,68952000
2014-12-04,172.98841857910156,173.49657151686566,172.18869768760325,172.88844552320657,91316600
2014-12-05,173.27159118652344,173.66311935657555,172.896727305509,173.16329237447084,91025500
2014-12-08,172.11370849609375,173.37158930347246,171.54723694544316,172.87177492350764,108588200
2014-12-09,171.99710083007812,172.10539967642532,169.86452875855701,170.2477185498695,125180100
2014-12-10,169.23974609375,171.58890307611287,169.04813849272983,171.53059711446502,159856400
2014-12-11,170.0977325439453,171.76380561814253,169.69787856525406,169.83949325122535,159012800
2014-12-12,167.34878540039062,169.78959017192528,167.315469516679,168.8066000021153,202330200
2014-12-15,166.19918823242188,168.71496324300287,165.5910748512851,168.25679040332406,189965800
2014-12-16,164.8662872314453,168.6066136725012,164.82463285652233,165.42442026424777,259543800
2014-12-17,168.09844970703125,168.55662237867372,165.18282161074427,165.307784727263,253910100
2014-12-18,172.2553253173828,177.41182444957346,169.87283988140095,170.55593606686278,257633900
2014-12-19,172.98828125,173.6667631528619,172.22603078426874,172.9128844309023,245084600
2014-12-22,173.78402709960938,173.78402709960938,172.9380208735829,173.1809292497312,148318900
2014-12-23,174.0185089111328,174.42056975729437,173.72533182211436,174.37031374918465,122167900
2014-12-24,174.03533935546875,174.5127844173021,173.99345507042986,174.2447479993739,42963400
2014-12-26,174.59654235839844,174.93997558100503,174.437389753713,174.4876457801845,57326700
2014-12-29,174.83103942871094,175.04044801246695,174.34520998064275,174.41222226119893,79643900
2014-12-30,173.89292907714844,174.537898446166,173.8175322576043,174.40388663858505,73540800
2014-12-31,172.16738891601562,174.3871280021789,172.04174885396162,174.21960365901083,130333800
2015-01-02,172.07521057128906,173.28979054866184,171.02816768133684,172.87097339268095,121465900
2015-01-05,168.96762084960938,171.18734701084932,168.65770019573856,171.0198226785215,169632600
2015-01-06,167.37608337402344,169.80521760688612,166.571948863513,169.27750393494847,209151400
2015-01-07,169.46182250976562,169.80525569969785,168.26401138852668,168.71632836502508,125346700
2015-01-08,172.4689178466797,172.6867109707021,170.869045856465,170.88578934193856,147217800
2015-01-09,171.0868377685547,172.90450300570723,170.4669836693782,172.88774673781396,158567300
2015-01-12,169.74661254882812,171.380009916417,169.13514299216894,171.22085732931555,144396100
2015-01-13,169.2691650390625,172.1171169530622,167.95407286533074,170.97793363120493,214553300
2015-01-14,168.2472381591797,168.44827500696013,166.3290610974245,167.2336949592215,192991100
2015-01-15,166.70602416992188,169.21054318097146,166.5887558494843,168.89225075766285,176613900
2015-01-16,168.8922576904297,169.05141029926114,166.31234175361354,166.49662237633532,211879600
2015-01-20,169.25245666503906,169.80529860589647,167.66932767534055,169.53724938076905,130991100
2015-01-21,170.1068115234375,170.59264105499594,168.31427424968842,168.78334751290683,122942700
2015-01-22,172.63644409179688,172.77045587358825,169.47855902370208,170.86903510773473,174356000
2015-01-23,171.68997192382812,172.6365031500975,171.55594731490163,172.3768256773186,117516800
2015-01-26,172.09201049804688,172.18415080699114,170.75180292765285,171.4721691299567,92009700
2015-01-27,169.82203674316406,170.97796375454018,168.98440217602436,170.01468911484523,134044600
2015-01-28,167.64414978027344,171.12032745835447,167.45149744533808,171.01981541948155,168514300
2015-01-29,169.19374084472656,169.4534054081447,166.42116083786112,167.84514923811417,173585400
2015-01-30,167.06622314453125,169.3445903435506,166.7981867112119,168.00438261437395,197729700
2015-02-02,169.13510131835938,169.22724159443706,165.73430840704756,167.56872940632263,163107000
2015-02-03,171.5810089111328,171.58939343425138,169.66283196591232,170.03976484897566,124212900
2015-02-04,170.92767333984375,172.03335688105557,170.46697186433883,170.81040503528672,134306700
2015-02-05,172.65321350097656,172.80399435240037,171.52241463109291,171.59779866616094,97953200
2015-02-06,172.17576599121094,173.59137027511295,171.64805219084124,173.02177219544149,125672000
2015-02-09,171.4051055908203,172.25111160635797,170.99466019526864,171.52237387793727,87219000
2015-02-10,173.231201171875,173.4908658402638,171.4470354704706,172.45220716670855,96164200
2015-02-11,173.33164978027344,173.76722317044732,172.41025977105238,173.063613465671,91087800
2015-02-12,174.99856567382812,175.0572062129451,173.36518125873363,174.1358033217196,97545900
2015-02-13,175.71893310546875,175.76918912151592,174.86454248880932,175.1242198738628,93670400
2015-02-17,175.9954071044922,176.17131599504648,175.1494007559722,175.40068091206447,76968200
2015-02-18,176.01210021972656,176.08748423950541,175.3503619626853,175.61841107472355,80652900
2015-02-19,175.88645935058594,176.25502051402637,175.26661810415067,175.40901441160975,91462500
2015-02-20,176.94192504882812,177.01730909001168,174.8394541708134,175.4676800765873,140896400
2015-02-23,176.91680908203125,176.91680908203125,176.30532662291196,176.6906441617914,74411100
2015-02-24,177.41937255859375,177.6204094525015,176.53985372201973,176.84140267223685,72472300
2015-02-25,177.26856994628906,177.77952743515394,176.92513677907291,177.29369795547206,73061700
2015-02-26,177.05914306640625,177.33556392016337,176.44766082266244,177.17641135758032,72697900
2015-02-27,176.45603942871094,177.2266614279118,176.40578341721942,176.95861232491077,108076000
2015-03-02,177.570068359375,177.62869610370686,176.5062694083209,176.55652541240042,87491400
2015-03-03,176.84140014648438,177.6204069156228,175.97026584790416,177.13457734825138,110325800
2015-03-04,176.09588623046875,176.31367936673297,175.11585546114185,176.23828255271755,114497200
2015-03-05,176.28851318359375,176.57330576642445,175.77755577026363,176.42252495232995,76873000
2015-03-06,173.8091278076172,175.85295766877033,173.47407917977952,175.41738422755265,188128000
2015-03-09,174.52952575683594,174.88970245852138,173.8510438536326,174.01019645439155,89818900
2015-03-10,171.69827270507812,173.2311449852438,171.6563884344383,173.14738922524907,157121300
2015-03-11,171.29624938964844,172.13388386099146,171.21248082999907,171.95797499824283,110145700
2015-03-12,173.47410583496094,173.5411053457946,171.88259265497314,171.9328486787423,93993500
2015-03-13,172.41026306152344,174.1692873570354,171.36322022564084,173.19764131911268,162410900
2015-03-16,174.71376037597656,174.80590065840758,172.4353941024869,173.14738835593423,136099200
2015-03-17,174.19447326660156,174.57977797249495,173.37358226810397,173.9683083767063,94510400
2015-03-18,176.28851318359375,176.96699489380757,173.07198788951843,173.7169698528693,228808500
2015-03-19,175.4844512939453,176.29695789045866,175.09076200362276,175.86976883940838,117917300
2015-03-20,177.03338623046875,177.54662453555716,176.25932421659334,176.44442739799177,177715100
2015-03-23,176.6884307861328,177.62235586239314,176.6884307861328,177.04180610710424,71784500
2015-03-24,175.69557189941406,177.02493036446094,175.62826049740684,176.5621853379592,77805300
2015-03-25,173.1210479736328,176.14158931522988,173.07898955928758,175.90600570618383,159521700
2015-03-26,172.7086944580078,173.63419735056058,171.741107496016,172.44787079884895,153067200
2015-03-27,173.10415649414062,173.2808377069905,172.39739312772588,172.59091824053647,118939000
2015-03-30,175.21603393554688,175.51892891350693,174.13066775355566,174.14748598019608,96180400
2015-03-31,173.68475341796875,175.08985868702868,173.62586393942064,174.3830950760514,126768700
2015-04-01,173.0705108642578,173.67630075700797,172.06927443489747,173.65106058133833,137303600
2015-04-02,173.69313049316406,174.14746649008558,172.81809494883737,173.0031981278934,86900900
2015-04-06,174.8626251220703,175.3842724915507,172.6582310501748,172.79284102923077,114368200
2015-04-07,174.3998565673828,175.64508545643727,174.3662072842571,174.88785462190066,81236300
2015-04-08,174.98880004882812,175.43472683179624,174.23156928032967,174.62701572384276,89351900
2015-04-09,175.76290893554688,175.99849247497008,174.32416752252226,174.82057477785403,85548900
2015-04-10,176.7221221923828,176.7641934440739,175.81344991524148,176.0153713820091,72722900
2015-04-13,175.92279052734375,177.218512969372,175.87231016904107,176.5790608619612,74436600
2015-04-14,176.25927734375,176.44438047592374,175.08976910229035,175.7207990060636,75099900
2015-04-15,177.0502166748047,177.56345501531496,176.64636099585348,176.73050347987441,99529300
2015-04-16,176.99972534179688,177.51296365047492,176.51172720909153,176.71366145521299,68934900
2015-04-17,174.96359252929688,176.0405494330983,174.17269949468104,175.79655680075504,191113200
2015-04-20,176.56219482421875,176.8987390139994,175.81337308936958,175.8975027176458,92189500
2015-04-21,176.35183715820312,177.4119628243256,176.04894227669143,177.25209985375875,72559800
2015-04-22,177.21847534179688,177.40357850849924,175.76289018197028,176.69681512729994,78264600
2015-04-23,177.66439819335938,178.32066837384812,176.69681114588306,176.81460290037236,102585900
2015-04-24,178.0767059326172,178.34595162982734,177.62236986650186,178.08512788461843,61327400
2015-04-27,177.33627319335938,178.7750145023174,177.14274806984972,178.648813629019,79358100
2015-04-28,177.90000915527344,177.95048950951048,176.124710614009,177.31105029194075,86863500
2015-04-29,177.16795349121094,177.77373035865583,176.35182049421036,176.9996685875664,125684900
2015-04-30,175.3927001953125,176.98289536772722,174.6859367999757,176.58744885262007,161304900
2015-05-01,177.29420471191406,177.3362759497805,176.082624956061,176.18358565626897,103399700
2015-05-04,177.79904174804688,178.38800058918994,177.61393856392476,177.7233083812043,70927200
2015-05-05,175.76290893554688,177.91683575623625,175.61987698934993,177.5550384960463,113326200
2015-05-06,175.03932189941406,176.62951716104993,173.96236494118128,176.31821310169286,135060200
2015-05-07,175.73770141601562,176.16681017268684,174.60185474808324,174.9383990559871,88244900
2015-05-08,178.05142211914062,178.25335634256126,177.3446715946759,177.42881406401906,155877300
2015-05-11,177.20166015625,178.2786171290056,177.12593962808901,178.00938430498658,75708100
2015-05-12,176.67153930664062,177.21843958458223,175.52727125169434,176.3602353337885,119727600
2015-05-13,176.7052764892578,177.71492218115253,176.4696929224271,177.08389201892564,94667900
2015-05-14,178.5479278564453,178.64047948181565,177.45413942161727,177.73179429772824,95934000
2015-05-15,178.7414093017578,178.88444127288756,178.2534110740751,178.7414093017578,76510100
2015-05-18,179.29666137695312,179.5490631047457,178.50576839430133,178.5730798011587,74549700
2015-05-19,179.23780822753906,179.6921571388218,178.95174429871165,179.4145023237805,72114600
2015-05-20,179.11158752441406,179.86881850836832,178.79186149911146,179.33874911659618,76857500
2015-05-21,179.63320922851562,179.84355256484878,178.8002449948345,178.96852993457173,64764600
2015-05-22,179.2041473388672,179.666892495653,179.13683591790868,179.24620574341802,57433500
2015-05-26,177.27732849121094,179.13676888920133,176.85664189638683,178.7076603459457,124308600
2015-05-27,178.96011352539062,179.19569704231063,177.32784713077436,177.74012470455375,93214000
2015-05-28,178.7581329345703,178.86750270656034,178.0597917269875,178.64875032424573,74974600
2015-05-29,177.64761352539062,178.7329797724671,177.37838066124849,178.690921365003,124919600
2015-06-01,178.00942993164062,178.65727840085825,177.21011469059806,178.32073407498788,93338800
2015-06-02,177.8327178955078,178.5310594977432,176.9156237873346,177.54665396351024,91531000
2015-06-03,178.30381774902344,178.93484768705298,177.80741061230773,178.37112914968034,87820900
2015-06-04,176.7977752685547,178.2533474797845,176.4780493069534,177.5886682230393,151882800
2015-06-05,176.49493408203125,177.1764446068865,175.83024178465624,176.64637515940282,121704700
2015-06-08,175.40956115722656,176.53701151666712,175.33384061588606,176.3855575956441,89063300
2015-06-09,175.3843231201172,175.93122365928016,174.744883810413,175.3843231201172,105034700
2015-06-10,177.48776245117188,177.8747999649806,176.09950111444877,176.15839059187076,134551300
2015-06-11,178.0598602294922,178.44688481158454,177.6980629844864,177.93364651402248,73876400
2015-06-12,176.69683837890625,177.93365841083533,176.419183592316,177.22690777497309,135382400
2015-06-15,175.9396209716797,176.225684893279,174.82900173957685,175.54417438191652,124384200
2015-06-16,176.8987579345703,176.98290041018407,175.6114576553835,175.7881388804974,85308200
2015-06-17,177.18484497070312,177.79905687862262,176.14995914474508,177.18484497070312,126708600
2015-06-18,179.0274200439453,179.4985870649111,177.21847248023624,177.79060019474088,165867900
2015-06-19,178.2327117919922,178.85836136893383,177.85225461580427,178.7822725138541,130478700
2015-06-22,179.1457977294922,179.73762137412984,178.93443122063672,179.16271066242123,70696000
2015-06-23,179.27261352539062,179.61080768201458,178.8752563551379,179.3571652897436,68476800
2015-06-24,177.9705810546875,179.3825076318251,177.94521810845285,179.00205053751867,92307300
2015-06-25,177.42953491210938,178.60473239860588,177.3534460513008,178.4779176305916,97107400
2015-06-26,177.39566040039062,178.0382098367392,176.83764981312737,177.79301750258455,104174800
2015-06-29,173.67562866210938,177.40413691469507,173.59953981633114,175.8992084278497,202621300
2015-06-30,174.03919982910156,175.28203601376663,173.55727796530587,175.23129721169175,182925100
2015-07-01,175.4342041015625,175.8823000727468,174.63946395620522,175.62865767943032,135979900
2015-07-02,175.2735595703125,176.08521263062062,174.85082655783256,175.91612200578618,104373700
2015-07-06,174.77476501464844,175.5610423483133,173.76865822364863,173.9715747456217,117975400
2015-07-07,175.87387084960938,176.00068561086653,172.5680951310846,174.97767880128674,173820200
2015-07-08,172.9231719970703,174.80855769622184,172.68644253263818,174.5211023323812,164020100
2015-07-09,173.23599243164062,175.30739462196533,173.1260906151726,175.04528930383157,144113100
2015-07-10,175.4172821044922,175.84001510458066,173.27825415610752,175.2566415003326,129456900
2015-07-13,177.35340881347656,177.46331062241677,176.6516704759601,176.6939463566852,106069400
2015-07-14,178.12278747558594,178.4356186976055,177.25195844557382,177.31114726353027,81709600
2015-07-15,178.06361389160156,178.63007462431804,177.58169202748812,178.1650656942407,97914100
2015-07-16,179.49246215820312,179.49246215820312,178.88372551193277,179.12890501353002,106683300
2015-07-17,179.64463806152344,179.7038268824657,179.06972729071447,179.4839974341535,89030000
2015-07-20,179.7376251220703,180.23644699718167,179.41635679444664,179.87290278674774,70446800
2015-07-21,179.02743530273438,179.86445133284906,178.72306701003706,179.60234602183596,77965000
2015-07-22,178.7061767578125,179.04437095972563,178.30035661630646,178.33416958610292,88667900
2015-07-23,177.7000274658203,178.9428634463919,177.3364832991103,178.84141166047965,90509100
2015-07-24,175.8569793701172,177.860730247187,175.51879803164493,177.80155431831037,117755000
2015-07-27,174.8339385986328,175.476501125891,174.38584257346042,174.96076626096567,132361100
2015-07-28,176.98143005371094,177.12515775056892,174.8424017344188,175.6794049632264,123544800
2015-07-29,178.1988983154297,178.42716488001827,176.9645120997899,177.1082397925717,105791300
2015-07-30,178.2411651611328,178.41025579695912,177.05750490877153,177.68315445219628,91304400
2015-07-31,177.9705810546875,178.77377112062024,177.68312573017036,178.7484081743856,103266900
2015-08-03,177.3702850341797,177.9959344428736,176.406454426659,177.9367585384325,113965700
2015-08-04,177.02374267578125,177.75929424786372,176.53337066079553,177.29428519048136,81820800
2015-08-05,177.60704040527344,178.65540993914453,177.31957217428248,177.92830869753067,85786800
2015-08-06,176.15283203125,177.90293980147246,175.56099555842678,177.79302510209905,116030800
2015-08-07,175.8146514892578,176.1443827120437,174.9015466644383,175.99220502496743,117858000
2015-08-10,178.02976989746094,178.11430875133064,176.939111606014,176.939111606014,80270700
2015-08-11,176.42340087890625,177.09977630586314,175.6540236694829,176.67704327661363,126081400
2015-08-12,176.634765625,176.82076918807053,173.6249085510052,175.10447413856465,172123700
2015-08-13,176.4149627685547,177.16742709536987,175.8654020529684,176.4741386882334,89383300
2015-08-14,177.05755615234375,177.13364502536876,176.0768121196026,176.22053984669174,72786500
2015-08-17,178.0466766357422,178.0466766357422,175.9922005082159,176.4572093747713,79072600
2015-08-18,177.5309600830078,178.12278374623838,177.29423061771558,177.76768954830004,71692700
2015-08-19,176.1274871826172,177.55631391735295,175.30738411253319,176.7784867283554,172946000
2015-08-20,172.44969177246094,176.10209798751376,172.39050296326798,174.59716962055765,194327900
2015-08-21,167.25856018066406,172.42435856984426,166.99646775368126,170.55587281171998,346588500
2015-08-24,160.2157745361328,166.96258823683308,154.21296199214322,158.51639286475503,507244300
2015-08-25,158.33045959472656,165.24636694929484,158.03454126308623,165.22945401299782,369833100
2015-08-26,164.40931701660156,164.68830943199663,159.2604194918444,162.3971038942646,339257000
2015-08-27,168.4760284423828,168.60284319336628,165.04343824068644,166.57372977289987,274143900
2015-08-28,168.48448181152344,168.95794075900105,167.33464741016834,167.8250192917098,160414400
2015-08-31,167.12327575683594,168.35766188982873,166.5652650569575,167.49528289008825,163298800
2015-09-01,162.13504028320312,164.6714386250342,161.2557483002598,163.27641179655365,256000400
2015-09-02,165.2125244140625,165.25480029684482,162.68457627282137,164.54459900815078,160269300
2015-09-03,165.33090209960938,167.4445673964574,164.83208018574265,165.9311758194723,152087800
2015-09-04,162.8283233642578,163.9020689911462,161.99977014626324,163.04815282061637,207081000
2015-09-08,166.92037963867188,167.07257025758048,165.0096307400389,165.66064330272306,116025700
2015-09-09,164.68829345703125,168.6450804926855,164.31629930565947,168.51826577071623,149347700
2015-09-10,165.5845489501953,166.74283343563752,164.23179796366657,164.493890403369,158611100
2015-09-11,166.33702087402344,166.40465971650872,164.46853494013934,165.187186353354,119691200
2015-09-14,165.71978759765625,166.56525360572695,165.22941576488074,166.5145277093687,79452000
2015-09-15,167.79119873046875,168.239294706965,165.67753359575494,166.22708137046524,113806200
2015-09-16,169.24534606933594,169.43981250157276,167.74888081747133,168.09552490890053,99581600
2015-09-17,168.8649139404297,171.53658949176486,168.48445683551876,169.11010629524768,276046600
2015-09-18,166.1054229736328,168.85047191148456,165.68899914961318,166.3263952569317,223657500
2015-09-21,166.96380615234375,168.00062531498517,165.9014792127219,166.94680529030953,105726200
2015-09-22,164.7966766357422,165.26410313957095,163.64935821433156,164.7711818235206,153890900
2015-09-23,164.53321838378906,165.44256359360344,163.94681177842696,164.96664315094998,92790600
2015-09-24,163.9382781982422,164.40570461691456,161.94960540009873,163.30088207310462,159378800
2015-09-25,163.89578247070312,165.72297936372473,163.01191931876372,165.41702872926209,155054800
2015-09-28,159.7824249267578,163.0968919140088,159.46798038251777,162.986405790744,178515900
2015-09-29,159.87594604492188,161.2527305345265,158.86460875460847,160.00343305447555,159045600
2015-09-30,162.85894775390625,163.02891744401106,160.9977491727967,161.7881140673193,163452000
2015-10-01,163.28392028808594,163.589870995786,161.32074198361886,163.2414246127105,131079000
2015-10-02,165.72299194335938,165.74848675084516,160.72580219042987,161.27821994428882,211003300
2015-10-05,168.6720428466797,168.90150912336233,166.8533394329519,166.9638255972546,126320800
2015-10-06,168.09408569335938,169.1054228648596,167.42270087287312,168.53601726574945,110274500
2015-10-07,169.47085571289062,169.8277959254269,167.83061655639113,169.03741812292472,124307300
2015-10-08,171.0006866455078,171.289636525217,168.77404006551208,169.07999081104563,153055200
2015-10-09,171.10264587402344,171.5870602664897,170.46524964276924,171.14514154967895,107069200
2015-10-12,171.2641143798828,171.46807286578323,170.74569828178764,171.17912303218498,56395600
2015-10-13,170.1847686767578,171.80800728553606,170.0147989670317,170.52470809621005,88038700
2015-10-14,169.36888122558594,170.71166386131966,169.07143750132715,170.12525739094505,99106200
2015-10-15,171.96949768066406,171.9779916281229,169.66636706916037,170.0403082430894,134142200
2015-10-16,172.75132751464844,172.76831540550762,171.6040094567288,172.37738643005667,114580100
2015-10-19,172.83627319335938,172.83627319335938,171.78245357369502,172.09689807725897,76523900
2015-10-20,172.6153564453125,173.23575166137303,172.13943611694518,172.39439714081522,78448500
2015-10-21,171.5446014404297,173.19332236180009,171.3746187141433,173.04035346957593,102038000
2015-10-22,174.44256591796875,174.6550312918682,171.5445480735519,172.50488274543443,174911700
2015-10-23,176.35472106933594,176.72866213183002,175.32639611533207,176.13376179052347,144442300
2015-10-26,175.92132568359375,176.23577028027046,175.5473845589744,176.17628672018483,69033000
2015-10-27,175.5814208984375,175.92136036901158,174.89302207355672,175.24146846000386,77905800
2015-10-28,177.5785369873047,177.60403179188353,175.2499250500653,175.9213098504011,135906700
2015-10-29,177.47657775878906,177.85051889187142,176.94966778100428,177.06864787172526,90525500
2015-10-30,176.71170043945312,177.99499963996743,176.5502376429131,177.67204811117188,131076900
2015-11-02,178.8023681640625,178.99783268647755,176.91567451540823,177.0431615266112,86270800
2015-11-03,179.32073974609375,179.88165133341406,178.21591742896868,178.44538361793693,95246100
2015-11-04,178.77685546875,179.74569700481345,178.23294465846624,179.6182229742222,96224500
2015-11-05,178.59837341308594,179.3037599525177,177.69752237675453,178.83633357483927,78408700
2015-11-06,178.5049285888672,178.74290177240428,177.1621586437671,178.2499804776831,110471500
2015-11-09,176.8391571044922,178.03746475985312,175.8788095975618,177.88448296851604,131008700
2015-11-10,177.24713134765625,177.28113307329784,176.08282511767771,176.35477408351662,75874600
2015-11-11,176.5502471923828,177.57007848265027,176.48225671065052,177.51908886331566,67846000
2015-11-12,174.0856475830078,175.9723413784113,174.0686596878124,175.49642095576158,121315200
2015-11-13,172.1309814453125,173.94119099955032,172.04600305680225,173.66924200131317,153577100
2015-11-16,174.74855041503906,174.80804695582387,171.82502422918668,171.9440173107563,117645200
2015-11-17,174.6210479736328,175.95532381996983,174.11963278790748,175.06297959610046,121123700
2015-11-18,177.39158630371094,177.53606120178594,175.06297410574533,175.10545680622945,121342500
2015-11-19,177.2386474609375,177.66357828056675,176.9411907000532,177.27263622064964,88220500
2015-11-20,177.88450622558594,178.57289195696526,177.502071149026,178.00348631535698,94011500
2015-11-23,177.6805877685547,178.45395204224405,177.21316125070283,177.9440428146548,64931200
2015-11-24,177.9185333251953,178.32646326718864,176.26979972615433,176.66072880493905,98874400
2015-11-25,177.89303588867188,178.2499762036301,177.62956790033377,178.04600475171446,51980100
2015-11-27,178.09693908691406,178.3009104755118,177.50203874665587,177.98645296377512,37317800
2015-11-30,177.3576202392578,178.37745157063347,177.24713408100698,178.25847146477062,112822700
2015-12-01,179.04885864257812,179.16785173099424,177.71458250262359,177.99503842276042,97858400
2015-12-02,177.22158813476562,179.32074672868623,176.96662713352347,178.99779526258916,108441300
2015-12-03,174.74002075195312,177.7485247082022,174.00913935487404,177.4765757758173,166224200
2015-12-04,178.14796447753906,178.44542119134715,174.74002451189043,174.74002451189043,192913900
2015-12-07,177.0686492919922,178.24144934768975,176.09130078307723,177.81651859629824,102027100
2015-12-08,175.87889099121094,177.01770265255843,174.88455427485275,175.4879618383837,103372400
2015-12-09,174.5105743408203,177.3491089157524,173.5247317922549,175.2329618735133,162401500
2015-12-10,174.96096801757812,176.28674977028695,174.34057280619132,174.57853296858232,116128900
2015-12-11,171.57005310058594,173.490735526614,171.2555955103411,172.81935061095783,211173300
2015-12-14,172.4369354248047,172.56442246176445,169.92984597892263,171.73156161864165,182385200
2015-12-15,174.2471466064453,175.16499881593387,172.41144218746817,173.9666906840021,154069600
2015-12-16,176.79673767089844,177.10268841763286,174.05168786716467,175.38596406274183,197017000
2015-12-17,174.1026153564453,177.17910962376038,174.08561449662216,177.11111915232414,173092500
2015-12-18,171.00100708007812,173.48881298413806,170.83857028308714,173.35203577433637,251393500
2015-12-21,172.41160583496094,172.59114466127477,171.06083152352315,172.18933147169992,99094300
2015-12-22,173.97605895996094,174.27528590100064,172.30896911210283,173.30922302081768,111026200
2015-12-23,176.13050842285156,176.1732570042813,174.8994223298739,174.99346399100511,110987200
2015-12-24,175.83981323242188,176.3955186609164,175.61753888804483,175.87401731311655,48539600
2015-12-28,175.4380340576172,175.4807695960334,174.35228265410015,175.13880701848663,65899900
2015-12-29,177.31028747558594,177.64370553695957,176.5152186542471,176.54940969219302,92640700
2015-12-30,176.05355834960938,177.14786726116884,175.90822360663748,177.06237009705092,63317700
2015-12-31,174.29241943359375,176.0193603289964,174.29241943359375,175.36962626059398,114877900
2016-01-04,171.8558807373047,171.86442523406282,169.7784200621562,171.40277455349272,222353500
2016-01-05,172.1465606689453,172.60821137767752,171.0266184087493,172.1807517030968,110845800
2016-01-06,169.97509765625,171.03518946500336,168.93209484470904,169.56472691250414,152112600
2016-01-07,165.8971710205078,168.795348292651,165.50390221720534,166.9914671970372,213436100
2016-01-08,164.07614135742188,167.43598162190915,163.78547187154766,166.87173164695164,209817200
2016-01-11,164.23861694335938,165.35001511401424,162.28085665535193,165.00803942186877,187941300
2016-01-12,165.56373596191406,166.32461389833665,163.40933487702836,165.70052623128035,172330500
2016-01-13,161.4344482421875,166.58961170348852,161.04973708217204,166.23909158312586,221168900
2016-01-14,164.0846710205078,165.22171536601525,160.43417464523262,162.04997175831488,240795600
2016-01-15,160.56239318847656,161.37456392227324,158.60463371248107,159.67328284774862,324846400
2016-01-19,160.77615356445312,162.5287410883061,159.18600282723062,162.40050838572196,195244400
2016-01-20,158.71578979492188,160.2973959866712,154.7575216339818,158.18574391327064,286547800
2016-01-21,159.60494995117188,161.46866850793387,157.8523620771734,159.19459217588238,195772900
2016-01-22,162.87925720214844,163.0844295212445,161.47718982650474,162.24661211318602,168319600
2016-01-25,160.4170379638672,162.56288045694924,160.22041020072407,162.36625269380613,130371700
2016-01-26,162.60562133789062,162.8877462255997,160.7419038339733,161.08386627936127,141036800
2016-01-27,160.83599853515625,163.7683659548094,159.92122847209345,162.0756291150243,185681700
2016-01-28,161.67379760742188,162.60565656123816,160.00670749622898,162.40048426757377,143798800
2016-01-29,165.61497497558594,165.7517652002879,162.33208785294158,162.45177603829734,210529300
2016-02-01,165.55514526367188,166.3502271307359,164.00774315582538,164.5976396599294,136061600
2016-02-02,162.57150268554688,164.11890496410703,162.04144370068147,164.11036046492936,182564900
2016-02-03,163.54605102539062,163.9564086024725,159.9553928746019,163.6400926623294,205054900
2016-02-04,163.8025665283203,164.785718645937,162.40049919757004,163.04168876428574,139531800
2016-02-05,160.68211364746094,163.86241515647515,160.04092403749897,163.2810761717269,180788300
2016-02-08,158.51918029785156,159.11762136969995,156.27929526677462,158.81840735629424,191526700
2016-02-09,158.52767944335938,159.818615934415,156.62121305809944,156.7580032768263,184513100
2016-02-10,158.39089965820312,161.01549508095624,158.26265393837366,159.36550712175494,148214100
2016-02-11,156.33056640625,157.39067118830272,154.81735537304584,155.88600465312658,219058900
2016-02-12,159.55357360839844,159.57066259988326,157.27094092213449,158.12586011751569,127632400
2016-02-16,162.2466278076172,162.27227434998503,160.4085560310586,161.38316377614717,120250700
2016-02-17,164.89686584472656,165.27303248572184,163.29815762049668,163.42640336358255,136009500
2016-02-18,164.22149658203125,165.23030845505008,163.90518051648408,165.17045782371017,102343000
2016-02-19,164.14456176757812,164.29844103261712,162.81943379013438,163.43497694036583,114793000
2016-02-22,166.5211639404297,166.66649864182577,165.67478921991284,165.74318432263428,103640300
2016-02-23,164.4180908203125,166.12792947004937,164.29838959159864,165.8543490244753,111455300
2016-02-24,165.17041015625,165.4525350974953,161.853332062436,162.9732742853884,150812200
2016-02-25,167.1709747314453,167.17953227636613,164.85414989451093,165.6235723251821,110728300
2016-02-26,166.7861785888672,168.1454969452414,166.62374185853983,168.0514683592954,129833700
2016-02-29,165.47824096679688,167.76087480619796,165.28161310513593,166.80336899807,125918100
2016-03-01,169.36810302734375,169.45360019554028,166.23909451987416,166.7178473536875,141799700
2016-03-02,170.12890625,170.18019931040817,168.63279777795225,169.05171284633664,102415000
2016-03-03,170.7958221435547,170.8129241867133,169.36810809817447,169.9494471151997,95172200
2016-03-04,171.35153198242188,172.13806950698134,170.1546497407671,170.99246730992544,129293600
2016-03-07,171.48825073242188,171.8986213684485,170.342662058171,170.41960166053875,100219000
2016-03-08,169.61602783203125,170.91550915720234,169.45360408079193,170.40256527137137,123974900
2016-03-09,170.45382690429688,170.80433392917834,169.6416430727765,170.43672486441375,94801200
2016-03-10,170.59056091308594,171.89859920988843,168.74394546913433,170.94963843458055,156838700
2016-03-11,173.3434600830078,173.38620866379907,170.57352946021533,172.0610809294823,137964500
2016-03-14,173.12120056152344,173.58285135653813,172.49711297260322,172.83053105929062,73612000
2016-03-15,172.83905029296875,173.1468217930014,171.881544757327,172.14656767915395,93169100
2016-03-16,173.8393096923828,174.2496804015933,172.30900968835283,172.35175826785832,129303200
2016-03-17,174.94216918945312,175.45511302645488,173.35201850918043,173.75383168960127,134278500
2016-03-18,175.62966918945312,175.97339555230175,175.13125678469848,175.44920432594944,138372400
2016-03-21,175.87884521484375,176.1108676903817,175.13123326427743,175.36325573981537,72926700
2016-03-22,175.78428649902344,176.360035186398,174.93355943084012,175.09682087852738,97471900
2016-03-23,174.6241455078125,175.58658920571156,174.45226932263455,175.3975358918654,81052500
2016-03-24,174.546875,174.58125549752504,173.3610100817444,173.58443086638553,84360900
2016-03-28,174.64996337890625,175.18274295765676,174.1945202333973,174.96791079044255,62408200
2016-03-29,176.26547241210938,176.3771893223586,173.92809764835297,174.23745645862408,92922900
2016-03-30,177.03892517089844,177.76934679226915,176.66940696406155,177.27953618879903,86365300
2016-03-31,176.60928344726562,177.37408566216794,176.4460088543676,176.94442120183365,94584100
2016-04-01,177.81227111816406,178.00132445785167,175.28584295353318,175.60380344972438,114423500
2016-04-04,177.23655700683594,177.94121288496888,176.92719812829498,177.73496926183614,63497000
2016-04-05,175.46633911132812,177.2451428008705,175.20853786452477,175.8788132388238,99662200
2016-04-06,177.3826446533203,177.44280396164888,175.28588033854226,175.46634515121136,91839800
2016-04-07,175.26007080078125,176.6435904143222,174.52104765729388,176.2826739645699,113859000
2016-04-08,175.7327117919922,176.89281073334448,175.19133053771915,176.454544722813,95040600
2016-04-11,175.32028198242188,177.08190881102948,175.2257552810141,176.3772528346592,83757500
2016-04-12,176.95297241210938,177.23655246953857,175.04526156199742,175.49211617785394,115350600
2016-04-13,178.74038696289062,178.82632508616484,177.74356242710314,177.8810581794152,96336400
2016-04-14,178.7490234375,179.25603752099792,178.39670850721043,178.8005941926762,65212900
2016-04-15,178.55128479003906,178.88642239952102,178.22473574561093,178.74892668478148,75761600
2016-04-18,179.8059844970703,179.84035188379178,177.88108303270684,178.5513585284823,82531000
2016-04-19,180.37315368652344,180.63095501160507,179.54820518104634,180.23567101049065,88316100
2016-04-20,180.54502868652344,181.24967165023085,179.93489932527243,180.4161214687448,81100300
2016-04-21,179.57395935058594,180.6738992817701,179.29896781163075,180.56218233002977,85695000
2016-04-22,179.57395935058594,179.84893777722283,178.6630728243539,179.21304278994597,99251700
2016-04-25,179.2646026611328,179.30757172867024,178.34511444264203,178.9638323006893,66166500
2016-04-26,179.531005859375,180.0466084834896,179.04978373677173,179.63412113927015,75864200
2016-04-27,179.90049743652344,180.29578135900962,178.78336732493133,179.14428386332554,77329400
2016-04-28,178.26776123046875,180.2528087083007,177.8466985002118,179.13569173125254,97216200
2016-04-29,177.3053436279297,177.99280940962174,176.18821337171997,177.6404813935607,142424100
2016-05-02,178.714599609375,178.89505130238553,177.3740488691756,177.81230180737433,62188000
2016-05-03,177.15919494628906,177.70916474946225,176.40298154980803,177.46855378009363,106422100
2016-05-04,176.1709747314453,176.8928208157241,175.66397393773175,176.15379759805253,92243800
2016-05-05,176.1366729736328,177.00459057667842,175.70700845705807,176.6436739562341,67619200
2016-05-06,176.7811279296875,176.82409699364442,175.19996602968425,175.35463892514838,89315000
2016-05-09,176.9272003173828,177.36545327060645,176.471757117273,176.65222192878653,74374900
2016-05-10,179.12705993652344,179.14425018149612,177.57167713052758,177.64042499810333,77472200
2016-05-11,177.45138549804688,179.20441036502498,177.45138549804688,178.66304217310076,81727000
2016-05-12,177.50291442871094,178.30209684921434,176.48031129149425,178.13022063848146,89586300
2016-05-13,175.95619201660156,177.76078806611892,175.6296559302434,177.2022294905784,96474600
2016-05-16,177.69195556640625,178.1731774538536,176.06782514011488,176.1279844322023,77486800
2016-05-17,176.0334930419922,177.7091814188177,175.5007003207155,177.41701280179493,114924900
2016-05-18,176.0850830078125,177.27954962014368,174.98514309626944,175.68119738738298,120062100
2016-05-19,175.4749298095703,175.76709844041505,174.25468454635146,175.35462430790975,115430500
2016-05-20,176.58348083496094,177.10767193042963,176.04209949194592,176.09365712226793,104990400
2016-05-23,176.3428497314453,176.88421790047636,176.15379636692163,176.6006378536908,58682600
2016-05-24,178.628662109375,178.94662266154617,177.1420270512897,177.16780586466624,93537800
2016-05-25,179.84033203125,180.2614078679366,178.62867526405725,179.31614093346346,76621400
2016-05-26,179.89190673828125,180.2098673440507,179.57395924483006,179.9778448722337,55280700
2016-05-27,180.66529846191406,180.67388702980463,180.00361158945233,180.05516922143062,64211200
2016-05-31,180.32156372070312,181.05199849211473,179.75440352965302,180.94028154506367,109879400
2016-06-01,180.69113159179688,180.87158335796275,179.5052532505643,179.70289526999593,69936200
2016-06-02,181.24107360839844,181.25825074668188,179.8059958225737,180.28721794089586,63044700
2016-06-03,180.69967651367188,181.0520045027468,179.47943107298335,180.67389769616085,101757100
2016-06-06,181.6190948486328,181.9800112672705,180.89724889904434,181.06052342201897,64887000
2016-06-07,181.9027557373047,182.46991602211392,181.74808281180395,181.77386163272075,60974800
2016-06-08,182.49562072753906,182.62452789209087,181.91128354097745,182.0401775932147,66170900
2016-06-09,182.24644470214844,182.36675020386295,181.48164263146703,181.7566210158218,73786900
2016-06-10,180.51914978027344,181.19801354650696,179.96916693572322,180.8542873809758,113829200
2016-06-13,179.12705993652344,180.7769694213966,179.04113493628998,179.9090521788433,117751200
2016-06-14,178.77479553222656,179.37633630909994,177.8123512689406,178.74042814238905,125059300
2016-06-15,178.5255889892578,179.90910912035807,178.33653557166753,178.77478861481637,109124500
2016-06-16,179.05833435058594,179.23021059707077,176.66940138239343,178.52555470096962,149533100
2016-06-17,178.39149475097656,178.97887082759283,177.72636686850896,178.9529579524778,117055700
2016-06-20,179.54034423828125,181.06062333539822,179.45395920232323,180.37822900115134,82789600
2016-06-21,180.04994201660156,180.46456110074746,179.47983253808655,179.92901090120472,72461700
2016-06-22,179.7563018798828,180.96561335564152,179.60944467592748,180.23138005789096,95560500
2016-06-23,182.0972137451172,182.14903950470145,180.76697092058973,181.23341593735665,102731400
2016-06-24,175.55821228027344,182.13171191861136,175.1090338804312,175.89509278502908,333444400
2016-06-27,172.4139862060547,174.1415812053919,171.59336803696644,174.13293479487274,230775800
2016-06-28,175.523681640625,175.54959451594976,173.72698092857257,174.03794861297598,159382400
2016-06-29,178.51246643066406,178.74568235965702,176.83669649666578,176.94034802066264,137328600
2016-06-30,180.94833374023438,181.00015949198846,178.42604610431894,178.98752250283675,165021900
2016-07-01,181.3284454345703,181.82081654208014,180.78424856427193,180.9483722667752,106055300
2016-07-05,180.02407836914062,180.6028212353849,179.41942262683366,180.49052331877553,109803700
2016-07-06,181.103759765625,181.22469087021034,178.85788133132374,179.52300899679403,96021500
2016-07-07,180.99147033691406,181.95891921874912,180.214057939797,181.28515829311365,85593800
2016-07-08,183.68655395507812,183.93706263959828,182.0712566644692,182.30448570648667,133971000
2016-07-11,184.33441162109375,184.91316764036316,183.94570531810413,184.15302149726807,73633900
2016-07-12,185.67327880859375,185.97561322015653,184.3603028556848,185.3104854230211,101275600
2016-07-13,185.64739990234375,186.10521162841002,185.15504206773775,186.09657839640178,87324100
2016-07-14,186.6839599609375,187.15905134541154,186.2866203888372,186.92582226930477,91230900
2016-07-15,186.43345642089844,187.45273136521058,185.98427793298637,187.2540615876849,107155400
2016-07-18,186.9344024658203,187.09852608418493,186.29518763126933,186.55432949287123,58725900
2016-07-19,186.74436950683594,186.77891560480086,186.26064505230988,186.51114050893844,54345700
2016-07-20,187.5218505859375,187.7637129017571,186.7444378823041,186.7444378823041,58159500
2016-07-21,186.8135528564453,187.63415812577483,186.36437431240378,187.40957544400825,67777300
2016-07-22,187.6513671875,187.70319292683595,186.66663859860677,186.93441370551142,62787500
2016-07-25,187.14178466796875,187.49594492279994,186.55440850137788,187.4441191646311,55873100
2016-07-26,187.2281494140625,187.59094286240816,186.37298495549334,187.03811286771378,70080500
2016-07-27,187.02944946289062,187.67729762624396,186.25202375856387,187.60819224049237,84083900
2016-07-28,187.24542236328125,187.5391104042257,186.36434505994163,186.83078999670596,65035700
2016-07-29,187.54771423339844,187.91050761189587,186.69256311997748,186.9776178846192,79519400
2016-08-01,187.39227294921875,188.00556192794247,186.93446122802834,187.60822237168617,73311400
2016-08-02,186.1915740966797,187.29723396299798,185.34505614476527,187.14174354215353,92295500
2016-08-03,186.73574829101562,186.7962204462416,185.828771406663,186.131092641279,53993600
2016-08-04,186.9344024658203,187.2540032928445,185.06859687888988,186.84801745178547,46585500
2016-08-05,188.46339416503906,188.50658669033578,186.93448157749887,186.93448157749887,71892200
2016-08-08,188.35105895996094,188.75704486407898,188.08328382756494,188.65338019503514,39906500
2016-08-09,188.46339416503906,188.96439846136306,188.13515996990196,188.42021482025052,51251700
2016-08-10,187.99696350097656,188.65344512183333,187.64280321924065,188.57570647867445,57941100
2016-08-11,188.86936950683594,189.11987823109834,188.26471372836926,188.53248891736825,72504300
2016-08-12,188.70523071289062,188.92118011428386,188.2992447838309,188.55837352109842,61313500
2016-08-15,189.24940490722656,189.6035650713644,189.06801480008608,189.07664803073402,49813500
2016-08-16,188.2733612060547,188.89528345277532,188.2733612060547,188.82619123242333,53213600
2016-08-17,188.6274871826172,188.7656979688908,187.46136827226206,188.30788627230228,75134300
2016-08-18,189.0507354736328,189.08528157678703,188.48927232896932,188.6015570495991,52989300
2016-08-19,188.77430725097656,188.9557105325097,188.08327976828974,188.57563750872933,75443000
2016-08-22,188.7657012939453,188.99893035232702,188.16104556898003,188.5324722355636,61368800
2016-08-23,189.14573669433594,189.6899333286525,189.0852645436325,189.3875989361425,53399200
2016-08-24,188.17828369140625,189.09390689868067,187.7550181870704,188.99888864997274,71728900
2016-08-25,188.0487060546875,188.47197155877979,187.63408696079307,187.78956417831472,69224800
2016-08-26,187.694580078125,189.2753313130413,186.7962363478285,188.23877679946665,122506300
2016-08-29,188.6188201904297,188.88659530308965,187.7895688017212,187.82412808235688,70502200
2016-08-30,188.30789184570312,188.8175293071016,187.74642863304467,188.53247449466522,58114500
2016-08-31,187.7723388671875,188.09193978246574,186.9862798361184,187.97100863772482,85269500
2016-09-01,187.78099060058594,188.07467866953542,186.6062251442805,187.76371095520435,97844200
2016-09-02,188.6274871826172,189.05938600434266,188.0487443431658,188.6447668260279,79293900
2016-09-06,189.19757080078125,189.27530941469155,188.18692927843497,188.91251603593935,56702100
2016-09-07,189.1803436279297,189.36174695786914,188.5670545963171,189.0334995896491,76554900
2016-09-08,188.7484588623047,189.11989878262455,188.4374911166567,188.84347715071127,74102900
2016-09-09,184.2307891845703,187.47003085465795,184.20487630565026,187.41820509681784,221589100
2016-09-12,186.8740234375,187.28000948085813,183.39291916143637,183.4620245709983,168110900
2016-09-13,184.1875457763672,185.84603547162106,183.55697726266493,185.57826034308331,182828800
2016-09-14,184.1184844970703,185.45737364099438,183.55702123373487,184.23941565442752,134185500
2016-09-15,185.95831298828125,186.34701920260437,183.77290650589464,183.95430976884703,134427900
2016-09-16,185.239501953125,185.5173198221608,184.54498377470577,185.3350001897204,155236400
2016-09-19,185.27426147460938,186.5504593372164,184.94435602120194,185.89933851944087,80250500
2016-09-20,185.28294372558594,186.29869064131842,185.2482231096759,186.14242799909218,69665300
2016-09-21,187.36651611328125,187.54882250757416,185.30028866405655,185.9948201236106,110284400
2016-09-22,188.5471954345703,188.85105707665707,188.13917196094948,188.3909328166413,76678700
2016-09-23,187.5141143798828,188.28677720271813,187.4186161322476,188.14786825214205,73630900
2016-09-26,185.9948272705078,186.8542982279427,185.7951406920187,186.67199182664464,89827300
2016-09-27,187.14947509765625,187.24496009145875,185.45655053217604,185.8298666545883,78494800
2016-09-28,188.07839965820312,188.23467552764157,186.40285527657616,187.37519136344423,87411000
2016-09-29,186.37681579589844,188.27809069593522,185.82119323010986,187.87005392528408,128070600
2016-09-30,187.783203125,188.4950881661973,186.96712976900312,187.21889059834407,117202900
2016-10-03,187.331787109375,187.55750420956838,186.68934317439764,187.36652096915003,83512100
2016-10-04,186.37681579589844,187.67038058446127,185.77779577343,187.44466347079577,119948100
2016-10-05,187.20159912109375,187.6356797102558,186.94114811817886,187.0106026020954,72816000
2016-10-06,187.331787109375,187.55750420956838,186.4289054615153,186.97583790565432,62927400
2016-10-07,186.68934631347656,187.78323771432,185.95141736942523,187.60960815378357,89788300
2016-10-10,187.66165161132812,188.13045263935325,187.51406585718902,187.66165161132812,51855000
2016-10-11,185.29159545898438,187.29705849207258,184.55366655887818,187.2276040225769,130367400
2016-10-12,185.53472900390625,186.06430784616106,184.92700558876052,185.4305406557477,73866100
2016-10-13,184.92697143554688,185.43050640953876,183.36429221974143,184.18904252743556,101357000
2016-10-14,185.0224609375,186.38548001347698,184.94432962981705,185.91666567320928,93346200
2016-10-17,184.3800506591797,185.25688856319357,184.19773100736987,184.9964375950738,58275700
2016-10-18,185.53472900390625,186.05561775634644,185.15273597053059,185.99485336308473,76869700
2016-10-19,186.029541015625,186.34207951054083,185.43919788472056,185.80382392094137,66519200
2016-10-20,185.68226623535156,186.2465655479708,185.01377860183115,185.67357614781042,73639800
2016-10-21,185.76907348632812,185.85589487881347,184.70991608401286,185.68226534092736,89089100
2016-10-24,186.55909729003906,186.93241336956274,186.20314813788684,186.65459551995588,60146600
2016-10-25,185.93408203125,186.63729048151052,185.76912928423312,186.37683947290958,66542300
2016-10-26,185.56072998046875,186.1510730798254,184.8575084691738,185.10060572741577,75705500
2016-10-27,185.06588745117188,186.32471831073428,184.98775613681175,186.28999769782519,77220200
2016-10-28,184.51893615722656,185.72567943726344,183.7983741727672,185.0398380646596,140623200
2016-10-31,184.52760314941406,185.08322559915902,184.36265045780345,184.85749528555118,61272500
2016-11-01,183.19065856933594,184.90962698790636,181.96656155543357,184.8575261973033,122781800
2016-11-02,182.0880889892578,183.26878845372508,181.64531841065428,182.8781054144666,103330800
2016-11-03,181.25465393066406,182.5221748292449,180.9768492969868,182.305134577556,88939300
2016-11-04,181.0549774169922,182.21830996623905,180.9073916380954,181.36751590379876,109122100
2016-11-07,185.0485382080078,185.08327207132294,181.05500498745204,181.05500498745204,109794900
2016-11-08,185.88198852539062,186.45497807654286,184.3800734113899,184.6492012543919,106772100
2016-11-09,187.85269165039062,188.47776866420205,184.34531360099476,184.37135737264637,258429000
2016-11-10,188.32150268554688,189.52824607481574,186.8456314770082,188.65140813992255,172113300
2016-11-11,187.88743591308594,188.13051997715573,186.9324665891226,187.59226429915662,100552700
2016-11-14,188.0350341796875,188.62539069375248,187.2797381625007,188.41702723341976,94580000
2016-11-15,189.502197265625,189.502197265625,188.21732259144122,188.42567277006813,91652600
2016-11-16,189.14622497558594,189.38063214503484,188.75555519122778,188.87709719629666,65617700
2016-11-17,190.11859130859375,190.1793556930336,189.1896526352866,189.30251780978574,69797200
2016-11-18,189.69320678710938,190.36169456597844,189.51088712120415,190.18806498950386,86265800
2016-11-21,191.1256561279297,191.15169990051706,190.12727618651556,190.27486198020628,72402600
2016-11-22,191.4989471435547,191.68125352773635,190.76100502487836,191.43816951743744,67429000
2016-11-23,191.60311889648438,191.65520643391844,190.778368643914,190.97804195310613,56620200
2016-11-25,192.31500244140625,192.34972304799678,191.87223191310366,191.9503764603289,37872300
2016-11-28,191.41213989257812,192.28030092125084,191.3079648082049,192.00249628056028,76572500
2016-11-29,191.78550720214844,192.2456316103642,191.1430631005408,191.44692484049742,69886700
2016-11-30,191.32534790039062,192.57550200682132,191.264570264648,192.41054927790518,113291800
2016-12-01,190.6221160888672,191.62917277558924,190.25747681342077,191.62917277558924,79040500
2016-12-02,190.7175750732422,191.21243313166096,190.35294909460484,190.70889823342358,74840300
2016-12-05,191.8636016845703,192.21086082317365,191.36006666063457,191.55974000297715,67837800
2016-12-06,192.47129821777344,192.50603207743478,191.56841657286984,192.05458463143995,59877400
2016-12-07,194.98895263671875,195.0497170141014,192.1934733470856,192.31501534893553,110738100
2016-12-08,195.46644592285156,195.94393712732946,194.69378315454577,194.9629241949502,99714400
2016-12-09,196.64712524414062,196.66449217172635,195.65742232510374,195.69215618027522,88005800
2016-12-12,196.42144775390625,197.0378479601064,195.9960440483829,196.55166661932816,102016100
2016-12-13,197.73240661621094,198.23594174381128,197.07260881819482,197.0899757528265,110477500
2016-12-14,196.10023498535156,198.14040563747895,195.65746434287803,197.42852041859777,142501800
2016-12-15,196.90760803222656,197.77576909281365,196.1089014461368,196.34330864167953,124972600
2016-12-16,196.52247619628906,197.43069278272253,196.19936759879735,197.3695569263512,156420200
2016-12-19,196.9503936767578,197.37830470990104,196.55742122702014,196.70587689358035,90341100
2016-12-20,197.7101593017578,197.85862830700069,197.25606427746538,197.49183977367497,89838800
2016-12-21,197.16000366210938,197.75382638395087,197.16000366210938,197.57917342606612,67909000
2016-12-22,196.81939697265625,197.1337775809805,196.4176832355668,197.011519195808,56219100
2016-12-23,197.10760498046875,197.11633296437196,196.67096593231537,196.8630748543499,36697800
2016-12-27,197.59661865234375,197.99831907403535,197.36082985907655,197.37829915028726,42672500
2016-12-28,195.9635772705078,197.87605821668416,195.85006019196712,197.85860225085622,64095000
2016-12-29,195.9199676513672,196.39153201184365,195.47458724546237,196.03348475518192,48696100
2016-12-30,195.20382690429688,196.33909094973242,194.50520185132387,196.2517578211741,108998300
2017-01-03,196.6971435546875,197.21237438198534,195.5094849293777,196.52247729274626,91366500
2017-01-04,197.86732482910156,198.01578048557266,197.02024412881715,197.02897211149272,78744400
2017-01-05,197.7101593017578,197.86735629106406,196.90674503743293,197.59664220826798,78379000
2017-01-06,198.4175262451172,198.88909056384182,197.27352072206014,197.82369019821098,71559900
2017-01-09,197.76255798339844,198.29525814015054,197.72761939843699,198.15553045063652,46939700
2017-01-10,197.76255798339844,198.627094746289,197.3695721909945,197.78001395071328,63771900
2017-01-11,198.32147216796875,198.32147216796875,197.00281364019108,197.6752415432554,74650000
2017-01-12,197.82363891601562,198.0157611174017,196.45259956084763,197.7974416453869,72113200
2017-01-13,198.27777099609375,198.58341029857638,197.9633903855748,197.99831564222592,62717900
2017-01-17,197.57916259765625,198.04199890700986,197.18619013266093,197.6315571496335,61240800
2017-01-18,198.01576232910156,198.05942888880432,197.27347078964385,197.83236810841515,54793300
2017-01-19,197.28224182128906,198.23411167047772,196.84560280879901,198.09438398844125,66608800
2017-01-20,198.00704956054688,198.5048110689458,197.33462179991687,197.97211098003498,129168600
2017-01-23,197.49180603027344,198.06817268397424,196.7233304838366,198.00705015564102,75061600
2017-01-24,198.75814819335938,199.1773180500728,197.59668644491822,197.71020356382152,95555300
2017-01-25,200.47848510742188,200.47848510742188,199.55279901148847,199.71872400344984,84437700
2017-01-26,200.26890563964844,200.60075564362063,199.98945019942576,200.33002818896662,59970700
2017-01-27,199.9544677734375,200.49589587763646,199.77107352756994,200.34744021439366,59711100
2017-01-30,198.7144317626953,199.28205719032377,197.71889527451393,199.25585991367421,79737300
2017-01-31,198.69691467285156,198.75805052043825,197.6402559017251,198.2166091745382,75880800
2017-02-01,198.7755889892578,199.62266994919852,198.18176618134848,198.69699714559366,79117700
2017-02-02,198.9065399169922,199.19472326488747,198.0769284564747,198.77554021785878,69657600
2017-02-03,200.27760314941406,200.46099741979958,199.5091274560766,199.8235081159041,80563200
2017-02-06,199.9195098876953,200.2688290543897,199.5789320283956,199.86711534398208,57790100
2017-02-07,199.92828369140625,200.5570449684912,199.73616144978774,200.31252817464326,57931200
2017-02-08,200.19029235839844,200.32127875374675,199.3781367317366,199.92830624253438,51566200
2017-02-09,201.3779296875,201.68356901904872,200.19027097094562,200.19027097094562,65955200
2017-02-10,202.1726531982422,202.39971408296051,201.39543604900706,201.7272860650297,66015900
2017-02-13,203.27293395996094,203.53492003809998,202.6441727024934,202.67036997779076,55182100
2017-02-14,204.08506774902344,204.0938090572066,202.74022548014202,203.08953135318097,71109000
2017-02-15,205.1504669189453,205.3425891456683,203.81435264002198,203.8667471881892,86785800
2017-02-16,204.975830078125,205.36007456174207,204.216082419715,205.17668030359178,84722400
2017-02-17,205.29896545410156,205.29896545410156,204.2859595607681,204.303428855527,77204100
2017-02-21,206.52154541015625,206.69619836744363,205.665723266665,205.67446457588758,88946100
2017-02-22,206.33816528320312,206.56521281071875,205.94519277108597,206.11111775568747,62115200
2017-02-23,206.47789001464844,206.87959050563381,205.70940097079156,206.86213453657686,74615900
2017-02-24,206.7398681640625,206.78352141019064,205.5784066584863,205.62207322978117,82381600
2017-02-27,207.0629425048828,207.237595435963,206.39925603671227,206.6525007880039,56515400
2017-02-28,206.50405883789062,206.92322856534014,206.1110863855839,206.67871178056413,96961900
2017-03-01,209.39462280273438,209.86620044119388,208.1632974775156,208.18076677064985,149158200
2017-03-02,208.07598876953125,209.2112530308631,208.02359421249804,209.20251172124617,70246000
2017-03-03,208.20692443847656,208.37284937877024,207.60436052905806,207.98860495391415,81974300
2017-03-06,207.58694458007812,207.94497847665266,206.97563924533347,207.40355031462144,55391500
2017-03-07,206.9669189453125,207.63934684339674,206.75732739489007,207.28129960836267,65103700
2017-03-08,206.5826416015625,207.52578344082693,206.44291392348669,207.263797375726,78168800
2017-03-09,206.84458923339844,207.17643907587708,205.86652231892958,206.7048615812851,90683900
2017-03-10,207.56947326660156,207.8576566379906,206.60886202863804,207.81399006805293,81991700
2017-03-13,207.6742401123047,207.71790667756142,207.17647857883935,207.50831515942795,57256800
2017-03-14,206.8795623779297,207.17648703870134,206.25954243152643,207.12407916315428,59880800
2017-03-15,208.66981506347656,209.09772616180055,207.22017011013477,207.4559589459596,96081800
2017-03-16,208.25930786132812,208.88806900930405,207.9274713236253,208.80947719709786,78344000
2017-03-17,207.8936004638672,208.71805514468898,207.8936004638672,208.52509709670363,89002100
2017-03-20,207.66558837890625,208.18306075479245,207.27090628514793,207.89362365053313,52537000
2017-03-21,204.99923706054688,208.4023006608858,204.867680842239,208.27951039608672,131809300
2017-03-22,205.4816436767578,205.77108075638378,204.40284247679617,205.03433912631905,97569200
2017-03-23,205.26235961914062,206.41132851789214,204.88522287722643,205.48162890159352,100410300
2017-03-24,205.11326599121094,206.14821062023478,204.32390189731598,205.56934986350836,112504900
2017-03-27,204.9027099609375,205.16583571894847,203.13979013358843,203.42044779450333,87454500
2017-03-28,206.39381408691406,206.8235733517039,204.48177882279907,204.5958031419324,93483900
2017-03-29,206.5867462158203,206.82356079381987,205.87631586495687,206.1043644893769,61950400
2017-03-30,207.24459838867188,207.44633581235038,206.34998913942064,206.52540193046178,56737900
2017-03-31,206.76220703125,207.43754691479484,206.70957115153888,206.90252922773382,73733100
2017-04-03,206.40257263183594,207.01652397602257,205.15712465273285,206.81479997360458,85546500
2017-04-04,206.5341033935547,206.621816453255,205.72719410022054,206.11311014988772,56466200
2017-04-05,205.92013549804688,208.20930698679368,205.7096322016435,207.21820570136884,108800600
2017-04-06,206.49905395507812,207.02529223461,205.61319743569223,206.06051536390038,69135800
2017-04-07,206.28854370117188,206.9902081001724,205.7973826368121,206.24468716689648,74412300
2017-04-10,206.41131591796875,207.21822522216317,205.8762983661173,206.42886120677176,67615300
2017-04-11,206.16574096679688,206.27098593618473,204.6571672842771,206.0254054188568,88045300
2017-04-12,205.26235961914062,206.0780483090955,205.0343243833182,205.88509026988618,81864400
2017-04-13,203.9292449951172,205.66586774279895,203.9292449951172,204.920346659721,92880400
2017-04-17,205.73599243164062,205.73599243164062,204.25372991453187,204.45545391070706,68405400
2017-04-18,205.12203979492188,205.66583675763445,204.42915469782056,204.99048356861655,83225800
2017-04-19,204.7449493408203,206.06933139005645,204.51690065278805,205.6921945339092,68699900
2017-04-20,206.41131591796875,206.85863379207345,205.04307782028545,205.3675920559033,92572200
2017-04-21,205.75352478027344,206.3850213970021,205.35007678705716,206.3323989094639,110389800
2017-04-24,208.01641845703125,208.22692182374476,205.72724620367882,208.0251844119678,119209900
2017-04-25,209.22677612304688,209.57760166217784,208.57773415420453,208.6654472305555,76698300
2017-04-26,209.09519958496094,210.08630110573637,209.05135643137365,209.19167861249778,84702500
2017-04-27,209.27064514160156,209.5776141608639,208.7268481254405,209.41974667378108,57410300
2017-04-28,208.8145294189453,209.56003696635344,208.68295981660137,209.5337257225117,63532800
2017-05-01,209.34080505371094,209.77057775174788,208.91981169394552,209.34080505371094,66882500
2017-05-02,209.41970825195312,209.60388695309217,209.00748093379556,209.4810966912879,57375700
2017-05-03,209.16534423828125,209.51618311013706,208.48122516708057,209.41970409326854,73137700
2017-05-04,209.4109344482422,209.55127000347906,208.551402592903,209.47233627233402,61462700
2017-05-05,210.2353973388672,210.25294262974262,209.340774868119,209.78809279506095,62001300
2017-05-08,210.20033264160156,210.42836790400168,209.770559979975,210.279266380532,48385700
2017-05-09,210.0074005126953,210.66520851795153,209.6565615466758,210.4634844769516,51363200
2017-05-10,210.38450622558594,210.38450622558594,209.75300956329832,209.9635129117729,54293800
2017-05-11,209.95472717285156,210.1213739684649,208.85838076290582,209.92841592966366,62358300
2017-05-12,209.60394287109375,209.99862500481953,209.3320510319302,209.7004219156168,53912700
2017-05-15,210.7616424560547,210.8844327220989,210.01612152305646,210.03366681338713,61918900
2017-05-16,210.56869506835938,211.08616740265302,210.17401300632415,211.05985615739309,51241800
2017-05-17,206.83233642578125,210.56868020342552,206.7709346024187,210.56868020342552,172174100
2017-05-18,207.66558837890625,208.5251203538013,206.49029466924014,206.7534205261247,107047700
2017-05-19,209.01626586914062,209.69161906196462,208.10411146763252,208.1567339584512,115011400
2017-05-22,210.07752990722656,210.2441767127333,209.46357855783515,209.53373295507785,61010600
2017-05-23,210.5423583984375,210.70900518705056,210.06872927468098,210.45464533607242,48341700
2017-05-24,211.03355407714844,211.13879906275898,210.43713459803698,210.7792075675442,46927700
2017-05-25,212.04220581054688,212.32287697386855,211.34055466851805,211.55104465787164,64071700
2017-05-26,211.99835205078125,212.16498548964128,211.77030339620129,211.84923713826188,46629900
2017-05-30,211.8141632080078,212.06850973073313,211.51596014463684,211.67382763119656,35201900
2017-05-31,211.7615509033203,212.14746706655447,211.05988636863435,212.11237647909437,91796000
2017-06-01,213.4454803466797,213.46302563569063,211.93690668696118,212.2263437315375,68962000
2017-06-02,214.1559600830078,214.3138409542842,213.19994904979964,213.49815211615382,88666100
2017-06-05,213.99810791015625,214.26999974794583,213.79637048335763,213.98056261583935,44698800
2017-06-06,213.31393432617188,213.98927407930756,213.23498721341875,213.42794525235323,50375400
2017-06-07,213.70860290527344,213.93663812641708,212.98062732841393,213.65598042217368,54144300
2017-06-08,213.8138885498047,214.29628370855215,213.27887089794595,213.80512259533168,65950700
2017-06-09,213.48934936523438,214.89266475610538,212.20881085521873,214.08575539514916,132256400
2017-06-12,213.4454803466797,213.49810283057823,212.58594854902333,213.2437563640238,86108100
2017-06-13,214.4892120361328,214.5418345219487,213.63844616041672,213.98927165461245,60067000
2017-06-14,214.2173309326172,214.76988044432,213.38409692194512,214.76111449062597,78602300
2017-06-15,213.80511474609375,213.92790501989097,212.56843267083417,212.84909041816948,66464900
2017-06-16,213.85182189941406,214.01928137997075,212.96165883504472,213.96640226998448,84553100
2017-06-19,215.63217163085938,215.6938594459482,214.59216644135384,214.68911596369418,65123800
2017-06-20,214.1779327392578,215.27962576413682,214.16031533370858,215.27081706136224,56906400
2017-06-21,214.12503051757812,214.68909674750648,213.64910509948845,214.57452983019584,55977600
2017-06-22,214.02809143066406,214.6362280961382,213.8518232467992,214.13386309970332,44148100
2017-06-23,214.28369140625,214.61859692056964,213.7019942968101,214.08979236977004,66986800
2017-06-26,214.42469787597656,215.3853843561002,214.21318143502486,214.96232457739606,56700500
2017-06-27,212.69728088378906,214.50406027965383,212.67965002842,214.20438953198877,82247700
2017-06-28,214.60098266601562,214.8036904077108,213.49046754107553,213.7284369890485,70042600
2017-06-29,212.71490478515625,214.80371055662823,211.48982262090027,214.750831440652,106949700
2017-06-30,213.1114501953125,213.91348575225027,212.91755119367045,213.53449644962336,86820700
2017-07-03,213.47280883789062,214.5039916484134,213.47280883789062,214.06331454399864,39153800
2017-07-05,213.9663848876953,214.17790131045706,213.02332934155174,213.8429958249512,54427600
2017-07-06,212.0098114013672,213.31421219575367,211.82472105326843,213.19082311315498,65400800
2017-07-07,213.3847198486328,213.5345484867053,212.01861780357038,212.5915062474488,57972300
2017-07-10,213.6138916015625,213.99288103991563,213.07626480417974,213.38474426682993,36663300
2017-07-11,213.45521545410156,213.77250356290693,212.27420383459284,213.6138527843041,50354600
2017-07-12,215.059326171875,215.22678569377868,214.4335719513338,214.4335719513338,59610400
2017-07-13,215.42063903808594,215.5352194126189,214.83894191131972,215.06810266038562,39471600
2017-07-14,216.4253692626953,216.78672776918376,215.32367633930366,215.42062585449813,60262700
2017-07-17,216.39891052246094,216.73382944496603,216.2226423600262,216.3460314185704,33531900
2017-07-18,216.5135040283203,216.56638313542211,215.6409584159419,215.98468606050318,42742500
2017-07-19,217.68569946289062,217.6945081643076,216.82196258165857,216.83078473147464,51034300
2017-07-20,217.78268432617188,218.06471074968866,217.22742673358394,217.9413216678248,47135200
2017-07-21,217.58871459960938,217.6151541479635,216.97175594228813,217.2009166258864,82340800
2017-07-24,217.53590393066406,217.67691041677517,217.05996501378544,217.509450925592,46622300
2017-07-25,218.064697265625,218.39961623071764,217.83554997016188,218.29384456108812,54915600
2017-07-26,218.07351684570312,218.3908049736175,217.8091212794421,218.35555671424973,47575400
2017-07-27,217.8708038330078,218.57589003894262,216.53114138657173,218.54064178042626,70766600
2017-07-28,217.61520385742188,217.7474016293902,216.9277485463867,217.38604312147683,50088400
2017-07-31,217.49180603027344,218.11756005692777,217.28027615524127,218.02061054525464,65838700
2017-08-01,217.9765625,218.13519982645997,217.4477445150001,218.09995157004664,55050400
2017-08-02,218.0823211669922,218.22334108973607,217.13926556309255,218.10876072145666,47211200
2017-08-03,217.65928649902344,217.99419202296846,217.37724663843736,217.96775246708862,40856000
2017-08-04,218.0558624267578,218.39076790330762,217.6680643975328,218.15281193406406,60191800
2017-08-07,218.4613494873047,218.4613494873047,218.02067220931463,218.12644390094644,31995000
2017-08-08,217.92367553710938,219.37791830899107,217.54469961523742,218.144014128449,61719400
2017-08-09,217.9148712158203,217.96775032706083,216.8660573482144,217.2274158728922,62632600
2017-08-10,214.8389434814453,217.20098026418256,214.78606436924386,217.0687690352781,120479500
2017-08-11,215.15623474121094,215.755562734504,214.8301379122786,215.0681073690568,74869900
2017-08-14,217.2891082763672,217.50944687679072,216.41657602566661,216.45182428443798,73291900
2017-08-15,217.26263427734375,217.69450270713367,216.95416835469274,217.6768718563426,55242700
2017-08-16,217.64166259765625,218.19692018567093,217.20979409048914,217.79149123522822,56715500
2017-08-17,214.24842834472656,217.34199075818972,214.24842834472656,217.02470265035763,128490400
2017-08-18,213.91348266601562,215.21788310955372,213.4639834194224,214.08092866647436,136748000
2017-08-21,214.08096313476562,214.34537212561577,213.13792098709325,213.85181584850875,65469700
2017-08-22,216.31961059570312,216.47824792110967,214.6538514369349,214.67148228922449,63140100
2017-08-23,215.54400634765625,215.97587479786606,215.19147000555805,215.34129862336977,50203800
2017-08-24,215.04161071777344,216.09041089287192,214.830080873644,215.93177359607293,50741700
2017-08-25,215.54400634765625,216.4694310561633,215.39417772984456,215.84366358327966,64445900
2017-08-28,215.5528106689453,216.10805468940487,215.12975095534014,216.08161513835435,40565600
2017-08-29,215.7996368408203,216.06403241021218,214.10742450630477,214.22200488530876,51135700
2017-08-30,216.8219757080078,217.09520684926488,215.59689371692585,215.78198404508063,62030800
2017-08-31,218.12637329101562,218.37315141093296,216.85722098949842,217.44772673704344,103803900
2017-09-01,218.4348602294922,218.86672870509148,218.2850316028721,218.50537019173697,62007000
2017-09-05,216.86602783203125,218.1528109734847,215.88772406202997,217.92365025809775,91398800
2017-09-06,217.6063995361328,217.94131851709338,217.0158936922926,217.55352042301297,57916900
2017-09-07,217.57992553710938,217.9324753161023,217.165687952042,217.91484446505294,58034700
2017-09-08,217.3243865966797,217.79150338941375,217.0776084212127,217.28912488681186,63832800
2017-09-11,219.642333984375,219.7216526520521,218.59352010597536,218.61113751096977,71364800
2017-09-12,220.38262939453125,220.41787764667484,219.82737192238127,220.01246222923072,56896000
2017-09-13,220.48841857910156,220.523680284598,219.97723143660548,220.0918118068685,59228000
2017-09-14,220.41787719726562,220.62059835397275,219.98602222949472,220.16229038665008,95446300
2017-09-15,220.71463012695312,220.80319484501436,220.16548292349447,220.2717659912243,95432400
2017-09-18,221.18406677246094,221.53835267777927,220.79434416752616,221.08663612122723,46235200
2017-09-19,221.40553283691406,221.49411108441453,221.0778176484198,221.43210360813558,47108100
2017-09-20,221.48519897460938,221.60034796932473,220.4754693332738,221.49406490659683,59574100
2017-09-21,220.89175415039062,221.4143305421382,220.71461121430636,221.3257658316659,48211400
2017-09-22,220.93606567382812,221.10435621047762,220.56406141577497,220.59063218312582,51214000
2017-09-25,220.48434448242188,221.03350523179586,219.73148351857776,220.67920579427366,57064400
2017-09-26,220.61721801757812,221.16636526718818,220.37806757994647,220.91836241154866,54082000
2017-09-27,221.47637939453125,221.8661020358353,220.43121290056663,221.32580719496238,81001400
2017-09-28,221.74209594726562,221.82180825445525,221.10437045946483,221.1929351846282,44778800
2017-09-29,222.52154541015625,222.60127123883368,221.54725226495782,221.7332476632047,85578000
2017-10-02,223.48696899414062,223.48696899414062,222.57465641998374,222.75181289039318,59023000
2017-10-03,223.9652557373047,223.99182650476817,223.40724259028948,223.48696840782102,66810200
2017-10-04,224.23092651367188,224.47892929766707,223.69948425360326,223.81463323015035,55953600
2017-10-05,225.55958557128906,225.57729040744303,224.26641622951786,224.56756062584057,63522800
2017-10-06,225.30270385742188,225.5949958189021,224.84213487127846,225.10784254976838,80646000
2017-10-09,224.93069458007812,225.59499079178252,224.66497339236818,225.53299683989678,35803100
2017-10-10,225.52413940429688,225.90500960789717,224.9572738228907,225.5064345688859,43057400
2017-10-11,225.87843322753906,225.87843322753906,225.25842612502143,225.42670314809385,47674300
2017-10-12,225.5418701171875,225.91387440833097,225.3027196746159,225.55958846871118,47065100
2017-10-13,225.81642150878906,226.099861044685,225.54184790535297,225.98471204383466,54800400
2017-10-16,226.11758422851562,226.31244554647162,225.70130433849184,226.04673785393348,38221700
2017-10-17,226.2770538330078,226.32134295963854,225.8430420162569,226.06447413426665,31561000
2017-10-18,226.49844360351562,226.70215732975674,226.30358229488797,226.65786821140657,40888300
2017-10-19,226.5604705810547,226.5959072869567,225.2850329865922,225.71017885141302,61903800
2017-10-20,227.72958374023438,227.7561815375467,226.54272461087643,227.36645893424475,89176400
2017-10-23,226.8438720703125,228.0839133699243,226.76415976338612,228.05734260094883,63915300
2017-10-24,227.242431640625,227.48156853089193,226.87927982410685,227.2778683381654,66935900
2017-10-25,226.11758422851562,227.02103092857143,224.97500060517544,226.90588191837688,103715300
2017-10-26,226.40989685058594,227.01218569544804,226.28589541104708,226.7376255598369,69798000
2017-10-27,228.26104736328125,228.42049901059178,226.41874427364854,227.16275285005509,85562500
2017-10-30,227.41075134277344,228.16362583798835,227.10960695074422,227.1627484887327,54285700
2017-10-31,227.76498413085938,228.0218528580604,227.4638398090929,227.79155489365414,60304800
2017-11-01,228.0662078857422,228.89879478366288,227.69421707705496,228.55337474702472,54202700
2017-11-02,228.15472412109375,228.29644387693025,226.9147100453739,227.99529953213255,56449500
2017-11-03,228.91650390625,228.96077951183685,227.89789467491,228.31418808250652,59589700
2017-11-06,229.270751953125,229.40360577821474,228.71273885746837,228.7835852207563,49652600
2017-11-07,229.11134338378906,229.71363211983115,228.59760585047897,229.37705105254832,57502200
2017-11-08,229.50103759765625,229.59848176247962,228.65074603237215,228.93418556422736,50469600
2017-11-09,228.6685028076172,228.86336412821015,227.06530960666151,228.27878016643123,95085500
2017-11-10,228.5976104736328,228.77476694324292,227.9598850254316,228.2787612646733,59984700
2017-11-13,228.81015014648438,229.0404481242825,227.87128043277076,227.90671712865026,50228600
2017-11-14,228.2787628173828,228.3850458877589,227.2070121204317,227.99532327619167,61315200
2017-11-15,227.1361846923828,227.82705173772487,226.41874687723083,227.2956093112422,80811500
2017-11-16,229.06704711914062,229.43906489602563,228.0484649868761,228.09274058947273,67777000
2017-11-17,228.3938446044922,229.04043587588967,228.3141323157354,228.71272078979698,75756800
2017-11-20,228.7836456298828,228.97850696822647,228.39392295319553,228.64195286589373,48075500
2017-11-21,230.28045654296875,230.46647891907537,228.74816411972952,229.56301889306727,69176800
2017-11-22,230.07684326171875,230.42226332014596,229.90855268469647,230.2894094515201,45033400
2017-11-24,230.60816955566406,230.71447963974126,230.43104014275846,230.57275989124986,27856500
2017-11-27,230.49307250976562,230.95364146942666,230.28934528111574,230.6524971076928,52274900
2017-11-28,232.83135986328125,232.8579306271861,230.86504224348587,230.96248639798944,98971700
2017-11-29,232.6896514892578,233.5045333393132,232.23794848079012,232.96422507312562,77512100
2017-11-30,234.7268524169922,235.64799033611123,233.53997980443864,233.61969210338466,127894400
2017-12-01,234.23971557617188,234.99259009163268,230.96253684752566,234.50545030354397,164390900
2017-12-04,233.95628356933594,236.31229703483473,233.90311500405937,235.87829882228743,94040600
2017-12-05,233.11480712890625,234.85082683249115,232.98195330495733,233.11480712890625,77994500
2017-12-06,233.15908813476562,233.59311334343843,232.6896532590715,233.21222966557778,75898600
2017-12-07,233.894287109375,234.21313633434642,232.8934097694087,233.894287109375,77218600
2017-12-08,235.1697540283203,235.17859293164693,233.85886627715325,234.85974368503855,76563900
2017-12-11,235.8782501220703,235.94025757685546,235.14310768624134,235.8782501220703,83077500
2017-12-12,236.2946014404297,236.77290230436478,235.91374474798292,236.67545813287646,85195800
2017-12-13,236.2679901123047,236.98542776990476,236.17941188896222,236.5425636834712,102905400
2017-12-14,235.30258178710938,236.6843157630886,235.24944025190112,236.56916676004326,100666700
2017-12-15,237.2620849609375,237.73391945418342,236.26500279924431,236.31841597444566,144610300
2017-12-18,238.76658630371094,239.12268314509427,238.57072896568297,238.67755530125322,83653600
2017-12-19,237.84963989257812,239.06037466770593,237.77840421848276,239.0158727477333,82382900
2017-12-20,237.72500610351562,238.88232778059586,237.4223223905631,238.82891460586606,76751500
2017-12-21,238.21456909179688,238.93570108522206,237.96529862351238,238.35701324059426,67032300
2017-12-22,238.1522979736328,238.26803555525345,237.6092278987466,238.2324177220364,78720900
2017-12-26,237.86740112304688,238.0899650278988,237.60033530460268,237.74275229547598,45244400
2017-12-27,237.98312377929688,238.348131820582,237.70714672805948,238.03653693963676,57751000
2017-12-28,238.4727783203125,238.51730740419808,238.09888615897432,238.49060082124535,45116100
2017-12-29,237.57357788085938,239.07811190121214,237.3777477458111,239.0603165712376,96007400
2018-01-02,239.27398681640625,239.30960464741972,238.05434099653093,238.44605563234495,86655700
2018-01-03,240.7874298095703,240.9387852135431,239.44313517870106,239.44313517870106,90070400
2018-01-04,241.80227661132812,242.29193342381976,240.84972390074887,241.43729577467423,80636400
2018-01-05,243.41372680664062,243.53834847774326,242.10504983359883,242.6035908549054,83524000
2018-01-08,243.85882568359375,244.01906517102077,243.02198324688177,243.315755640498,57319200
2018-01-09,244.41082763671875,245.04290162866752,244.0012904196701,244.28617878758652,57254000
2018-01-10,244.03689575195312,244.3039887713562,242.96860517968702,243.64518105825425,69574300
2018-01-11,245.81732177734375,245.81732177734375,244.42852549813927,244.59767620110745,62361500
2018-01-12,247.419921875,247.58904549431867,245.78182717569055,246.08453807793134,90816100
2018-01-16,246.57421875,249.35181327335525,245.8709088647727,248.69303249161183,106555100
2018-01-17,248.9243927001953,249.31610739656406,246.5741316904318,247.51780059483406,113258800
2018-01-18,248.50595092773438,249.2359398414684,248.00738281742383,248.80863455897895,100728000
2018-01-19,249.6366424560547,249.6366424560547,248.5060273239671,249.09357226801436,140920100
2018-01-22,251.66639709472656,251.66639709472656,249.369522073197,249.4229624125236,91322400
2018-01-23,252.20059204101562,252.49436452285653,251.3815446896739,251.7109350133435,97084700
2018-01-24,252.1026153564453,253.45582147669455,250.90967591832242,252.85042692205445,134816100
2018-01-25,252.20944213867188,253.07299129959222,251.40821740043992,252.9750762083241,84587300
2018-01-26,255.12942504882812,255.1739541276531,252.79695984121244,253.05514155937826,107743100
2018-01-29,253.43795776367188,254.99590506413966,253.2777182760505,254.550777264006,90118300
2018-01-30,250.83840942382812,253.4913535428928,250.35766382548664,251.58622081655767,131796400
2018-01-31,250.96299743652344,252.20934959069757,249.87688473750612,251.70192464936764,108364800
2018-02-01,250.67813110351562,251.99571902083088,249.87690658922517,250.22411927420134,90102500
2018-02-02,245.2209930419922,249.47641506215055,245.1853751996211,249.34285494537227,173174800
2018-02-05,234.9651641845703,245.57702335121854,234.41321003556783,243.4404152521832,294681800
2018-02-06,239.59446716308594,240.10191931872615,230.30910881459252,231.4130169411571,355026800
2018-02-07,238.29476928710938,242.4700437724352,238.2146223611282,239.03366960775674,167376100
2018-02-08,229.3565673828125,238.7398695379648,229.32094954965896,238.59742537379697,246449500
2018-02-09,232.80186462402344,234.68029110269694,225.1634691182985,232.17867476912303,283565300
2018-02-12,236.22042846679688,237.70716734103115,232.94429422911963,234.87613375530242,143736000
2018-02-13,236.8080291748047,237.35998339209482,234.4132390371174,235.00081109152444,81223600
2018-02-14,240.00401306152344,240.36902113160346,235.29455315144682,235.3034644016877,120735700
2018-02-15,243.06654357910156,243.07545483113753,239.27404512115478,241.76677769906092,111200300
2018-02-16,243.13766479492188,245.10514899688326,242.38985344057645,242.43438251631747,160420100
2018-02-20,241.61537170410156,243.63626936494578,240.8141470735902,242.1762370959932,86369700
2018-02-21,240.4136199951172,244.57112743573282,240.31570487676566,242.06059901553553,98883700
2018-02-22,240.7251739501953,243.08434649493424,240.04859798564607,241.3483639062179,110511300
2018-02-23,244.5620880126953,244.5620880126953,241.48181149898735,241.9625570903336,92766400
2018-02-26,247.40203857421875,247.49998082286467,245.05177779651797,245.64823386497073,86491400
2018-02-27,244.3128204345703,248.31008626919578,244.25049602657032,247.58895428944695,99099200
2018-02-28,241.8379669189453,245.87973559543175,241.5174878926301,245.42569647303606,121907800
2018-03-01,238.3214874267578,243.19118771700647,236.80804170636688,241.62432882233827,176855100
2018-03-02,239.54998779296875,240.1197644722884,235.75751704898104,236.62995023257406,139083200
2018-03-05,242.31875610351562,242.94194610220637,238.24136885861603,238.34822238834184,97307400
2018-03-06,242.932861328125,243.38690020767493,241.4194165085817,243.30675332551405,79213200
2018-03-07,242.84402465820312,243.20012161580877,240.5471761884587,240.74303359041028,87063500
2018-03-08,244.01905822753906,244.14367988028798,242.52343538388803,243.529401360852,66901200
2018-03-09,248.26553344726562,248.26553344726562,245.12293278977265,245.44343887994603,113625300
2018-03-12,247.95401000976562,249.19147848473196,247.56229532477252,248.5594045392219,71924800
2018-03-13,246.35157775878906,249.63662372353372,245.73729910401892,249.12917141421056,91968900
2018-03-14,245.08737182617188,247.50886830312572,244.5265335830214,247.32192222207556,105895100
2018-03-15,244.82028198242188,246.25358041062952,244.3128297866136,245.60371123171666,83433000
2018-03-16,245.08578491210938,246.1494343264616,245.03215782207974,245.35392036225767,100343700
2018-03-19,241.7696533203125,245.26449698920476,240.0982122780715,244.32599577340503,109208400
2018-03-20,242.18084716796875,242.82439947553837,241.49258743734538,242.17190022790675,59757300
2018-03-21,241.71609497070312,244.25454426670646,241.50158658089677,242.13619208558205,78709600
2018-03-22,235.67384338378906,240.32169717022134,235.39673372191112,239.4636364719544,148785900
2018-03-23,230.65054321289062,236.45146118503908,230.45390146337277,236.1207517147721,183534800
2018-03-26,236.96092224121094,237.24695156813448,231.8661578320179,234.29735255635208,141956100
2018-03-27,232.92984008789062,238.44470232483488,231.35670584514887,237.90843135777453,129941400
2018-03-28,232.2415771484375,234.75324010486088,231.12430051972626,233.06390474916398,146452300
2018-03-29,235.2090606689453,237.09503772419222,232.25051446096177,233.39460459023704,111601600
2018-04-02,230.1321563720703,235.191187877331,227.6294541656216,234.67275628147306,186286300
2018-04-03,233.08175659179688,233.5644277024605,229.56904564016983,231.3835016791771,119956900
2018-04-04,235.5755157470703,236.29056180362554,229.3545277678125,229.48859549375928,123715300
2018-04-05,237.43467712402344,238.32849832576616,236.25482659118103,237.35420921187924,82652600
2018-04-06,232.14324951171875,236.9609317274639,230.6058759145315,235.4503989531796,179521200
2018-04-09,233.28732299804688,236.7195929826783,232.33987474966065,233.6180324632232,105442900
2018-04-10,236.99664306640625,237.79215688430196,235.0570666867844,236.2100761876228,103529000
2018-04-11,235.75428771972656,237.43467593494884,235.42357824109928,235.495071934887,91140200
2018-04-12,237.69386291503906,238.65025813651008,236.91624284277574,237.09501799198347,68890500
2018-04-13,236.99664306640625,239.13288844297736,235.9777012659847,239.01668734353163,85079200
2018-04-16,238.94522094726562,239.7228683417627,237.81902472934848,238.65027193899817,63405300
2018-04-17,241.5015411376953,242.109332979287,240.2144364865265,240.73284075676477,64682000
2018-04-18,241.68031311035156,242.49366635040468,241.21550865631355,241.94844854363757,57303900
2018-04-19,240.339599609375,241.22447388355718,239.29381678576613,241.01888518428126,77655900
2018-04-20,238.30165100097656,240.49152379639426,237.40782982362364,240.26806850205602,99953100
2018-04-23,238.26597595214844,239.44582674078737,237.17551275851505,238.88271489724315,65558000
2018-04-24,235.05715942382812,239.52626638260853,233.53765214693715,239.3028110346695,112885500
2018-04-25,235.6380615234375,236.08497207451111,233.15323995055837,234.99450923880127,103840900
2018-04-26,238.03347778320312,238.87367173875825,236.22796911129385,236.67487962904644,67731900
2018-04-27,238.25698852539062,238.95416800434788,237.3095401893015,238.65027205477776,57053600
2018-04-30,236.4246368408203,239.44575663756152,236.35311587484955,238.88264495888114,82182300
2018-05-01,236.84474182128906,236.95199599659196,234.27945216809474,235.85258614522294,74203400
2018-05-02,235.25372314453125,237.47038200296717,234.86043968050132,236.64808187072646,86368900
2018-05-03,234.7353515625,235.39677061302325,231.54440289175142,234.4135889791953,136311500
2018-05-04,237.77432250976562,238.46258233956678,233.4214173243,233.7521268271737,91222100
2018-05-07,238.57872009277344,239.56190139887403,237.85469996715398,238.55190655310258,55304900
2018-05-08,238.57872009277344,238.94516270919104,236.99663942043313,238.20330326012828,67499200
2018-05-09,240.88482666015625,241.21553615799974,238.73071417630632,239.2580654400648,59666100
2018-05-10,243.13720703125,243.4679437528163,241.52833995401926,241.6355941222006,72063900
2018-05-11,243.87911987304688,244.1472553221409,242.74394949161274,243.26238106287227,59871500
2018-05-14,243.99533081054688,244.9785123482888,243.44113873135748,244.3170933624058,54790600
2018-05-15,242.31495666503906,242.77078697344325,241.35856134020702,242.7529203674948,87036100
2018-05-16,243.33389282226562,243.79869733821397,242.32387042692903,242.35071125108945,53942600
2018-05-17,243.12835693359375,244.2188200842039,242.34178977220105,243.06578289183224,56536400
2018-05-18,242.5205535888672,243.14623949300506,242.16303047675913,242.77976943798316,64368000
2018-05-21,244.34390258789062,244.8891477163564,243.62885652267462,244.0221400417211,58025900
2018-05-22,243.66458129882812,245.13046114222462,243.33387182317983,244.87124535972,52966400
2018-05-23,244.3349609375,244.3618017608542,242.21660896423901,242.3775175180668,64694200
2018-05-24,243.83447265625,244.20988965494092,242.02896320624998,243.9328071967049,76043800
2018-05-25,243.2534637451172,243.88806923675972,242.74397905253608,243.2534637451172,56374800
2018-05-29,240.45578002929688,242.37751751602005,239.32958381606886,241.60881706587887,115908600
2018-05-30,243.66458129882812,244.11149189343564,241.7071379895245,241.77863168266822,69678400
2018-05-31,242.1719207763672,243.55733274071653,241.5641289002177,243.2534368026418,93519900
2018-06-01,244.54953002929688,244.8534260190191,243.41435944243034,243.4858804266375,71258400
2018-06-04,245.71141052246094,245.97062627443785,245.13937921290528,245.38070108576014,45385200
2018-06-05,245.8902587890625,246.2745954229391,245.0679311452387,245.84555135521413,51135000
2018-06-06,247.9459991455078,248.05325332675605,245.88127432470287,246.50696008499594,62732200
2018-06-07,247.91917419433594,248.73255473439278,246.99853947796524,248.4376057495296,72969400
2018-06-08,248.652099609375,248.70572669440628,247.28455438656607,247.4543825815837,72139700
2018-06-11,248.98281860351562,249.70681155644567,248.75936331490124,248.8755644293418,58892500
2018-06-12,249.30459594726562,249.6710385982985,248.6520967173,249.4029031762609,72329000
2018-06-13,248.50909423828125,249.80514582187251,248.30350555314575,249.5459300497029,79070600
2018-06-14,249.1348114013672,249.67108233939436,248.53593915088973,249.38508026486664,77097600
2018-06-15,248.81692504882812,249.15810660542257,247.2187804414169,248.34107377245678,120041600
2018-06-18,248.30511474609375,248.43082473182312,246.85961430861795,247.34442522568324,52917600
2018-06-19,247.35350036621094,247.577959077977,245.5847646215045,246.0067480956145,97531500
2018-06-20,247.77549743652344,248.44887360877186,247.4343157919581,248.04483694552417,53785500
2018-06-21,246.2222137451172,247.78446497310983,245.71942843488225,247.76649074076573,71061400
2018-06-22,246.67111206054688,247.61385499405858,246.4466533715787,247.49713209183636,54898500
2018-06-25,243.313232421875,245.6655552295961,241.60735177045268,245.50395154045736,137854200
2018-06-26,243.85189819335938,244.7138117917007,243.1246543135496,243.88781925154754,68547400
2018-06-27,241.83180236816406,245.89000569131707,241.67915840037446,244.44450485399736,105110700
2018-06-28,243.2144775390625,243.98660230063027,241.059652139888,241.77793640619387,76650500
2018-06-29,243.5646514892578,245.70150294322943,243.44792856786069,244.31882952011603,97592500
2018-07-02,244.0854034423828,244.2470345618846,241.7330801890405,241.97551316841862,63554800
2018-07-03,243.22340393066406,245.09091536744566,242.79246082966782,244.99213930697445,42187100
2018-07-05,245.2076416015625,245.270496611585,243.27730232035296,244.36370212305212,56925900
2018-07-06,247.28167724609375,247.6587525252124,244.84852516526996,245.23461496021702,66493700
2018-07-09,249.50827026367188,249.56213815641587,248.2513071000756,248.29618787744826,50550400
2018-07-10,250.40609741210938,250.5048734789713,249.66986636728845,249.966167168133,51966800
2018-07-11,248.57447814941406,249.63394381803008,248.26921766853758,248.83485785947323,77054700
2018-07-12,250.82815551757812,250.8820234247287,249.23899745713766,249.84951867134367,60124700
2018-07-13,251.02565002441406,251.3309105946877,250.19067016457026,250.64857471985377,48216000
2018-07-16,250.80117797851562,251.21417432814718,250.35226056377644,251.07054486720585,48201000
2018-07-17,251.81573486328125,252.2107843788876,249.96619731282624,250.02006521043216,52315500
2018-07-18,252.345458984375,252.45319478166238,251.44762414065352,251.89654156251427,44593500
2018-07-19,251.39370727539062,252.05809616241604,250.90886888228954,251.67203383075204,61412100
2018-07-20,251.10647583007812,251.82476024019624,250.9448721127073,251.18727768876354,82337700
2018-07-23,251.5732879638672,251.7797724041611,250.5497432781429,250.89991195475594,47047600
2018-07-24,252.83926391601562,253.69221800014424,251.95940328159426,253.00089501599234,68026900
2018-07-25,254.99400329589844,255.317210587073,252.54290507221236,252.5877858405189,78882900
2018-07-26,254.3925018310547,255.08382474381716,254.1680431373307,254.26681921043556,57919500
2018-07-27,252.6686553955078,254.82345321317564,251.7348996279468,254.724677147503,76768700
2018-07-30,251.34893798828125,252.91116223707573,250.81919118692386,252.7495585009422,63742500
2018-07-31,252.5878143310547,253.20732244208617,251.73488783886984,252.12095016900844,68570500
2018-08-01,252.1658935546875,253.30616139856951,251.51049162212172,252.79438893634276,53853300
2018-08-02,253.53958129882812,253.71014470237438,250.63956504264505,250.84607690971782,63426400
2018-08-03,254.62594604492188,254.67981393909866,253.48567835211364,253.6652562658647,53935400
2018-08-06,255.5597686767578,255.87398900834108,254.26688407908705,254.66193367280587,39400900
2018-08-07,256.40362548828125,256.78971523898406,256.0983649735854,256.2330621004362,43196600
2018-08-08,256.2958679199219,256.6999044666468,255.82900377238045,256.2330403191054,42114600
2018-08-09,255.94573974609375,256.7537854811215,255.8110700235458,256.35873602848744,35717000
2018-08-10,254.23095703125,255.03900303586346,253.51267260512194,254.49133684820572,77076000
2018-08-13,253.27920532226562,255.12874283845755,252.98290449117764,254.50923462772158,65732900
2018-08-14,254.89537048339844,255.13780348775003,253.62046002990846,254.0155096520537,43842000
2018-08-15,252.99188232421875,253.6742455225409,251.53739436968397,253.5305886702761,102925400
2018-08-16,255.03897094726562,255.9188589836604,254.4104755784485,254.44639664517268,69967900
2018-08-17,255.9368438720703,256.3857613737613,254.41950052437488,254.83249695400062,65618500
2018-08-20,256.4844665527344,256.75380601937525,255.93677310424152,256.3946775972733,39807500
2018-08-21,257.0860290527344,257.9569299579387,256.5203887102131,257.00522720376637,67272000
2018-08-22,256.9334716796875,257.4631910781556,256.4037248814678,256.67309183984673,44993300
2018-08-23,256.59222412109375,257.6247286971879,256.2689893339435,256.7538278147966,49204900
2018-08-24,258.136474609375,258.2801314556016,257.12191697022223,257.17578486258947,57487400
2018-08-27,260.1745300292969,260.282265805926,259.1869064106305,259.3485100755742,57072400
2018-08-28,260.30023193359375,260.7491492554027,259.83334038307953,260.6413860823879,46943500
2018-08-29,261.70098876953125,261.93440726722923,260.27343422691314,260.51583984366795,61485500
2018-08-30,260.6415100097656,261.5932129925283,260.0399758563836,261.2161376067743,61229500
2018-08-31,260.6504211425781,261.099338546964,259.73463950153865,260.2284376864656,66140800
2018-09-04,260.20147705078125,260.5606054575074,259.1869194369675,260.22841099629215,57594400
2018-09-05,259.50115966796875,260.0488530773949,258.47764236799816,259.84234123453905,72452400
2018-09-06,258.7200927734375,259.91420106393946,257.67860106305295,259.60894050395956,65909900
2018-09-07,258.21734619140625,259.2049701511287,257.41825990589246,257.66069288676704,73524800
2018-09-10,258.66619873046875,259.51016559324125,258.4686739881232,259.240798726547,50210900
2018-09-11,259.5191650390625,259.9680824858692,257.66066763309004,258.0108089937311,50530500
2018-09-12,259.5820007324219,260.1925218386883,258.78294198446173,259.5281328347951,59810800
2018-09-13,261.1172790527344,261.3058440858234,260.37208823539595,260.6594019431803,51034200
2018-09-14,261.1622619628906,261.51240338215354,260.3721627402703,261.3238656948581,55079900
2018-09-17,259.7795104980469,261.14420949207386,259.5011839097897,261.10831582889045,68244000
2018-09-18,261.18914794921875,261.7906819743171,259.9680782658577,259.99501221623905,61930400
2018-09-19,261.4674377441406,261.88942117384585,261.11726903875575,261.2429790559941,49080600
2018-09-20,263.5862731933594,263.9095079013693,261.4853434903775,262.74233386629203,100360600
2018-09-21,263.3454895019531,264.45483521968595,263.18315428192614,264.33758394174174,105479700
2018-09-24,262.4706726074219,262.9035940945936,261.8844436828068,262.75928693220305,53409600
2018-09-25,262.22711181640625,263.03881534221017,261.98360901579633,262.9305918752724,44370000
2018-09-26,261.4425048828125,263.57097346086664,261.01861122209493,262.3714598170946,79739700
2018-09-27,262.173095703125,263.27341389125326,261.6409784474259,261.9205650135766,59249500
2018-09-28,262.2000427246094,262.7051038940247,261.5055904976057,261.5416466355857,70091400
2018-10-01,263.11102294921875,264.19328530805143,262.4345986535327,263.45372147239533,62078900
2018-10-02,262.95770263671875,263.6792109161054,262.57892042336255,262.95770263671875,47258200
2018-10-03,263.1020202636719,264.44584118509243,262.7412661096276,264.0219474850515,64694600
2018-10-04,261.0457458496094,262.6691536438753,259.4403661334901,262.615041885652,111545900
2018-10-05,259.5845031738281,261.7941385829651,258.1414596782857,261.2710494217607,105951700
2018-10-08,259.5845031738281,259.94525716677236,257.4920914814798,258.8900235255509,87742200
2018-10-09,259.2057800292969,260.5225449283453,258.63757922714063,259.19677975501355,74339000
2018-10-10,250.99856567382812,258.76393300539576,250.61978337889263,258.6917656476483,214731000
2018-10-11,245.4698944091797,251.53965784209564,243.83743168803008,249.898194845958,274840500
2018-10-12,248.8790740966797,249.90722478492944,245.65025982178798,249.61861045975243,183186500
2018-10-15,247.48109436035156,249.8621210690079,247.39089895039794,248.5182727653811,102263700
2018-10-16,252.8924560546875,253.2712657181246,248.9872457737332,249.46525110868288,118255800
2018-10-17,252.93760681152344,253.56891965030292,250.33110527111202,252.9285790131575,110626000
2018-10-18,249.284912109375,252.59489400147166,247.99520296910387,251.99060947855875,134557500
2018-10-19,249.1495819091797,251.9003626637363,248.44610183768108,249.94325737933633,139901600
2018-10-22,248.03123474121094,250.15067521789948,247.49008987585103,249.82600481294625,82415800
2018-10-23,246.76856994628906,247.90497148361646,242.25907498708253,244.36954284891138,146352700
2018-10-24,239.29188537597656,246.9039162859335,238.73271231544518,246.51607873937178,177806700
2018-10-25,243.5848846435547,245.14517991713308,240.11259530111516,241.1497737095234,138061500
2018-10-26,239.30088806152344,244.4146683247582,236.5591344775095,239.83303277806252,201574600
2018-10-29,237.97508239746094,243.73823083566307,234.35848573656668,242.43046613619254,160749100
2018-10-30,241.50152587890625,241.81719608667416,237.30770032935507,237.80376137692684,157116000
2018-10-31,244.08102416992188,246.425967971955,243.62104669630688,244.09905224826187,128296300
2018-11-01,246.67840576171875,246.87682464384736,243.85545747115998,244.95577535864163,99495000
2018-11-02,245.2173614501953,248.22970116517118,243.14297698952024,247.79677968518712,122634100
2018-11-05,246.5702362060547,247.1294093078525,244.7303541261236,245.71342095408744,65622500
2018-11-06,248.1305389404297,248.29287421390885,246.44399159934653,246.50713115807173,60085900
2018-11-07,253.4427032470703,253.52387087229604,249.8982184695372,250.33113999452044,102752100
2018-11-08,252.98269653320312,253.6320649835442,251.82826679079412,252.6309426742043,65584900
2018-11-09,250.51148986816406,251.84628285191715,249.08647395054544,251.65689175736907,98812600
2018-11-12,245.8306121826172,250.24088389318933,245.30749535963136,249.9973810765548,99673600
2018-11-13,245.37066650390625,248.31986664705596,244.6401304361189,246.29962147428867,98176600
2018-11-14,243.6931610107422,247.67051203595187,242.11483750037152,247.26467393326607,125335900
2018-11-15,246.23648071289062,246.70548585694456,240.8160858746121,242.4124373622873,135101400
2018-11-16,246.87689208984375,247.79681941806672,244.60408836021625,245.12720533954803,126668000
2018-11-19,242.70101928710938,246.56114579295328,241.77206444530358,246.26350371836918,103061700
2018-11-20,238.20957946777344,240.80705320956835,237.33473626340188,239.32792551402244,136021300
2018-11-21,239.0213165283203,240.94236623176488,239.0123162524732,239.77890855490224,75563700
2018-11-23,237.4249725341797,238.84096093239847,237.2626372783251,237.3618329823095,42807900
2018-11-26,241.25794982910156,241.48342454856802,239.3098449500591,239.7066826582216,79981400
2018-11-27,242.0697479248047,242.0697479248047,239.5985528412184,240.2118377121583,75502400
2018-11-28,247.64340209960938,247.64340209960938,242.0065336502943,243.15196293440903,127629600
2018-11-29,247.1023712158203,248.51833214770778,245.70441083694,246.8588407983776,82346400
2018-11-30,248.6084747314453,249.17667555298496,246.624313279015,246.94898373488024,98204200
2018-12-03,251.90042114257812,252.8925157105893,250.28604148403664,252.78429221658402,103176300
2018-12-04,243.7382354736328,251.49457335608747,243.4225652790874,251.0616518729586,177986000
2018-12-06,243.36849975585938,243.4857510667117,236.6944505517717,239.83306997205983,204185400
2018-12-07,237.71356201171875,244.61308490115076,236.86577462151118,243.02573361331065,161018900
2018-12-10,238.1645050048828,239.14757173366934,233.24914383717353,237.5331646172549,151445900
2018-12-11,238.21859741210938,241.5916910080569,236.73046950353103,241.4022999166531,121504400
2018-12-12,239.4181671142578,242.61089816479517,239.33699948464002,241.23099341373103,97976700
2018-12-13,239.3369903564453,241.2490122890453,238.20961633733873,240.3741689492674,96662700
2018-12-14,234.91763305664062,238.12839128688933,234.35846008181136,237.16335275354302,116961100
2018-12-17,230.30894470214844,235.07998467825544,228.6584677695598,233.95261085232502,165492300
2018-12-18,230.0564422607422,232.6449022403916,228.43302100006588,231.9684778619339,134515100
2018-12-19,226.6111602783203,233.95261831653127,224.88854347637346,230.13758902119358,214992800
2018-12-20,222.92239379882812,226.93584194968977,220.64960426546295,225.3485045242613,252053400
2018-12-21,218.3548126220703,226.52838561351126,217.70165211676255,223.8341019896797,255345600
2018-12-24,212.58523559570312,218.48181344398333,212.52174118607726,216.84891219447073,147311600
2018-12-26,223.3260955810547,223.3260955810547,212.0590967155239,214.0639394537633,218485400
2018-12-27,225.04067993164062,225.24024372001855,216.77639698327218,220.05126685033105,186267300
2018-12-28,224.7503204345703,228.06146997168065,223.57100216030798,226.41043546151437,153100200
2018-12-31,226.71890258789062,226.96384125944505,224.49634887662796,226.39232230656916,144299400
2019-01-02,226.95477294921875,227.88916662174256,223.11746481897222,223.1446786903584,126925200
2019-01-03,221.5389862060547,225.4942300065546,221.04910887795336,225.18578308646187,144140700
2019-01-04,228.9595947265625,229.61275526419664,224.22418774984152,224.6051957564193,142628800
2019-01-07,230.7648468017578,232.18908994785633,228.32456851977005,229.23173434401818,103139100
2019-01-08,232.9329833984375,233.42286074708124,230.42014376552723,232.97835830515842,102512600
2019-01-09,234.02159118652344,234.8743293576913,232.40683697219623,233.6496498408433,95006600
2019-01-10,234.84710693359375,235.10111227206158,231.78088183633582,232.4703367626794,96823900
2019-01-11,234.93785095214844,234.96506482364512,233.16886625133859,233.7585185901058,73858100
2019-01-14,233.50445556640625,234.32089919420287,232.60637034428012,233.01457831592776,70908200
2019-01-15,236.18064880371094,236.49816240722788,233.8764396543242,233.88552017241238,85208300
2019-01-16,236.75213623046875,237.65022149741995,236.40740880309278,236.61603921529203,77636700
2019-01-17,238.54835510253906,239.41925436433252,235.82685719957814,235.8722321086658,96118400
2019-01-18,241.7234344482422,242.1951784664998,238.58464797183393,240.38084654275963,127900300
2019-01-22,238.45753479003906,240.45331017097055,236.82464779436557,240.23559928741327,115531200
2019-01-23,238.9565887451172,240.20848219891133,236.4618823561677,239.5008938577896,86030300
2019-01-24,239.08358764648438,239.673267692662,237.75005252233746,238.77515452937337,59204100
2019-01-25,241.10658264160156,241.94118755756298,239.1833951170715,240.9523522376867,96883400
2019-01-28,239.27407836914062,239.3375589397208,237.48696050055744,238.93843142726803,85613700
2019-01-29,238.9565887451172,239.9907435431375,238.1129310469544,239.41925224356496,66136300
2019-01-30,242.73944091796875,243.59217908426973,239.7185906325241,240.4896871894354,92473700
2019-01-31,244.8712615966797,245.3611388880366,242.45819720862974,242.6759358295126,104012100
2019-02-01,244.9892120361328,246.02339441395705,244.19090164297134,245.07085364209178,85782500
2019-02-04,246.71278381347656,246.7762920587627,244.3541473820722,245.03452167856378,60744800
2019-02-05,247.74700927734375,248.05544235678397,246.6402657878202,247.14827646978125,79552800
2019-02-06,247.42039489746094,247.9646999219832,246.67653997126752,247.4657697987982,58347800
2019-02-07,245.0618133544922,246.3408929311689,243.38355087629387,245.7875350120612,95482000
2019-02-08,245.3611297607422,245.46090470803657,242.96619881164602,243.80080351089237,75788900
2019-02-11,245.4972686767578,246.2864986999834,244.96204403669117,246.02344048191517,68021400
2019-02-12,248.6541748046875,249.03516897335427,247.05755398683021,247.13014276100873,72270200
2019-02-13,249.46151733398438,250.31425541049035,249.0714426798071,249.49781171806006,65277200
2019-02-14,248.9081268310547,250.05116446123662,247.53829777802713,248.3638218793252,83234400
2019-02-15,251.62057495117188,251.65686933503972,250.49569821179907,250.7043286289066,97088700
2019-02-19,252.05601501464844,252.71822830941113,250.80412182112124,250.81320233787218,59120800
2019-02-20,252.56407165527344,253.02673514184315,251.51175584699183,252.01976655657504,76610800
2019-02-21,251.66598510742188,252.28285129707368,250.6953109156271,251.91999046107304,64214700
2019-02-22,253.22634887695312,253.4258988342833,251.64786109711204,252.29194125211848,78114600
2019-02-25,253.5709686279297,255.19480312430952,253.48932702994443,254.66865915357047,69030700
2019-02-26,253.38958740234375,254.27859227176825,253.0085655408001,253.21722366551523,56844100
2019-02-27,253.2806854248047,253.63446566710502,251.72035924620783,252.66379168200962,56921600
2019-02-28,252.8090057373047,253.5075412519087,252.48243927684697,253.06301110138568,69268300
2019-03-01,254.38742065429688,254.80470912935965,252.93594998096933,254.40555400208206,78880500
2019-03-04,253.46206665039062,255.7027668211299,251.1397248966484,255.45784207212103,106494600
2019-03-05,253.117431640625,253.7887532644172,252.56407370354066,253.58917564942615,59114600
2019-03-06,251.58428955078125,253.24441853684803,251.25772313781985,253.235338019431,75039800
2019-03-07,249.47972106933594,251.27589196321526,248.6269828468749,251.13074208657207,94885100
2019-03-08,248.980712890625,249.15307660404454,247.13011462733536,247.60183086777147,85795800
2019-03-11,252.59127807617188,252.75456129561337,249.67928325810547,249.7064971280124,65098900
2019-03-12,253.5437469482422,254.06991858726823,252.963175263405,253.15367231949983,79667500
2019-03-13,255.2220916748047,256.1655521128856,254.27863123672375,254.4419421649857,80639200
2019-03-14,255.05874633789062,255.67561245378437,254.6142439432766,255.24924340922465,67518400
2019-03-15,256.3189392089844,257.13897931720476,255.42599058074921,255.61735459094803,81309000
2019-03-18,257.248291015625,257.54898997218635,256.3097955021331,256.5375859452763,62199800
2019-03-19,257.31201171875,259.0978805401303,256.4099706978769,258.3234154811488,90268100
2019-03-20,256.53759765625,258.31437431645713,255.4168864209533,257.0934208222471,84609200
2019-03-21,259.43511962890625,259.84512577132057,255.6628962799795,255.70847105566054,79550400
2019-03-22,254.4418487548828,258.58762245534876,254.3780607763668,258.05916102043284,122659300
2019-03-25,254.25054931640625,255.29837963083443,252.97492859421342,254.09563960428991,85575200
2019-03-26,256.14581298828125,257.1116423178471,254.72440273697856,256.02735749959726,68125900
2019-03-27,254.806396484375,256.72896237700854,253.23919704735903,256.1366849509792,72224700
2019-03-28,255.77218627929688,256.22776711728824,254.277895590038,255.44418142303795,56238500
2019-03-29,257.38494873046875,257.71295357205776,256.1639954760323,257.3029475200715,82186800
2019-04-01,260.4372863769531,260.73798525172003,259.13433207014447,259.40769721142743,77617900
2019-04-02,260.5648498535156,260.80176073665484,259.76302330114436,260.62863783073647,40070400
2019-04-03,260.9749755859375,262.19592906394746,260.36448494370677,261.79501564651713,68243200
2019-04-04,261.6673583984375,261.9224825115442,260.60131499262985,261.3028993520626,48997500
2019-04-05,262.9339294433594,262.98859691897246,262.0501015123514,262.3416799199194,58621700
2019-04-08,263.1343994140625,263.2437343708113,261.84053754415413,262.50569560630794,53566300
2019-04-09,261.7859191894531,262.48750383120847,261.2301237862029,262.1594988994124,66142300
2019-04-10,262.6788024902344,262.76992421743466,261.78585405398695,262.2049806313717,52601500
2019-04-11,262.60589599609375,263.17993229475786,262.03185969742964,263.1708117800339,55093100
2019-04-12,264.3826599121094,264.66511779077246,262.65145838939964,264.2368707156307,69727800
2019-04-15,264.2095642089844,264.5558101105001,263.39861693370295,264.4555678622698,49596700
2019-04-16,264.3826599121094,265.1571528530823,263.781289904052,265.1024853802086,52153200
2019-04-17,263.73577880859375,265.5398612716412,263.31662438430305,265.5125275314875,58268300
2019-04-18,264.2550964355469,264.5284616192903,263.0159299165414,264.3280049404574,68708500
2019-04-22,264.48284912109375,264.63775881709375,263.3894719614427,263.48059367635784,40160100
2019-04-23,266.86102294921875,267.097933871353,264.6195731226553,264.8564562383433,52246600
2019-04-24,266.268798828125,267.11617255221114,266.12300961648936,266.7790471656252,50392900
2019-04-25,266.104736328125,266.7698943118712,264.90202413921253,266.1685243141922,57770900
2019-04-26,267.3439025878906,267.41678327402,265.36666987190347,266.1502832316182,50916400
2019-04-29,267.7630615234375,268.2915508360349,267.34393496294183,267.4350566864703,57197700
2019-04-30,267.8996887207031,268.19126706826427,265.9862718551322,267.41677424787326,81111700
2019-05-01,265.88616943359375,268.7472313362819,265.877048915924,268.5376540750706,71671900
2019-05-02,265.3120422363281,266.6970257386942,263.7995105624764,265.7676230607492,65030200
2019-05-03,267.90887451171875,268.1913324152287,265.42139305136345,266.80637663652027,56543700
2019-05-06,266.8063659667969,267.25282628550065,263.2345999978246,263.553512142519,107198100
2019-05-07,262.3507995605469,264.97494988515353,260.41914107339204,264.373579785227,144729900
2019-05-08,261.9863586425781,263.71756055019245,261.3849885008159,261.9863586425781,91568300
2019-05-09,261.193603515625,261.8040662532306,258.13208589363757,259.8906490217413,103471100
2019-05-10,262.5057373046875,263.2711099299556,257.2209818352838,260.24604588261974,112429300
2019-05-13,255.90882873535156,258.30518814655903,255.06145513710214,257.33026638610016,127290500
2019-05-14,258.2232666015625,259.7722528923755,256.81097683546204,256.9385250370195,77003200
2019-05-15,259.7357482910156,260.3826653030283,256.3644389262858,256.57401612463264,73956400
2019-05-16,262.1413269042969,263.51716265989677,260.37367034326115,260.44655107075016,76749600
2019-05-17,260.4465026855469,262.96131831682493,259.7904650341897,259.808706067517,100353000
2019-05-20,258.72430419921875,260.5557198007319,257.9680246260145,258.8245186113751,62877600
2019-05-21,261.0570068359375,261.4396792652091,260.18227138469314,260.4373956063591,46847100
2019-05-22,260.25506591796875,261.2208948917066,259.7721514310998,260.09106352011344,49482500
2019-05-23,257.0751953125,258.05011727417116,255.64466465906358,258.0045703082199,98733800
2019-05-24,257.6582946777344,258.9521564776811,257.029590903975,258.53300209087666,55268100
2019-05-28,255.2619171142578,258.9065635204766,255.24370389254705,257.94073444734425,70029400
2019-05-29,253.54896545410156,254.5421284063858,252.1275553750113,254.13212231036903,104972900
2019-05-30,254.24147033691406,255.16175263269062,253.12985185316197,254.31435104446876,62523800
2019-05-31,250.81552124023438,252.5011762831742,250.78818749603337,251.66292292337374,86862800
2019-06-03,250.1776885986328,251.98177106914605,248.82915919708412,250.85193939618222,96428000
2019-06-04,255.608154296875,255.74482297118078,252.0455092189342,252.50109000424973,77231900
2019-06-05,257.822265625,257.8495993593719,255.41681358094215,257.24822939674647,71169700
2019-06-06,259.4988708496094,260.1822422031176,257.46699782130725,258.1230354329332,69430400
2019-06-07,262.0956115722656,263.18901654347945,260.35528969307944,260.5284126102957,74272200
2019-06-10,263.29840087890625,264.98405560643573,263.2072791464684,263.6628600022089,60799100
2019-06-11,263.2345275878906,265.5124311284685,262.5784902559466,265.13885161104093,58641300
2019-06-12,262.7699279785156,263.56263418425476,262.25055915184254,262.9977183965532,47096300
2019-06-13,263.85418701171875,264.21867392881086,262.9794795848827,263.69018458289594,48945200
2019-06-14,263.5627136230469,264.1731765557728,262.78822040699447,263.5627136230469,52324700
2019-06-17,263.662841796875,264.4373347594465,263.4897188591315,263.79951048287074,39205700
2019-06-18,266.4236145019531,267.4896856816371,265.13887346241273,265.5033603040961,85434800
2019-06-19,267.0249938964844,267.56257585866496,265.5762504106533,266.5602926213609,78674400
2019-06-20,269.5762939453125,269.986327843129,267.08884023833616,269.74032418830853,116570000
2019-06-21,269.1844177246094,270.57610941710277,268.96468428413374,269.3034493187632,83309500
2019-06-24,268.8548583984375,269.7154904849121,268.69919522666544,269.395055149446,47582700
2019-06-25,266.2178649902344,268.9371776791812,266.1079982863068,268.90971100319933,82028700
2019-06-26,265.952392578125,267.6370809326556,265.84252585047807,267.12435090917626,51584900
2019-06-27,266.8955078125,267.4082379420871,266.33700918415195,266.72154281049404,40355200
2019-06-28,268.2689208984375,268.77248619443424,267.36249218896387,267.8843592976827,59350900
2019-07-01,270.7043151855469,271.8579716710566,269.4865604638,271.638210281342,78705600
2019-07-02,271.4092712402344,271.46420459399906,269.80698322483136,270.65847814986955,61504500
2019-07-03,273.5792541503906,273.59758389822053,271.9494992697912,272.09599754398636,40898900
2019-07-05,273.2679443359375,273.43277235105023,271.02475771426157,272.3340493115074,51677300
2019-07-08,271.76641845703125,273.08487508533693,271.21705687162205,271.94038342477234,45841800
2019-07-09,272.10516357421875,272.4072970561192,270.53950692099306,270.59444028133856,41101300
2019-07-10,273.40521240234375,274.3666018176489,272.6452825064489,273.1854790236139,58448500
2019-07-11,274.0462341308594,274.29343426803155,273.0299389585721,274.05539900539225,50826100
2019-07-12,275.27313232421875,275.34639543883014,274.2293704453823,274.54066882825254,40326000
2019-07-15,275.3647155761719,275.7126455395076,274.85198550652757,275.7126455395076,33900000
2019-07-16,274.47650146484375,275.4836594744254,274.1652031603702,275.2730630000679,36650100
2019-07-17,272.6087646484375,274.6139163905964,272.6087646484375,274.44911628782256,36036300
2019-07-18,273.6067199707031,273.9912814319682,271.656529809474,272.10516156287605,51392600
2019-07-19,272.0868835449219,274.7420986269968,271.91291857600777,274.7146319446257,58678600
2019-07-22,272.75518798828125,273.3045494549196,271.96779130805805,272.4896581567638,43638100
2019-07-23,274.7054748535156,274.7054748535156,273.0482531062231,273.89061129229,44564500
2019-07-24,275.9963684082031,275.9963684082031,273.8447191743444,273.9362840667456,47213200
2019-07-25,274.67803955078125,275.59363301595056,273.863147954767,275.538699643376,55394100
2019-07-26,276.518310546875,276.7197421680133,275.2456225902088,275.3738190498818,45084100
2019-07-29,276.01470947265625,276.5183024816571,275.456211050423,276.3992708987717,38126500
2019-07-30,275.3372497558594,275.74927796461697,274.21105980916366,274.5956213334503,45849000
2019-07-31,272.32489013671875,275.7766945274753,270.28313509817644,275.5843998294343,104245200
2019-08-01,269.9534912109375,275.474516996745,269.1477647377705,272.48053734192746,142646600
2019-08-02,267.9208984375,269.2942883437342,266.3460768940172,269.04708821962015,116749700
2019-08-05,259.8637390136719,263.8831797191068,257.9409871853002,263.77331297606173,178745400
2019-08-06,263.5076904296875,263.72745178022603,260.28481268586427,261.7772339515942,120711700
2019-08-07,263.6633605957031,264.44162036175436,258.23389992071395,260.3946863432994,140572300
2019-08-08,268.8365173339844,268.8365173339844,264.6156453651659,265.1741439015935,87713900
2019-08-09,267.00537109375,268.488628088048,265.2016507871997,267.884333027094,93730000
2019-08-12,263.75506591796875,266.99624727739905,262.79367583336455,265.4855233635357,65527600
2019-08-13,267.8567810058594,269.3217357225238,263.1048500355138,263.4527799241614,94299800
2019-08-14,259.9369201660156,264.36838817846234,259.8087516396684,263.7549563434008,135622100
2019-08-15,260.6236267089844,261.5300830744288,258.5544048556819,260.83422322655025,99556600
2019-08-16,264.46917724609375,264.90864422543325,260.67860689912044,262.2992252105199,83018300
2019-08-19,267.6554260253906,268.342121125927,266.84056236910226,267.52725746963864,53571800
2019-08-20,265.6043701171875,267.68275616896636,265.47620162681324,267.1425596517643,51596400
2019-08-21,267.76531982421875,268.14068855590835,267.09692653623705,267.7927865104813,49524700
2019-08-22,267.6828308105469,269.1203189279265,265.88827585314084,268.47942041398306,51666400
2019-08-23,260.8067626953125,268.0491092068766,259.54323944350233,266.3644208516933,149161500
2019-08-26,263.6907653808594,263.6907653808594,261.47501818297314,263.0223724790493,72423800
2019-08-27,262.65625,265.47629305965773,261.88715496782714,265.1008964472239,66668900
2019-08-28,264.5057373046875,264.67053737738956,261.1729645899348,261.98785596332965,59696700
2019-08-29,267.88427734375,268.4153371089108,266.08055741212706,267.0968805121057,57899400
2019-08-30,267.76531982421875,269.4042120073749,266.82225967361177,269.38591019709827,62901200
2019-09-03,266.1995544433594,266.96864936800415,264.8536313398093,266.0439192487991,69101400
2019-09-04,269.2210693359375,269.2393711434444,267.63708282332993,268.39704093107395,46887300
2019-09-05,272.68206787109375,273.60679832267994,269.1844939310169,271.7390076664863,83258100
2019-09-06,272.892578125,273.542669500874,272.3157778038375,273.0024727945312,49584300
2019-09-09,273.02996826171875,273.9821652978524,272.0777432838915,273.8906283094618,51260300
2019-09-10,272.9658508300781,273.0299490708011,270.9881658343813,272.2608260655092,57947100
2019-09-11,274.9067687988281,274.9891688069988,272.6177865440502,273.2770145510934,68821100
2019-09-12,275.8591613769531,276.9303900777647,275.0534346615115,275.8225298148799,72908700
2019-09-13,275.6759948730469,276.66485132574826,275.3005982513446,276.307756511803,62104800
2019-09-16,274.8244934082031,275.72178491795165,274.17442997674857,274.5314968407313,58191200
2019-09-17,275.52032470703125,275.6118616758972,274.4490683427603,274.6230332903059,41475500
2019-09-18,275.68511962890625,275.7949863428423,273.0665085327858,275.1265932441484,73375800
2019-09-19,275.66680908203125,277.085995413716,275.32804404323804,276.07883722967597,76560500
2019-09-20,274.3643798828125,276.5627669339489,273.5641395991693,276.27759641895204,89565000
2019-09-23,274.2999572753906,275.0266241085906,273.43532283353846,273.69287172659716,43476800
2019-09-24,272.1475830078125,275.7992754895881,271.1725744624167,275.40375898113456,94869400
2019-09-25,273.7572326660156,274.2079361563609,270.73101248766125,272.23032581765153,71854000
2019-09-26,273.1869812011719,273.9780142047765,271.7612691268964,273.76647322836897,56179700
2019-09-27,271.71533203125,274.0608942731328,270.1424447408394,273.9504920866858,84746600
2019-09-30,272.9754638671875,273.69292363898603,272.19363791295876,272.23961776765594,51662400
2019-10-01,269.7283935546875,274.52986194407197,269.5076454216138,273.8675894741321,88242400
2019-10-02,264.96380615234375,268.13720188029833,263.6576752083214,268.12799468172454,122539500
2019-10-03,267.1346740722656,267.1622676049408,261.9836660972674,264.7339244465866,85278800
2019-10-04,270.7494201660156,271.00696902135746,267.7415863842622,267.7968014903611,65091200
2019-10-07,269.58123779296875,271.58646973581347,269.29609541072733,269.93998160523944,59610500
2019-10-08,265.3961181640625,268.4499325329382,265.35931744122405,267.7048793021385,95708100
2019-10-09,267.9162902832031,268.86370492375676,266.80331457631115,267.4379934013213,62359400
2019-10-10,269.7283935546875,270.62062135348543,267.66800279074954,267.83356389055484,55296300
2019-10-11,272.524658203125,274.7874107792014,272.3958978157432,272.515451007341,98720400
2019-10-14,272.2212219238281,272.88349461854705,271.8716852140142,272.20280752600945,40394800
2019-10-15,274.916259765625,275.670520147289,273.15939729792115,273.27897858656604,46754500
2019-10-16,274.47467041015625,275.1737435810518,274.03317415124826,274.4470768939745,48928200
2019-10-17,275.2842102050781,276.1672310905122,274.5851367991319,275.6521332347817,45736600
2019-10-18,274.0792236328125,275.39456168957355,273.21458914511874,274.74149626017953,64304000
2019-10-21,275.937255859375,276.1396177217795,274.9714544669643,275.4129789133175,39048600
2019-10-22,275.03582763671875,276.77427562399055,274.9438398752699,276.4799260156437,48594700
2019-10-23,275.8360900878906,275.891277135069,274.5667318613361,274.7783009226705,34352200
2019-10-24,276.28680419921875,276.93069053515467,275.4497631907928,276.7835157134914,35453100
2019-10-25,277.4181823730469,277.9700809117787,275.6521126632502,275.7072997100508,45205400
2019-10-28,278.9818420410156,279.4877606945218,278.6231262626682,278.65071978407957,42147000
2019-10-29,278.8990173339844,279.8372530549179,278.57707425465856,278.7058627146766,44284900
2019-10-30,279.75457763671875,280.1316798211298,277.776938579392,279.10148403671076,49643900
2019-10-31,279.0094299316406,279.7453039389649,277.5377380584383,279.7453039389649,69053800
2019-11-01,281.5940856933594,281.64006552671447,280.3063135108205,280.47190266647476,71141500
2019-11-04,282.72552490234375,283.3050169282856,282.34839472560816,283.1670493199004,60606900
2019-11-05,282.4128112792969,283.23146593826937,282.1184616443365,282.9279091051145,42933200
2019-11-06,282.4772033691406,282.753138605606,281.520581098184,282.4128091237234,46487100
2019-11-07,283.4705810546875,284.8227197726029,282.99228398365506,283.829324911005,54272300
2019-11-08,284.16961669921875,284.22480373583994,282.4127545115237,283.1210068619756,49032100
2019-11-11,283.626953125,283.8017214482549,282.63353022747464,282.7715259032089,35797300
2019-11-12,284.224853515625,285.13546785008174,283.44299959892885,283.99489813252177,46484600
2019-11-13,284.31683349609375,284.7215572049289,282.9922882800378,283.22224365684303,53917700
2019-11-14,284.7306823730469,284.8134909952415,283.3877510868042,284.0316372481268,51219900
2019-11-15,286.7911071777344,286.83708701704285,285.38378163211183,286.08282677148827,62023600
2019-11-18,287.0027160644531,287.2418786552011,286.0921016931076,286.552012477945,49228000
2019-11-19,286.91986083984375,287.61893403354173,286.266795555095,287.60972683760804,67804700
2019-11-20,285.8529357910156,286.84635879436337,284.2800487848957,286.32205376874794,79406200
2019-11-21,285.3930358886719,286.07372295638316,284.5836164652955,285.96334885641033,54664700
2019-11-22,286.0276794433594,286.28522833482447,285.0066910749267,286.147260727026,44850200
2019-11-25,288.2444763183594,288.2444763183594,286.9659389531577,286.9659389531577,48647200
2019-11-26,288.89752197265625,289.0814974994201,287.9593141558989,288.2812572923735,37569000
2019-11-27,290.18524169921875,290.18524169921875,289.1642254317554,289.3849735671122,44444600
2019-11-29,289.1090393066406,289.86329953243916,288.87908397468146,289.614929808663,36592700
2019-12-02,286.6531982421875,289.43104918793944,286.22088099549416,289.3666549431557,75767800
2019-12-03,284.7306823730469,284.8134909952415,282.504730467015,283.9028487875745,73941700
2019-12-04,286.4875793457031,287.094664867775,285.43899749537735,285.7885341357269,49080000
2019-12-05,287.0027160644531,287.2142851309399,285.67817075846335,287.19589880500797,40709000
2019-12-06,289.6242370605469,290.0289608302717,288.9251636272533,288.9343708263426,48927000
2019-12-09,288.71356201171875,289.90931867171975,288.6399605759114,289.2286597794782,34838500
2019-12-10,288.39166259765625,289.3298705159717,287.7293899286314,288.6584187191221,52649800
2019-12-11,289.21026611328125,289.46781499062223,288.30883100722673,288.8515222819551,53429100
2019-12-12,291.70294189453125,292.4939747617293,288.98027862667675,289.21941308358447,96389600
2019-12-13,291.8777770996094,293.1195417897332,290.68199225808337,291.4638461793262,81503900
2019-12-16,293.8829345703125,294.48081286061495,291.81333643953565,293.6253857035336,82749700
2019-12-17,293.9474182128906,294.5728902123539,293.86463763096725,294.26936141196813,61097700
2019-12-18,293.9657287597656,294.5728142747671,293.9105417193766,294.34285891623875,48133000
2019-12-19,295.17071533203125,295.24431677203495,293.9013571638511,294.15890606241487,85310500
2019-12-20,296.46478271484375,297.610959944321,295.2261654681142,296.2151918473892,147142100
2019-12-23,296.917724609375,297.31518568404806,296.7698262123196,297.25972731124415,52990000
2019-12-24,296.9269714355469,297.1950108294306,296.62192218218354,297.14880492254974,20270000
2019-12-26,298.50762939453125,298.51688186057737,297.30599357553314,297.3152178328413,30911200
2019-12-27,298.4335632324219,299.3024484791661,297.8974563525318,299.2469901194785,42528800
2019-12-30,296.788330078125,298.6555228290813,296.29842893439377,298.51687688439085,49729100
2019-12-31,297.50927734375,297.7588682194941,295.9286573685499,296.2799125205352,57077300
2020-01-02,300.2915954589844,300.31010039040234,298.12863413834935,299.06223049537607,59151200
2020-01-03,298.01763916015625,299.1545920031912,296.8067512370668,296.86220959929,77709700
2020-01-06,299.1546630859375,299.2378506490387,296.1227881174342,296.2429573337146,55653900
2020-01-07,298.3135070800781,299.06222335747646,297.8605594022021,298.58154649187225,40496400
2020-01-08,299.9034118652344,301.13277693150195,298.25808072964344,298.5076434459939,68296000
2020-01-09,301.9368591308594,302.010822422565,300.8923462531795,301.48393975190214,48473300
2020-01-10,301.0680236816406,302.6856253987053,300.59662750603604,302.52850274308224,53029300
2020-01-13,303.1385803222656,303.14780457892977,301.2621634138756,301.69660615664253,47086800
2020-01-14,302.6764221191406,303.75788868803704,302.11255767014296,302.6948988420429,62832800
2020-01-15,303.3603820800781,304.1275749921437,302.5007491498915,302.58393670358055,72056600
2020-01-16,305.8837890625,305.8837890625,304.5250028752954,304.75608876965856,54050300
2020-01-17,306.8359375,307.0485185216617,305.81915367226685,306.6048515486395,95846000
2020-01-21,306.2350769042969,307.0485039278217,305.79140995236185,305.86534504144004,77742400
2020-01-22,306.27203369140625,307.7602416951701,306.11491106159474,307.10393736748716,48914900
2020-01-23,306.6233215332031,307.0392875200072,304.4880896462409,305.6157901924544,51963000
2020-01-24,303.8965148925781,307.37205676659016,302.5931866898236,307.2888692058274,87578400
2020-01-27,299.025146484375,300.5225785623378,298.2487012664953,298.59070387581676,84062500
2020-01-28,302.15869140625,303.0460533592896,299.11759307928486,300.4671268299721,63834000
2020-01-29,301.90911865234375,303.7670584168849,301.705761920858,303.5359725042297,53888900
2020-01-30,302.888916015625,303.1015252071466,299.06214802933965,299.820088372579,75491800
2020-01-31,297.3891296386719,302.4175619764646,296.46478587376487,302.26041112458785,113845600
2020-02-03,299.5982971191406,301.4839663014634,298.7663933709413,298.8865625739974,69083000
2020-02-04,304.1645812988281,305.04271922906673,302.92596394004727,303.2494899253318,62573200
2020-02-05,307.6770935058594,307.8897027555807,305.65280633997725,307.13173399612566,65951100
2020-02-06,308.71240234375,308.90650667465707,307.6216550449297,308.64769149720144,50359700
2020-02-07,307.0670166015625,308.72157166610674,306.5124046889222,307.64010523475514,64139400
2020-02-10,309.3593444824219,309.4240553118806,306.1333939781077,306.17037562475997,42070000
2020-02-11,309.8955078125,311.52233369965023,309.3593726178411,310.72741158108295,54864500
2020-02-12,311.89215087890625,312.1047319357615,310.9770311780781,311.34676311971845,43992700
2020-02-13,311.559326171875,312.5391283658209,310.17281043983064,310.4501023027456,54501900
2020-02-14,312.0584716796875,312.17864088676066,310.76439600492625,311.9752841229601,64582200
2020-02-18,311.25433349609375,312.1232190240798,309.84931270595257,311.0509767085069,57226200
2020-02-19,312.7424621582031,313.4264675089638,311.94754007042536,312.2340843772971,48814700
2020-02-20,311.4576416015625,313.01978481459753,308.43501944902675,312.18785286258,74163400
2020-02-21,308.2501220703125,310.40383030367497,307.41819024123384,310.08955685637517,113788200
2020-02-24,298.0269775390625,308.3241540854473,296.9362302805282,298.6925062863302,161088400
2020-02-25,288.99609375,300.0512380943985,288.10873156875266,299.431943523171,218913200
2020-02-26,287.9331359863281,294.04303586144556,287.1936721212229,290.41037096404267,194773800
2020-02-27,275.0015563964844,287.9885766095584,275.0015563964844,282.35007330737915,284353500
2020-02-28,273.8460693359375,275.3527540569355,263.9371038974755,266.8580333291609,384975800
2020-03-02,285.7054443359375,285.7701551771477,272.18228895982,275.64857848375703,238703600
2020-03-03,277.5249938964844,290.0960761428033,275.0570115658615,286.0844271408045,300139100
2020-03-04,289.19024658203125,289.4121083211224,280.3812495036276,282.9601771289207,176613400
2020-03-05,279.5770263671875,285.13234180123146,277.3124009134336,281.9063908677441,186366800
2020-03-06,274.955322265625,276.17546295563227,268.2723340760703,270.9714024050404,228667200
2020-03-09,253.4827880859375,262.68924362399014,252.76180111383817,254.47181442612197,309417300
2020-03-10,266.5992126464844,266.69162444613045,252.8079927334266,263.1051947162144,276444100
2020-03-11,253.60293579101562,260.60947715989346,250.38623761894246,259.46329994536006,255316300
2020-03-12,229.3389129638672,246.48549119489823,228.94143784380918,236.63198409705896,392220700
2020-03-13,248.94422912597656,250.94081471913591,229.71787911587776,243.1855582502152,329566100
2020-03-16,221.70388793945312,237.46394000044816,219.40226657286115,222.9332529028682,297240000
2020-03-17,233.67408752441406,236.7891353489701,219.1341652379295,226.50117146716343,262070500
2020-03-18,221.8424835205078,229.57923561988864,210.7688501673314,218.37619471549988,327597100
2020-03-19,222.31393432617188,228.66418616779154,214.65113001420656,221.14926615253347,289322000
2020-03-20,212.73348999023438,227.30312877588696,212.45455338465345,225.49935480540947,347158800
2020-03-23,207.2943115234375,213.5517228263843,202.933643927823,212.16636061943566,326025200
2020-03-24,226.07583618164062,226.95913788626166,217.38240804438908,217.9588666833573,235494500
2020-03-25,229.4602508544922,238.34895379596628,222.91461015026374,227.67507611697533,299430300
2020-03-26,242.8583526611328,244.34597676886384,231.56152620490514,231.99852358956915,257632800
2020-03-27,235.62461853027344,242.49568553250754,233.42104659656349,235.48515733977402,224341200
2020-03-30,243.2767333984375,244.0019600734176,235.7269304807957,237.74454973681014,171369500
2020-03-31,239.65060424804688,244.83876003365094,238.22804311533196,242.26328169849316,194881100
2020-04-01,228.8651580810547,239.56692639242033,226.77315475604576,230.56665582120527,189554600
2020-04-02,234.1462860107422,234.93658977911278,227.41467982960492,227.97255299682274,177660400
2020-04-03,230.7619171142578,235.53168926429757,228.00047157342487,233.151442438216,135561200
2020-04-06,246.26129150390625,248.25103250031225,230.74328944210214,239.73425210021753,188061200
2020-04-07,246.51234436035156,255.71715203820838,246.28920644985544,254.9547263445372,201427200
2020-04-08,254.7874298095703,256.61909623288375,246.62396839047977,249.143662441208,153774500
2020-04-09,258.66461181640625,261.4539497078501,256.1263041203319,258.08812481750016,189999200
2020-04-13,256.3029479980469,258.02304526223554,252.35138623892095,257.6790314843199,114839100
2020-04-14,263.8620300292969,264.8940712546655,256.1634598867207,261.2493529164219,134143400
2020-04-15,258.2555236816406,264.0015533069251,256.11701413244793,258.07886333356686,121775000
2020-04-16,259.5014343261719,260.36612235197066,256.3959745577285,259.5479119459874,131798300
2020-04-17,266.511962890625,267.1255922836456,262.56967920533435,265.3404318456314,146684800
2020-04-20,261.8164978027344,266.6513605545444,261.5933598948254,262.7648622859541,100109300
2020-04-21,253.86692810058594,258.5158242358719,252.91853512923709,257.2978157183958,126385700
2020-04-22,259.5014343261719,261.268009498391,257.46521518502306,258.8040997812474,92951600
2020-04-23,259.4827880859375,264.0015301260084,259.175973409421,260.7937802711861,104709700
2020-04-24,263.0996398925781,263.7783889712508,258.9435254408236,261.01694341774123,85063200
2020-04-27,266.8930969238281,268.0274286356941,264.63374037158457,265.09862995227377,77896600
2020-04-28,265.6658630371094,270.93769604489376,265.3590199628111,270.5843753530903,105270000
2020-04-29,272.62060546875,274.1733495261763,270.01723454119,271.05858291221404,118745600
2020-04-30,270.0822448730469,272.72281412861895,268.3249487432386,271.2258550134556,122901700
2020-05-01,262.9322204589844,270.2495769024132,261.75138292835146,265.2752534052553,125180000
2020-05-04,263.65753173828125,263.9643464327241,259.5293092380975,261.02624034140143,80873200
2020-05-05,266.0935363769531,268.93865872478136,263.7876735306755,266.51194840588573,79569900
2020-05-06,264.28973388671875,268.20409631883115,263.8527365338742,267.8136049500988,73632600
2020-05-07,267.4788818359375,269.4314238921035,266.9675146097415,267.5439731918854,75250400
2020-05-08,271.9046936035156,272.3788901836666,269.50584682999204,270.649485721985,76452400
2020-05-11,271.96044921875,273.35511818910254,269.5244319571389,269.95212249648876,79514200
2020-05-12,266.539794921875,273.5782013512031,266.400305353087,273.1598177686605,95870800
2020-05-13,261.8258361816406,267.0232986592604,259.37120540082725,265.97264359207634,144721100
2020-05-14,264.9591369628906,265.0892912750713,253.82037373115983,259.36187729781716,121977900
2020-05-15,266.1772766113281,266.2237542369149,261.5841635684552,262.5418353274159,111146300
2020-05-18,274.284912109375,275.9120259947696,272.1464309241307,272.4718310015181,119703800
2020-05-19,271.4676513671875,275.4099063452101,271.44906599686874,273.68053054339833,95189300
2020-05-20,276.07940673828125,276.9534016958716,274.8149202994118,275.0473651631408,85861700
2020-05-21,274.17327880859375,276.7673705679493,273.0668393561112,275.94916038043874,78293900
2020-05-22,274.6939697265625,274.8706300449226,272.629858763005,273.8850663607078,63958200
2020-05-26,278.078369140625,280.96999739968646,274.7125727527704,280.7282457117374,88951400
2020-05-27,282.2158203125,282.2530194175969,276.0234887329347,280.90482851021966,104817400
2020-05-28,281.6952209472656,285.29346211044543,281.01647187884606,283.25724327979765,90405200
2020-05-29,282.950439453125,283.5454834420559,278.44100423588,281.22103522436385,119090800
2020-06-01,284.093994140625,284.7076517547864,281.77885324939365,282.2995272781476,55758300
2020-06-02,286.4464111328125,286.4929171253195,283.67568681534993,285.02384985499845,74267200
2020-06-03,290.2584228515625,291.22540102788236,288.1757268175862,288.45464918834904,92567600
2020-06-04,289.49603271484375,291.0208841943324,287.3761373132049,289.2635879191614,75794400
2020-06-05,296.9156799316406,298.71014693910666,294.8887681291782,294.95385948168325,150524700
2020-06-08,300.504638671875,300.6998843524105,297.18532022972994,297.73388653430663,73641200
2020-06-09,298.26385498046875,300.5789959336958,296.93424926021106,297.8082439121536,77479200
2020-06-10,296.599609375,299.75157495651126,295.8743826249924,298.84968786198516,95000800
2020-06-11,279.5008544921875,290.2305122092479,278.9430097860382,289.58896242257265,209243600
2020-06-12,282.84814453125,287.3761650482097,277.63209643254294,286.5951538642937,194678900
2020-06-15,285.4887390136719,286.63237783282256,275.90271615337605,277.09283259033515,135782700
2020-06-16,290.983642578125,293.475471988561,286.06513184965166,293.3267039361018,137627500
2020-06-17,289.7749938964844,292.3133013713127,289.0311534988338,292.0157652122525,83398900
2020-06-18,289.88653564453125,290.3700105766524,287.77594723699747,288.2408368014011,80828700
2020-06-19,288.2298583984375,293.5902669454201,286.259376457288,293.3941620838033,135549600
2020-06-22,290.0788879394531,290.4804454668933,286.46481319355235,287.6228036445778,74649400
2020-06-23,291.4143981933594,293.7023932608422,291.0034927241014,292.7591745473895,68471200
2020-06-24,283.9808044433594,289.97626828531804,282.1224104336981,289.35056222958696,132813500
2020-06-25,287.025146484375,287.2959769494308,281.35654486798745,283.4017238465558,89468000
2020-06-26,280.2079162597656,286.1286820870505,279.6196016076711,285.9138815477473,127961000
2020-06-29,284.3262939453125,284.4663688645096,279.16198959476344,281.4779994235635,79773300
2020-06-30,287.9683532714844,289.6867004264842,283.72860084403385,283.88734290217144,113394800
2020-07-01,289.9855651855469,291.26499218565124,288.63146955691974,289.098404980476,72396500
2020-07-02,291.5824890136719,294.82302181709093,290.91010090029897,293.4595499347535,69344200
2020-07-06,296.0837707519531,296.67211400531124,294.6923121682505,295.44874535128827,61713800
2020-07-07,293.0299377441406,296.52260493072396,292.6470473494368,294.5241365162976,82910000
2020-07-08,295.27130126953125,295.3833612202514,292.0214487007318,293.8051170821588,54638600
2020-07-09,293.5903625488281,296.1304927483208,290.1350285313154,295.88767717426884,83354200
2020-07-10,296.5880126953125,296.85884319688637,292.0774294422769,293.5249177275487,57550400
2020-07-13,294.0199279785156,301.36948783260544,293.3568875804863,298.96011330908084,102997500
2020-07-14,297.8301086425781,298.61455674881154,291.36770972054484,292.5817304445896,93657000
2020-07-15,300.5662536621094,301.67756193888226,298.15685159166435,301.08921891006503,87196500
2020-07-16,299.5763854980469,300.0339730145946,297.9887939312302,298.6425148115598,54622500
2020-07-17,300.4449157714844,301.2387116536397,298.5958413224082,300.5943385198469,62774900
2020-07-20,302.8729553222656,303.6293883169463,299.41762229758507,300.17405529226573,56308800
2020-07-21,303.5173645019531,305.31038051767416,302.51811588410635,304.86214076348176,57292200
2020-07-22,305.24505615234375,305.5625973664487,303.04113430984114,303.1531942680049,57792900
2020-07-23,301.6029357910156,305.59058274600727,300.2208251082735,304.8808317471,75738000
2020-07-24,299.6604309082031,300.6970136920774,298.13821712693476,299.7258086962326,73766600
2020-07-27,301.8457336425781,302.02317138189983,299.5577386878363,300.36088242889383,48293000
2020-07-28,299.93133544921875,302.2379977580067,299.6324899154091,301.1079934269413,57495000
2020-07-29,303.6200256347656,304.18970155937103,300.78105083714854,300.81841364354995,48454200
2020-07-30,302.53680419921875,302.9570574976411,298.50250363196176,300.61303245433163,61861700
2020-07-31,304.9273986816406,305.03013926083787,300.08060829557604,304.3484035063364,84986800
2020-08-03,307.0473937988281,307.8224940369102,306.05749301309646,306.60847337500553,53077900
2020-08-04,308.2333984375,308.2333984375,306.17887124791883,306.17887124791883,41917900
2020-08-05,310.1477966308594,310.4093077965834,309.2793036857555,309.5501341792031,42697700
2020-08-06,312.2209777832031,312.3423855338045,309.23260865062025,309.55946909466877,43679400
2020-08-07,312.4451599121094,312.73465757970314,310.3252549597276,311.24045860212163,57308300
2020-08-10,313.3790283203125,313.56578537891374,310.94161073495115,312.9027450968508,44282100
2020-08-11,310.792236328125,315.21880394764565,310.0544988077709,314.5744307213765,69601100
2020-08-12,315.1253662109375,315.9098142659354,313.2296096198239,313.25762460394975,53774400
2020-08-13,314.5556335449219,315.88174238680034,313.621762909632,314.3501808651793,41816100
2020-08-14,314.5650634765625,315.1067245461142,313.42573986415215,314.16350583844905,47260400
2020-08-17,315.5643310546875,315.9658887168484,314.5744301435807,315.59234604275736,35481000
2020-08-18,316.24603271484375,316.6756053183714,314.3502475634696,315.965854365127,38733900
2020-08-19,314.92919921875,317.15178735321706,314.35952332123037,316.6288220863461,68054200
2020-08-20,315.9098205566406,316.39542312431615,313.0521781210031,313.18290521636834,42207800
2020-08-21,317.0304870605469,317.2546069451687,315.2280946567905,315.57365081155143,55106600
2020-08-24,320.242919921875,320.3176170303956,317.0023877874488,319.49580633932385,48588700
2020-08-25,321.3636169433594,321.447661895895,319.6359502537484,320.8126365881978,38463400
2020-08-26,324.5855407714844,324.85634283390004,321.41038516468694,321.96136561855786,50790200
2020-08-27,325.2951965332031,326.76138049891904,323.6142405275689,325.46331493334617,58034100
2020-08-28,327.3964538574219,327.5272094656776,325.12715436680105,326.3318558307454,48588900
2020-08-31,326.21038818359375,328.068781849318,325.97692049696616,327.18162173981716,66099200
2020-09-01,329.2828674316406,329.3855795453986,326.14504655570556,327.0509024202444,54908700
2020-09-02,334.0456237792969,335.0261767994066,330.0579768987018,331.21599616470536,69540000
2020-09-03,322.5496826171875,332.8129146497401,319.93482700733875,332.336631372699,148011100
2020-09-04,319.9161071777344,324.8282479048653,312.72529105890504,323.2406847419041,139156300
2020-09-08,311.1751403808594,319.9815653568162,310.86697549810737,314.44368880156253,114465300
2020-09-09,317.3199462890625,319.8133652017363,314.35021568033756,315.22805645469094,91462300
2020-09-10,311.81011962890625,319.87874812105133,310.83888606521725,319.2157078657849,90569500
2020-09-11,311.96893310546875,314.68650104067785,309.1112902250386,313.61255512800955,84680200
2020-09-14,316.07794189453125,317.87098659100815,312.11833833497127,315.17208596704944,65605700
2020-09-15,317.6747741699219,319.40241197832444,316.0871827519926,318.56193413920204,52920900
2020-09-16,316.41412353515625,320.3737267604865,316.13394518463355,318.9262383642859,82096000
2020-09-17,313.631103515625,315.36811767700027,310.9695665664268,311.5018796561603,91523300
2020-09-18,310.0203857421875,314.55840951161593,307.50760068708763,314.4459010186344,105877900
2020-09-21,306.5699768066406,306.71999766114936,301.656915429077,305.37922382926496,99450800
2020-09-22,309.6922302246094,310.2548013272841,305.52924412379343,308.07018502505576,63612100
2020-09-23,302.5102233886719,310.5361552510861,302.0039064467572,310.25485534399576,93112200
2020-09-24,303.3165283203125,306.4106267464723,299.8473633825088,301.1787808263067,76681300
2020-09-25,308.2202453613281,309.0171901941493,301.5726003704774,302.4539265874717,71069400
2020-09-28,313.33953857421875,314.061487167799,311.42680829658167,312.4300567444478,64584600
2020-09-29,311.633056640625,313.8833122138351,310.9298499856498,313.1332365606157,51304000
2020-09-30,313.995849609375,317.183714058884,312.11124661593215,312.3081364677158,104081100
2020-10-01,316.0118103027344,317.6057287621032,314.10846478619624,316.62125055524484,88698700
2020-10-02,313.01141357421875,315.9836469643129,310.5267552211133,311.0049450109112,89431100
2020-10-05,318.5620422363281,318.74954686774726,315.0460084947165,315.09287749918235,45713100
2020-10-06,314.03338623046875,320.8216950795828,313.51771270827516,318.7026895108574,90128900
2020-10-07,319.49969482421875,320.3154101853938,316.99626586867777,317.02439299790586,56999600
2020-10-08,322.3312683105469,322.39690781746,320.531046175657,321.45929867947905,45242500
2020-10-09,325.2096252441406,325.6784296545795,323.37191996701443,324.00010185341426,59528600
2020-10-12,330.4415283203125,331.9323231755609,327.2817906132557,327.7787222316718,80388500
2020-10-13,328.28509521484375,330.47909718518025,327.3099736901741,330.3009491581667,73255500
2020-10-14,326.2222900390625,329.9727260107386,325.4815995364166,328.8663542663475,57727900
2020-10-15,325.8191223144531,326.3066686858135,321.72177562783304,322.26557624921367,60357700
2020-10-16,325.6221923828125,328.86631106030853,325.4440444084783,327.1879831716845,89501900
2020-10-19,320.6717224121094,327.53499981212093,319.7622403697625,326.8974324417395,68425600
2020-10-20,321.95623779296875,325.2378698514806,321.26241617122287,322.031233935768,60051900
2020-10-21,321.34674072265625,324.10331345331286,321.0373137311335,321.9092832280509,63575000
2020-10-22,323.1094970703125,323.70019545251324,319.39657259963093,321.56244759199205,55399300
2020-10-23,324.2064514160156,324.4033413018358,321.7217931926183,324.3470870487443,49143900
2020-10-26,318.2151184082031,321.5811311382189,314.68031431922407,320.78415780016087,91473000
2020-10-27,317.1181945800781,318.8996463924833,316.90253415652336,318.5621208045501,65994100
2020-10-28,306.2793884277344,317.1462743349563,305.782456755137,311.3799841606688,127094300
2020-10-29,309.3922424316406,312.5988493363691,304.80732047506086,306.5137758012454,90597700
2020-10-30,306.1668701171875,309.1203329301285,302.4726881358898,307.79830072339996,120287300
2020-11-02,309.5984802246094,311.62369033409163,306.8231371892153,309.5984802246094,86068300
2020-11-03,315.0647277832031,317.14622075353344,309.68286167826824,312.8707263193772,93294200
2020-11-04,322.1062316894531,326.2317059230251,318.4026643741842,319.5934176061396,126959700
2020-11-05,328.3882141113281,330.2165633690293,327.094308927547,327.45060497682704,82039700
2020-11-06,328.3131408691406,329.57891862617254,325.95973333788027,328.09748051796964,74973000
2020-11-09,332.4387512207031,341.6460814167779,331.9699465705596,341.26165817003243,172304200
2020-11-10,331.95111083984375,333.0199702609409,328.6413520900718,331.4354087023405,85552000
2020-11-11,334.4170227050781,335.2514798562035,332.90745729953267,334.16384995628147,58649000
2020-11-12,331.1728820800781,334.463898977484,329.344561614286,333.39501093391186,67546200
2020-11-13,335.7577819824219,336.5078577221652,332.57927380077643,333.1043325413079,62892200
2020-11-16,339.9489440917969,340.1458339943813,337.1548586249361,338.45814903082425,74541100
2020-11-17,338.12060546875,339.33951452602435,335.9828577615732,337.511165246893,66111000
2020-11-18,334.05133056640625,338.94565064979196,334.01381819492605,338.3924647780704,70591300
2020-11-19,335.4577941894531,335.83283211963845,332.0542684612405,333.4138131484172,59940900
2020-11-20,333.1605529785156,335.4014519512744,333.0855568575748,335.1951768517466,70417300
2020-11-23,335.1577453613281,336.43290863345084,332.72934119344353,334.98898258832287,63230600
2020-11-24,340.558349609375,341.1115354979063,336.8735530256435,337.73613730101016,62415900
2020-11-25,340.0332946777344,340.50209919331934,338.92692288820746,340.47397206692654,45330900
2020-11-27,340.9803161621094,341.4584773489395,339.95829705665795,341.139693686533,28514100
2020-11-30,339.4706726074219,340.4645357422737,336.76099779290763,340.19262115223233,83872700
2020-12-01,343.1836242675781,344.7400585885432,342.16163392578363,342.76171739998676,74231400
2020-12-02,343.9056396484375,344.0650171671395,341.4772355847529,342.0585486314227,45927000
2020-12-03,343.8118896484375,345.21830332494636,342.6961325093224,343.80250440092175,62882000
2020-12-04,346.7746887207031,346.7746887207031,344.3087725127256,344.40253913390853,50749900
2020-12-07,346.0621643066406,346.5590960210278,344.77764432493564,345.9965247976405,48944300
2020-12-08,347.0747985839844,347.646726442409,344.730775662124,344.7776446751368,42458900
2020-12-09,343.9619140625,347.89985522890714,343.11807157066704,347.7404777008644,74098300
2020-12-10,343.8493957519531,344.90887000020473,341.6928776525128,342.57423249613083,57735400
2020-12-11,343.4461669921875,343.8587172433592,340.59585621952704,342.1335201082575,57698600
2020-12-14,341.908447265625,346.7277418839086,341.73029929473296,345.6401407959538,69216200
2020-12-15,346.53094482421875,346.53094482421875,343.0899354409927,344.4775786002746,63865300
2020-12-16,347.0747985839844,348.0030225047015,345.85588949648036,346.7466296522117,58420500
2020-12-17,349.0155029296875,349.22177801754276,347.89974612904535,348.7342317251352,64119500
2020-12-18,347.62200927734375,349.4769737830207,345.5881373775512,349.30749164191985,136542300
2020-12-21,346.37908935546875,356.3601163970188,340.88954028715665,343.6578635865335,96386700
2020-12-22,345.7953186035156,346.82166551823207,344.6559835859723,346.70867741540525,47949000
2020-12-23,346.10601806640625,348.036298279621,345.7764503204724,346.77455007522576,46201400
2020-12-24,347.4524841308594,347.48073115088,345.99300687058974,346.58619429102185,26457900
2020-12-28,350.4374694824219,350.8329278561514,349.401697277722,350.03255711908645,39000400
2020-12-29,349.7688903808594,352.160577213229,349.1756741156765,351.98166980831576,53680500
2020-12-30,350.2679138183594,351.31311114354594,349.8724554951741,350.59748157803176,49455300
2020-12-31,352.0475769042969,352.78202827011904,349.5523273111529,350.070199000767,78520700
2021-01-04,347.2548522949219,353.52595111642836,343.51667567526437,353.39411249570725,110210800
2021-01-05,349.6463928222656,350.7480840116502,346.55792762119466,346.6050251422412,66426200
2021-01-06,351.73681640625,354.96654596764,347.5655098304193,348.121053774637,107997700
2021-01-07,356.9627685546875,357.71604170897524,353.9590437199544,354.1379511228153,68766800
2021-01-08,358.9966125488281,359.2131634776402,355.0795292339374,358.36572406129244,71677200
2021-01-11,356.57666015625,358.3562799634416,355.66330148980535,355.7857148268843,51034700
2021-01-12,356.6519775390625,357.67832429486367,354.3827043735566,356.76499435991997,52547700
2021-01-13,357.6124572753906,358.6199535929383,355.7857398142084,356.5766851991233,45303600
2021-01-14,356.3600769042969,358.8741767085713,356.0211126532171,358.3657015964268,49989100
2021-01-15,353.7612609863281,355.5314555044502,351.8780496501976,354.7216884229659,107160000
2021-01-19,356.53900146484375,357.08514887638177,354.74995633725547,356.2471059893938,51233300
2021-01-20,361.4730529785156,362.3204924247387,358.4599030191362,358.85536135079406,61836100
2021-01-21,361.8026123046875,362.4711731287289,360.8704317351051,362.0380137604834,47840100
2021-01-22,360.52197265625,361.698979708259,359.54269474303186,359.92875650435366,52860500
2021-01-25,361.94390869140625,362.3016947985226,356.3601638191618,361.2659512883707,70402000
2021-01-26,361.37884521484375,363.31855058052645,361.1434437992461,362.9042417902327,42665300
2021-01-27,352.546630859375,358.11152458300415,350.2867826875505,358.017358255943,123351100
2021-01-28,355.57861328125,359.6275068457977,353.9402283365633,354.38275548943574,94198100
2021-01-29,348.46002197265625,354.6746252269963,346.76511450209534,353.6953472708183,126765100
2021-02-01,354.2603454589844,355.30551405961796,348.7519460154218,351.89690580581953,75817600
2021-02-02,359.26971435546875,360.8422088289255,354.34513396179295,357.48066891894405,64450700
2021-02-03,359.55218505859375,361.2941615578961,358.2621896938409,360.1077290394092,52427100
2021-02-04,363.6387634277344,363.6858322257528,359.6651856140704,360.59736620486206,47142600
2021-02-05,365.0699768066406,365.7856064102736,363.59167753909736,365.53138318897015,48669800
2021-02-08,367.7064514160156,367.75352020684556,365.67257965401774,366.5388408068623,38365200
2021-02-09,367.4616394042969,368.06428086991536,366.4447178504741,366.85899793867844,35551100
2021-02-10,367.30157470703125,369.3731189436838,364.8722444072554,369.2224585686974,59154400
2021-02-11,367.89471435546875,368.81749818430734,365.4371375430379,368.3937641719119,42913300
2021-02-12,369.7120666503906,369.95686458614784,367.0096342207289,367.08497876675017,50593300
2021-02-16,369.39190673828125,371.1527335452402,368.6668806899045,370.95497565752555,50972400
2021-02-17,369.47674560546875,369.7309688486623,366.59540517161923,367.62178086963996,52290600
2021-02-18,367.9042053222656,368.65747843938317,365.09820980027706,366.8401862110797,59712800
2021-02-19,367.2544860839844,369.46726532286857,366.8025049834271,369.17536984194413,83241000
2021-02-22,364.4296875,366.868443046135,364.1566137751426,364.45793452425914,67414200
2021-02-23,364.8722839355469,366.2376239760989,357.99857240336075,362.19812664477337,107284100
2021-02-24,368.8927917480469,369.32595098565423,362.7723557432394,363.770455315951,72433900
2021-02-25,360.0040283203125,368.9963783401292,358.54455124837585,367.6122170666872,146670500
2021-02-26,358.1491394042969,363.06432243322723,356.1435433499254,361.90616578339,152701600
2021-03-01,366.83074951171875,368.0925264835865,358.3469013815146,363.0737518253175,105348800
2021-03-02,363.96832275390625,367.29219015862975,363.45984756369796,367.0567887029538,79595300
2021-03-03,359.14727783203125,364.2413396525993,359.0436862570504,363.262090362115,119940200
2021-03-04,354.7029113769531,361.5766221262885,350.16436458811205,358.95895918844116,183433000
2021-03-05,361.2282409667969,362.2922601282463,350.88000232519676,358.24333790977084,152039600
2021-03-08,359.4297790527344,365.04174176101367,359.1473087975723,362.19810249544065,123149200
2021-03-09,364.5615234375,367.1415140860631,362.8101217396554,363.3185969081301,113633600
2021-03-10,366.83074951171875,368.5444788455436,365.5031107129432,366.9343410850183,109899400
2021-03-11,370.5501403808594,372.54634013873635,368.8646579026208,369.32606429854746,86245000
2021-03-12,371.0491638183594,371.19039893538013,368.35618513540584,369.17537754965355,64653600
2021-03-15,373.2618713378906,373.5255197508145,369.13763430067087,371.3033156400086,73427200
2021-03-16,372.7911071777344,374.59897398640015,372.0095583736193,373.88337321175214,73722500
2021-03-17,374.06231689453125,374.872084062615,370.3335373606462,371.4917228010157,97959300
2021-03-18,368.6198425292969,373.55384764027,367.93245996244,371.4446598802561,115349100
2021-03-19,367.937744140625,369.9121420972191,365.7366010584032,368.31561424381664,113624500
2021-03-22,370.8757629394531,372.2739142138957,368.40068029076474,368.45735937205956,73778600
2021-03-23,367.9566345214844,371.6975976242941,367.1630986408666,370.2333401355902,90686600
2021-03-24,366.0861511230469,371.0268887536122,366.03892816874804,369.3736817381601,97588600
2021-03-25,368.14569091796875,368.94865432455475,362.66647182279775,364.6314430947383,116128600
2021-03-26,374.0782165527344,374.4844261815647,368.7029301584536,369.3075165407248,114409100
2021-03-29,373.88934326171875,374.8056935585765,371.08361328718706,372.58566667138035,108107600
2021-03-30,372.89739990234375,373.57757768374887,371.28195965297925,372.60454838267634,76262200
2021-03-31,374.4088134765625,375.9864577809355,373.4452404709696,373.4735800055565,112734200
2021-04-01,378.4522399902344,378.5089479124536,376.1566502522446,376.3644832015472,99682900
2021-04-05,383.8841247558594,384.4320609722796,381.0689676654142,381.1445301626907,91684800
2021-04-06,383.65740966796875,384.7154576111067,382.9772318717166,383.3173351846648,62021000
2021-04-07,384.1014709472656,384.45100160477085,383.02453943034817,383.48742826546066,55836300
2021-04-08,385.92462158203125,385.9813006570309,384.4225684352593,385.3672581247743,57863100
2021-04-09,388.73040771484375,388.9004737942467,385.6790780243864,385.80189231464857,61104600
2021-04-12,388.87213134765625,389.14607063811485,387.51177570046843,388.1258183175467,56704900
2021-04-13,390.0245666503906,390.65752141974065,388.3808158360313,388.76814206359757,56551000
2021-04-14,388.6925964355469,391.06374802620905,388.14466025389737,389.9962440309382,61659900
2021-04-15,392.8681640625,393.142132191828,390.8087471046535,390.85597006538586,60229800
2021-04-16,394.1812438964844,394.79528645183314,392.7358697703559,394.17178777374835,82037300
2021-04-19,392.2445983886719,393.6899724622035,390.90315517252697,393.2365398616549,78498500
2021-04-20,389.37274169921875,392.1312193040961,387.8801159230548,391.0164924477366,81851800
2021-04-21,393.05706787109375,393.26490076751844,388.607558428953,388.74928495396665,66793000
2021-04-22,389.4672546386719,393.72781487497207,388.3903232548482,392.8870559418587,97582800
2021-04-23,393.6899719238281,395.1164625802666,389.95846494858955,390.03402743869714,73209200
2021-04-26,394.51190185546875,395.08817763703104,393.75616153139686,394.351320730685,52182400
2021-04-27,394.4268493652344,395.0125812201906,393.2743267307123,394.8141756176997,51303100
2021-04-28,394.3135070800781,395.8344726121784,393.8411621916665,394.7008333481329,51238900
2021-04-29,396.82635498046875,397.44985364501866,393.40658286279586,397.07198352913315,78544300
2021-04-30,394.2190246582031,395.39045956280563,393.3121305624169,394.5307884230832,85527000
2021-05-03,395.0693054199219,396.6185817770865,394.5686209543591,396.2312554803838,68128300
2021-05-04,392.6319580078125,393.5577643620585,388.90045071017227,393.0570799366174,101591200
2021-05-05,392.7547607421875,394.5307820721771,392.1879411303291,394.294609636373,60162200
2021-05-06,395.89117431640625,396.0234159013038,390.7992822901137,392.83035966042473,74321400
2021-05-07,398.7724304199219,399.43372477306895,395.97615684791066,396.66579074021297,67733800
2021-05-10,394.8236083984375,399.35810734474035,394.70079412691143,399.13139104631756,81852400
2021-05-11,391.2999267578125,392.3012955697625,387.3794701265392,390.25133499100633,116888000
2021-05-12,382.98663330078125,389.76949804803,381.6546174387772,388.48473396616635,134811000
2021-05-13,387.5872802734375,389.54279482771057,384.50758269499636,384.554834476722,106394000
2021-05-14,393.53887939453125,394.39855060528276,390.32693971643874,390.3552792583472,82201600
2021-05-17,392.5374755859375,393.35937988752505,390.4969422609501,392.4146901350111,65129200
2021-05-18,389.155517578125,393.047634931978,388.99490762746933,392.80200635908517,59810200
2021-05-19,388.13519287109375,388.3146862188776,382.9110600294818,384.41314200928207,106467100
2021-05-20,392.3107604980469,393.5860974338589,388.9004443190321,389.0232297703426,78022200
2021-05-21,391.9895324707031,395.06923000856034,391.52664375966594,393.812776607687,76578700
2021-05-24,395.985595703125,397.0719830962271,394.01116885271523,394.2567974011119,51376700
2021-05-25,395.10699462890625,397.4403792449848,394.52129165177274,397.08139256102805,57451400
2021-05-26,395.89117431640625,396.4012860676984,394.6536329444176,395.70222481838607,43088600
2021-05-27,396.0989074707031,397.44980666940745,395.81548329505625,396.9302389251792,56707700
2021-05-28,396.8074951171875,397.9505616552204,396.571322677036,397.6860496754365,58520200
2021-06-01,396.4579772949219,399.339269625766,396.0139719399427,399.19757192303746,54216600
2021-06-02,397.0813903808594,397.9316341348848,396.0989338960609,397.11918603939483,49097100
2021-06-03,395.60772705078125,396.76024973049454,393.25545873442013,394.73862860160705,58138800
2021-06-04,399.22589111328125,399.52819875012193,395.67384845451096,397.47820932299726,55938800
2021-06-07,398.8384704589844,399.3958338158141,397.8937809396859,399.2163405007765,51555000
2021-06-08,398.923583984375,399.8021385272715,397.07200015824367,399.7076637869331,47134300
2021-06-09,398.32843017578125,399.84939567559417,398.1017138596426,399.77380435045234,48436300
2021-06-10,400.17999267578125,401.14359462724616,398.23393418703716,399.56595013257123,51020100
2021-06-11,400.84124755859375,400.9546056994604,399.433669260101,400.73734553934565,45570800
2021-06-14,401.7387390136719,401.84264103933157,399.69820586323766,400.95463044155997,42358500
2021-06-15,401.00189208984375,401.9276695399214,400.1138814702221,401.88990270946545,51508500
2021-06-16,398.762939453125,401.37029214615194,396.6940956162795,401.14357585272023,80386100
2021-06-17,398.6307678222656,399.6226806096778,396.1273455443218,398.3473724057609,90949700
2021-06-18,393.2530517578125,396.011067236908,393.0445389152595,395.309719004667,118676300
2021-06-21,398.88287353515625,399.07244119817864,394.2103227736953,395.03488715231026,72822000
2021-06-22,401.015380859375,401.85891936134874,398.1436071916522,398.87341666503727,57700300
2021-06-23,400.53192138671875,401.90618533291934,400.4466246389372,401.09110823814666,49445400
2021-06-24,402.9013671875,403.32785092141427,402.44642228070194,402.70234144500665,45110300
2021-06-25,404.3325500488281,404.78749501687327,403.3279052195268,403.65963411764557,58129500
2021-06-28,405.1476135253906,405.3182070239673,403.6501334979557,404.86329102776284,53159600
2021-06-29,405.3656921386719,406.1807694061855,404.8254503642709,405.53628567038925,35970500
2021-06-30,405.70684814453125,406.38925114312417,404.8727968213665,404.90122907447613,64827900
2021-07-01,407.953125,408.1142604002193,406.4082382657489,406.474589837837,53441000
2021-07-02,411.0712890625,411.431450218518,408.0383804134689,409.1283509405635,57697700
2021-07-06,410.32257080078125,411.34618985307765,407.5550681683477,411.128189943579,68710400
2021-07-07,411.77264404296875,412.05699550322964,408.97670935614946,411.01443133019495,63549500
2021-07-08,408.4175720214844,409.18527188669304,405.19509529092045,406.38930793634034,97595200
2021-07-09,412.7773132324219,413.0806099049922,408.2184917799615,409.9434590657472,76238600
2021-07-12,414.255859375,414.51177860352203,412.2560565427198,412.69202744365936,52889600
2021-07-13,412.8436584472656,414.97616433425986,412.57828109384263,413.459709918716,52911300
2021-07-14,413.4597473144531,415.0520405029698,412.19921200267413,414.5591761420622,64130400
2021-07-15,412.0474853515625,412.78675282847234,410.12349249986374,412.1043498556356,55126400
2021-07-16,408.8155822753906,413.2891067891497,408.4175307164836,413.24172934012415,75874700
2021-07-19,402.7782287597656,408.8819367135208,399.934887623195,403.93452197892947,147987000
2021-07-20,408.5501708984375,409.8391671377289,402.6454892588068,403.45110829286904,99608200
2021-07-21,411.85797119140625,412.00016139400816,408.5028493196768,409.7633845555588,64724400
2021-07-22,412.7204895019531,412.9669216882614,411.04292842522887,412.03808638322425,47878500
2021-07-23,416.9665222167969,417.3077092860723,413.98101966478436,414.6728808632472,63766600
2021-07-26,417.99005126953125,417.999538328057,416.3219776346611,416.3693550793719,43719200
2021-07-27,416.0851135253906,416.96654242102517,413.22279799372444,416.9381101638745,67397100
2021-07-28,415.9144287109375,417.30766695039506,414.4738130246525,416.72004777472563,52472400
2021-07-29,417.6394348144531,418.72937650881437,416.84330273533806,416.8527897951727,47435300
2021-07-30,415.6112060546875,417.08025415315643,414.90982886745036,415.04253201129313,68951200
2021-08-02,414.7392272949219,417.9048104022537,414.3790661102858,417.3456234296735,58783300
2021-08-03,418.11334228515625,418.2365583722427,413.3270625530231,415.5448653486864,58053900
2021-08-04,416.056640625,418.0848755928648,415.8196955305695,416.8148533575928,46732200
2021-08-05,418.69134521484375,418.7766419527622,416.90951400333853,417.23175576568156,38969700
2021-08-06,419.38330078125,419.8098134910102,418.7293300523962,419.0136815002229,46930000
2021-08-09,419.04217529296875,419.6771719975136,418.26498838164866,419.3549301151535,41222600
2021-08-10,419.5633544921875,420.2836767384788,418.80514186111293,419.49700293288004,43339300
2021-08-11,420.6059875488281,420.70077137425017,419.50655880664993,420.6439068637895,44034300
2021-08-12,421.8664855957031,422.00867578329036,419.54444115923184,420.45430217040604,38909400
2021-08-13,422.63421630859375,422.65316150251556,421.82859724553487,422.321432603143,39470300
2021-08-16,423.62939453125,423.76206874302704,419.7434892166579,421.31680810691563,73740000
2021-08-17,420.8523864746094,421.7243281821232,417.8289649033754,421.0419251865227,92673900
2021-08-18,416.24615478515625,421.41156910853516,415.9997515697818,419.82876324459136,89351900
2021-08-19,416.890625,418.1038115397259,413.3459359666106,413.48809722549754,92812200
2021-08-20,420.2078552246094,420.53958411069095,416.74846295309345,417.24132721491486,72008700
2021-08-23,423.90423583984375,424.82358390863567,420.283708070048,421.9138913799483,54973000
2021-08-24,424.5771484375,425.1173901582532,424.05588083436186,424.5771484375,38744700
2021-08-25,425.468017578125,425.9892851240866,424.387534255134,424.7666694783315,40529700
2021-08-26,422.95648193359375,425.42068778416706,422.8616981107343,425.1837426889995,57829600
2021-08-27,426.7380676269531,427.11717395110264,423.71464624423027,423.77151074665477,77235100
2021-08-30,428.61468505859375,429.41081702035837,427.1740405262933,427.4204726539676,48357400
2021-08-31,427.9797058105469,428.86113462164343,427.37314140818734,428.519947568559,59300200
2021-09-01,428.20709228515625,429.44868206076984,427.9701472299024,428.92741450879413,48721400
2021-09-02,429.5245666503906,430.33964384420693,428.31140899459785,429.6477827201443,42501000
2021-09-03,429.42034912109375,429.94164571758415,427.97024620454016,428.3778137760402,47170500
2021-09-07,427.8848876953125,429.16439688975737,427.20248471987253,429.0696130746208,51671500
2021-09-08,427.3636169433594,428.08393922432873,425.4206499812604,427.34467175005574,56181900
2021-09-09,425.534423828125,428.9369517487631,425.2879916861643,427.16460715594775,57970400
2021-09-10,422.1793212890625,427.91338137851,422.05610520409203,427.4868975351088,89948200
2021-09-13,423.2597961425781,425.47762792992717,420.9187771883453,425.21225055116236,83738600
2021-09-14,420.9755859375,424.92781356629735,420.0751830885629,424.7193007446466,78197100
2021-09-15,424.4919128417969,424.9942353236554,420.28376532722336,421.402139317178,78792200
2021-09-16,423.81890869140625,424.9467405830493,420.8333777536637,423.96106994464213,77786700
2021-09-17,419.69049072265625,423.4652342286047,419.3291757295664,423.0373841183324,118425000
2021-09-20,412.69256591796875,415.08861400492685,407.76731243650124,413.49124861362145,166445500
2021-09-21,412.30267333984375,416.37216788294455,411.7702182793726,415.0600361208461,92526100
2021-09-22,416.3246765136719,418.3879619669121,412.416832958177,414.60370023522285,102350100
2021-09-23,421.3829345703125,423.00885200549953,417.9790235804786,418.2167277534638,76396000
2021-09-24,422.0771179199219,422.79974802246437,419.50990077840464,419.7285991032867,62094800
2021-09-27,420.8695068359375,422.2101328126967,420.1658827653251,421.03112942133527,61371100
2021-09-28,412.38824462890625,418.397413491631,411.64660871979066,418.06462182366096,130436300
2021-09-29,413.08233642578125,415.54494825344585,412.51184058933075,413.7859315146501,82329200
2021-09-30,408.0335388183594,415.2882466877489,407.6912296789132,414.5751340819144,140506000
2021-10-01,412.8826904296875,414.5846606777998,406.2174841914787,409.7830472992792,129240100
2021-10-04,407.55810546875,412.616428523891,405.3902154237439,411.70365256894723,128570000
2021-10-05,411.79876708984375,414.0712041819295,408.2712448418993,409.07941591881655,90682500
2021-10-06,413.51019287109375,413.71937371377385,406.5121956189314,408.15709000231993,113032200
2021-10-07,417.0852966308594,419.9567528910009,416.64792903206484,416.8285865435154,72437500
2021-10-08,416.3246765136719,418.2548626887255,415.6876454359941,417.86502427528825,74557400
2021-10-11,413.3105773925781,418.6066341924215,413.2440132493219,415.65909616447414,65233300
2021-10-12,412.2931823730469,414.65121851849034,411.49449973103214,414.24237425233275,71181200
2021-10-13,413.77642822265625,414.60363415633805,410.31547032522775,413.3295431874159,72974000
2021-10-14,420.73638916015625,420.88852331393775,417.00917493406746,417.484583283401,70236800
2021-10-15,423.9406433105469,424.311475756708,422.24819072156123,422.87573323432537,66260200
2021-10-18,425.1957092285156,425.53798930193824,421.4684951126115,422.13407838865146,62213200
2021-10-19,428.47607421875,428.5426093386264,426.22261414691326,426.8406682478149,46996800
2021-10-20,430.158935546875,430.4632038186614,428.8277981285839,428.9418914763489,49571600
2021-10-21,431.2809143066406,431.5091010138907,429.11305353790203,429.5504210656717,41305400
2021-10-22,430.8340759277344,432.3078592824566,428.8658783149524,430.8435933804396,58845100
2021-10-25,433.14459228515625,433.4773839766654,430.14003665789966,431.9370653654463,45214500
2021-10-26,433.53436279296875,435.9399278188588,433.15404192648214,434.7133952006861,56075100
2021-10-27,431.61376953125,434.6754007100142,431.5376879398753,434.00032892384615,72438000
2021-10-28,435.7783508300781,435.85440340468415,433.049511331318,433.05899976775305,51437900
2021-10-29,436.66259765625,436.95734853094274,433.1540814854882,433.4488323601809,70162400
2021-11-01,437.41375732421875,438.0412998777548,435.66425794009956,437.6609499544298,48433600
2021-11-02,439.1822204589844,439.4960062139577,437.45172713041956,437.5848553941349,48908400
2021-11-03,441.8635559082031,442.2724001417978,438.1648648671922,438.61174989498437,52509800
2021-11-04,443.94586181640625,444.0314318437602,442.12028084964794,442.472078412089,52847100
2021-11-05,445.4862060546875,447.5019330819236,443.95540489373764,446.19931867375465,66390600
2021-11-08,445.86651611328125,447.1025953661768,445.17243841828224,446.5986636216514,50405200
2021-11-09,444.39276123046875,446.4750523466281,442.9665360285309,446.2373481463051,51149100
2021-11-10,440.8175964355469,444.39267620974437,439.31531894423523,442.6811888848832,69429700
2021-11-11,440.96026611328125,442.40552611905025,440.9412602245931,442.3294445310498,34848500
2021-11-12,444.28814697265625,444.8491253916542,441.28356246161394,442.2438966960916,53466700
2021-11-15,444.44024658203125,445.75237828092077,443.29928394310963,445.5907556899695,46980500
2021-11-16,446.1993103027344,447.34979051525664,444.0980132826273,444.1740658599185,48857500
2021-11-17,445.1153869628906,446.1137329879032,444.487844398136,445.93307547608174,47858300
2021-11-18,446.6271667480469,446.89339427995975,443.40388400635703,446.1612468047309,50625600
2021-11-19,445.8284606933594,447.7776233405202,445.45762824880177,446.5130208680076,57315600
2021-11-22,444.5733947753906,450.2497719337331,444.3642139297191,447.7301133494792,72762000
2021-11-23,445.1629333496094,446.02818014572006,441.6068876955981,444.2406398651069,73206500
2021-11-24,446.3514404296875,446.4750512562137,442.31046903406605,443.1376750065096,61858800
2021-11-26,436.3963928222656,441.083912735613,435.2554010426323,439.6006408320655,112669600
2021-11-29,441.7494812011719,443.6130739628271,439.0206416888775,441.24554946911013,86268800
2021-11-30,433.15411376953125,441.20753349918743,432.90689210783074,439.2773764904249,148559600
2021-12-01,428.34295654296875,441.8160429933335,428.14329314515095,438.93506932974725,131939200
2021-12-02,434.903564453125,436.49144115207093,428.1622773511272,428.5616331431633,127637800
2021-12-03,431.1192932128906,437.6608873151002,426.8406183374879,436.5864888870163,137331600
2021-12-06,436.2252197265625,438.1268532041968,431.2524377365643,433.6960437193141,98977500
2021-12-07,445.24853515625,445.8190310975064,436.09216379980296,441.56887840925816,95484700
2021-12-08,446.42755126953125,446.88395383858716,443.86985142516727,445.64790344526,72238800
2021-12-09,443.41339111328125,446.5320688500467,443.2137277231615,445.1248496332703,61272600
2021-12-10,447.58746337890625,447.73959753946315,443.56552713506284,446.1517498312818,77159800
2021-12-13,443.62261962890625,447.4163695319882,443.33735716717035,447.06457194414503,87724700
2021-12-14,440.5704040527344,442.8333523996285,437.61337809828905,440.31369399445657,97264100
2021-12-15,447.4543762207031,447.7015688487448,438.07930781222103,440.6275187996596,116899300
2021-12-16,443.5084228515625,449.61264928677076,441.9395522193486,449.3274159081612,116568600
2021-12-17,438.7882385253906,443.4349791298813,437.0612164345751,440.3912155292583,135511600
2021-12-20,434.1224060058594,434.52313567976995,430.4584462515728,433.6453274578758,107134800
2021-12-21,441.83203125,441.97514900646394,435.39147014201933,437.5860200573119,69806300
2021-12-22,446.2497863769531,446.3642805827982,441.37402790855924,441.5744218873552,58890200
2021-12-23,449.0263671875,450.54347358398275,447.15622729931926,447.26117061044425,56439700
2021-12-27,455.3810119628906,455.42870816890434,450.37168735180654,450.41938355782025,56808600
2021-12-28,455.0088806152344,456.85994767395795,454.2360157124085,455.81991995433503,47274600
2021-12-29,455.59100341796875,456.62148041138266,454.1025204727222,455.1139248042726,54503000
2021-12-30,454.3315124511719,457.04131550398193,453.863984724026,456.0203602742119,55329000
2021-12-31,453.18646240234375,454.9993551259938,452.90977779995495,453.8353113809829,65237400
2022-01-03,455.8104248046875,455.94402078870445,452.1273920142774,454.46505966747395,72668200
2022-01-04,455.65777587890625,457.97640008982404,453.7780849614112,457.2512312733586,71178700
2022-01-05,446.9081115722656,456.0680256464751,446.81269003761014,455.2856098282898,104538900
2022-01-06,446.48834228515625,449.23631980191306,444.0933982890746,446.4406460704692,86858900
2022-01-07,444.7230224609375,447.6904658046968,443.3490340828881,446.4977695819846,85111600
2022-01-10,444.1697082519531,444.389145762566,435.66816447394604,441.4885289655664,119362000
2022-01-11,448.21533203125,448.31075357226626,440.8683101514859,443.90255209183425,74303100
2022-01-12,449.4271240234375,451.5072088965817,447.4424898147318,449.9710006281913,67605400
2022-01-13,443.2346496582031,451.20186822247496,442.1946217886936,450.5434974150273,91173100
2022-01-14,443.4159240722656,443.7689575684762,438.8168794946931,440.0477504051449,95890900
2022-01-18,435.56317138671875,438.87409773502543,434.43727298133973,438.66418200533064,109709100
2022-01-19,431.0404968261719,438.540158123314,430.76378309670434,437.12802416306374,109357600
2022-01-20,426.2696838378906,437.7100181331932,424.1228303658475,432.94878352869137,122379700
2022-01-21,417.90179443359375,427.51968650800586,417.87317088141214,425.13429343097664,202271200
2022-01-24,419.6764831542969,420.1917361756069,401.4711772931895,412.22451803942744,251783900
2022-01-25,414.5527038574219,419.5620294475353,407.56826576046444,413.2073386332775,167997300
2022-01-26,413.51263427734375,423.6839530877649,409.1998252822503,420.51614433103884,186391100
2022-01-27,411.4707336425781,421.34626629506744,409.76281325301744,418.16893569276084,149878300
2022-01-28,421.6898193359375,421.73751555226005,408.2075723811442,412.8447627607558,164457400
2022-01-31,429.28485107421875,429.63788456422157,419.64785794069275,421.012295690161,152251400
2022-02-01,432.1855163574219,432.83433626642204,426.45102225461,430.0195608726778,123155400
2022-02-02,436.3837890625,437.1184796033078,432.28089574588796,434.6185924680603,117361000
2022-02-03,426.1265869140625,432.20456327064403,425.2773730778354,430.2771763198244,118024400
2022-02-04,428.1303405761719,432.02328907897765,423.4835706254172,425.8880653676078,118454400
2022-02-07,426.75634765625,430.3153352851843,425.4109825444908,428.9032013012466,84472900
2022-02-08,430.2676086425781,431.2026930911698,424.8098288196751,426.2506153708013,81012000
2022-02-09,436.5650939941406,436.88950394832347,434.15107743982577,434.3514422988808,92589900
2022-02-10,428.72198486328125,436.7273498390678,426.69917595264826,430.64937221578464,140103700
2022-02-11,420.2680969238281,430.9069445070273,418.81778837705025,428.8078160144726,153214600
2022-02-14,418.8940124511719,421.35575391625946,415.38272153885555,419.7527770804492,123006300
2022-02-15,425.6495361328125,425.8212774417239,422.86338427445924,423.388188209778,88482700
2022-02-16,426.1265869140625,427.51964819300014,421.68021112274323,423.57897452394656,84863600
2022-02-17,417.0239562988281,426.09800086720514,416.41331081374534,422.90156832540976,102259100
2022-02-18,414.32373046875,418.5506402744767,412.02420790590264,417.2815947725328,132642900
2022-02-22,409.87725830078125,415.53540272020405,406.33731461649074,412.0909096848985,124391800
2022-02-23,402.606689453125,413.398206322555,402.03418924220057,412.82570611163055,132578000
2022-02-24,408.6654968261719,409.1044300817511,391.8151071349742,392.17766239338056,213942900
2022-02-25,417.6822814941406,417.76815214116806,408.24565355040596,409.9154285192575,121804500
2022-02-28,416.6136474609375,418.1116811978968,410.9555024630074,412.2245186798255,145615000
2022-03-01,410.2685546875,417.12894780919123,407.53009885465707,415.096588158927,137785900
2022-03-02,417.8159484863281,419.56204350980624,411.78566744251617,412.5489816248802,117726500
2022-03-03,415.7358093261719,420.88825218251793,413.91336565066376,420.2776067398688,105501700
2022-03-04,412.35809326171875,413.50306432874675,408.26475108457515,411.95733446119215,113978200
2022-03-07,400.2021179199219,412.48211552013856,400.13531993238763,411.7664976728666,137896600
2022-03-08,397.1679382324219,407.62549308949895,396.08973592731866,400.38344336766914,164772700
2022-03-09,407.81634521484375,409.82008122178485,403.4367670228745,405.6504187851822,116990800
2022-03-10,405.97479248046875,406.8812242969528,401.1658323171435,403.15046636629705,93972700
2022-03-11,400.8128356933594,409.1139861459758,400.2975826345479,408.49378976848914,95636300
2022-03-14,397.883544921875,405.08741999905317,396.7290228847727,401.59523033702686,95729200
2022-03-15,406.6331787109375,407.2724477159236,399.23846055687824,400.5265494566032,106219100
2022-03-16,415.64990234375,415.7071494390392,405.32591575433656,410.1826009136886,144954800
2022-03-17,420.85009765625,420.85009765625,413.33133471750034,413.71299175062893,102676900
2022-03-18,425.4596252441406,425.7850430387921,418.47265019814836,419.219203776238,106345500
2022-03-21,425.3351745605469,427.31639357395176,421.7842332897094,425.28730096720227,88349800
2022-03-22,430.31219482421875,431.25973563713376,426.7421215856696,426.7421215856696,74650400
2022-03-23,424.7704162597656,429.2593174406841,424.6842788488617,427.74707865644325,79426100
2022-03-24,431.1736145019531,431.1831950629387,425.6893275182375,426.81872377149887,64736900
2022-03-25,433.279296875,433.55687026463494,429.20195028908876,431.81490227441645,77101300
2022-03-28,436.36126708984375,436.36126708984375,430.76210046636845,432.67634346864855,68529800
2022-03-29,441.7593688964844,442.25709071647043,437.57675306698206,440.29497432811587,86581500
2022-03-30,439.0315856933594,441.42438912702926,436.8971945152764,440.60124955715315,79666900
2022-03-31,432.27435302734375,439.08905319343927,431.81492420830403,438.25636219126596,121699900
2022-04-01,433.4994201660156,434.0162446710411,429.88150258570784,433.87268230853397,89048800
2022-04-04,437.2130432128906,437.3183417554345,432.8677330935869,433.70042403695504,59601000
2022-04-05,431.6903991699219,438.1988120308005,430.532290628032,435.70073957155597,74214500
2022-04-06,427.3738708496094,429.6805371113204,424.45466203209503,427.72803033123233,106898000
2022-04-07,429.52734375,431.36502961975174,424.5120371525295,426.48370482446757,78097200
2022-04-08,428.37884521484375,431.3076344524145,426.81873261130204,428.7616879448412,79272700
2022-04-11,421.05682373046875,425.9189871816048,420.54955059948986,425.06713518690975,89770500
2022-04-12,419.4967346191406,426.63685188095405,417.92704154758025,424.08132496387395,84363600
2022-04-13,424.30145263671875,425.06713801380846,419.06599781582406,419.2478532044622,74070400
2022-04-14,419.0181884765625,425.6606133703745,418.912889933217,424.53118791252734,97869500
2022-04-18,419.1904296875,420.8941044849907,416.93160816205983,418.080165440626,66002500
2022-04-19,425.95733642578125,426.6847288624643,418.9129073958592,419.08518224593973,77821000
2022-04-20,425.64141845703125,428.3788006493394,424.46417791498675,427.7566776266864,65224400
2022-04-21,419.2766418457031,430.7142554513806,418.3578133844673,429.3072856783804,85417300
2022-04-22,407.77203369140625,419.2957550024111,407.19775497543907,418.1759392548525,132471800
2022-04-25,410.1361389160156,410.30841377400196,400.8807612582423,405.5036744107504,119647700
2022-04-26,398.2582092285156,407.7719980148025,398.22949675568077,407.5709814959325,103996300
2022-04-27,399.3780212402344,404.7857803167525,397.2149468186532,399.3493087676611,122030000
2022-04-28,409.4660949707031,411.21764345200137,399.69389386588324,404.18279547184125,105449100
2022-04-29,394.333984375,407.60925242796685,393.5778503526472,405.42701698376715,145491100
2022-05-02,396.7076416015625,398.08589859174003,387.65325319489165,394.4009757945157,158312500
2022-05-03,398.5262145996094,400.96686249453666,395.63568926772007,397.21496295046654,100028200
2022-05-04,410.66253662109375,411.23681534635347,395.97071617759474,399.19621086621555,144247900
2022-05-05,396.0663757324219,406.77656576541443,391.88376018846617,406.3458494827587,172929100
2022-05-06,393.7023620605469,397.013994337255,388.3329243601076,393.4726622429116,151770800
2022-05-09,381.0970458984375,388.9837169953362,379.4986402866201,387.7298902809223,155586100
2022-05-10,381.9776306152344,388.66790081055547,377.89073216836243,387.14608107213195,132497200
2022-05-11,375.9093933105469,386.71530104470975,375.15325929951763,381.0012856737671,142361000
2022-05-12,375.51702880859375,378.8286608701771,368.6353231983451,372.67437691389415,125090800
2022-05-13,384.49481201171875,385.89220108458835,378.6467850380676,379.6996244254463,104174400
2022-05-16,382.9346618652344,386.64829722586575,380.5514391474065,382.8293925413417,78622400
2022-05-17,390.8117980957031,391.05107843409303,385.3179016641324,389.0985426943039,83029700
2022-05-18,375.0575256347656,386.48555589850696,373.8036991118229,386.1984312020403,117674500
2022-05-19,372.760498046875,377.23984846720896,370.51125688018453,371.95651956348877,98510700
2022-05-20,372.9232177734375,380.0059103299585,364.22298770544137,376.38799258674203,131432200
2022-05-23,379.900634765625,380.6759007543842,373.64105269987766,375.9859825786953,76414900
2022-05-24,377.00054931640625,378.20650237684345,370.3676760433841,375.72756154107805,91448800
2022-05-25,380.3313293457031,382.322158232038,375.0863227219556,375.4882973563894,91472900
2022-05-26,387.93084716796875,389.5866775979574,381.36500880962234,381.5755766723433,82168300
2022-05-27,397.4542236328125,397.56907352208646,390.21838851829534,390.4193758245248,84768700
2022-05-31,395.22418212890625,398.602819925166,392.4485355635167,395.8175927976894,95937000
2022-06-01,392.0273742675781,398.39222611807,389.4814276855756,397.3681283574194,86585800
2022-06-02,399.492919921875,399.54076430883373,389.5867074721466,391.8646611047075,79609600
2022-06-03,392.9366149902344,396.28653978158474,391.95078114856943,394.71684671616225,71874300
2022-06-06,394.1330261230469,398.7463290328403,392.94617573503086,396.99480973775064,57508900
2022-06-07,397.91363525390625,398.3730640339569,390.1322337203945,390.60124306118365,59272400
2022-06-08,393.58746337890625,397.99022766185874,392.78348490778,396.1812541950544,64350000
2022-06-09,384.226806640625,394.08514510729896,384.226806640625,391.78805965195056,86289800
2022-06-10,373.0859375,378.8095344085753,373.03809311008894,377.9481309269711,132893900
2022-06-13,358.92047119140625,365.4384646115204,357.29335337172944,363.5625151272863,170004900
2022-06-14,357.8389587402344,361.73444969159317,354.699601842966,360.6911909126714,104011800
2022-06-15,362.9403991699219,367.43885163708615,356.16396418575096,361.1792703199507,125666800
2022-06-16,350.9285888671875,355.0346482425019,348.4687796249131,354.62309301149935,134473300
2022-06-17,351.6850280761719,355.06866722021977,348.1380212112785,351.3486120189523,111113900
2022-06-21,360.5382385253906,361.94166385185497,357.40453506864367,357.4814519643187,76811900
2022-06-22,359.8846130371094,364.04683820617265,355.8377045480305,356.2606594938497,90059400
2022-06-23,363.4123229980469,364.15247931701344,358.4426475196226,362.04735634902335,79292100
2022-06-24,374.96661376953125,374.97623571387663,366.59408476446487,366.62292126230477,98050300
2022-06-27,373.5344543457031,376.19712282537705,372.42901584581267,375.89913582110756,66009600
2022-06-28,365.90203857421875,377.92735881386756,365.7866925642309,375.1108861742609,86548900
2022-06-29,365.6040954589844,367.4593124576316,363.75850040739067,366.4596273610202,65676000
2022-06-30,362.6337890625,365.91167520884255,358.12549653489356,361.66291121412695,112508300
2022-07-01,366.4691467285156,366.91134551173366,359.31740132876354,361.9704766872776,74839700
2022-07-05,367.1612548828125,367.1804987732208,358.45227973550385,361.3168325624548,81438000
2022-07-06,368.4013671875,370.9198532493303,364.89278860513633,367.30552125117083,70426200
2022-07-07,373.9189147949219,374.72636621264735,368.42052999642806,370.1988592387146,64525900
2022-07-08,373.61138916015625,375.5050646876894,370.71799916075025,372.2656072677405,72397800
2022-07-11,369.3432922363281,371.88099205795385,368.641565006935,370.90052179383423,58366900
2022-07-12,366.0750732421875,371.19858364143073,364.30636589794364,368.7858219336144,62219200
2022-07-13,364.15252685546875,367.122833133627,360.14410654160366,360.56706144628384,84224600
2022-07-14,363.26824951171875,364.3640660703582,356.66442564838934,359.1348312126431,89704800
2022-07-15,370.20843505859375,370.32378105601134,365.79627464618386,367.72837877332427,79060400
2022-07-18,367.15167236328125,374.01502366714607,365.9116441410167,373.33254024846696,63203600
2022-07-19,377.0718078613281,377.6485672171722,370.45839249794153,371.1216320216828,78506000
2022-07-20,379.4749450683594,380.9072361713655,375.8798577308148,377.26406844226284,71843800
2022-07-21,383.3392028808594,383.3872539360509,376.45660793703985,378.88858390074046,64903900
2022-07-22,379.7825927734375,384.675381819805,377.53325747129935,383.464219324932,72197300
2022-07-25,380.2439880371094,381.1091124451077,377.97540895048166,380.41700705166886,53631500
2022-07-26,375.74530029296875,378.79246480437615,374.8417174784014,378.5809873512817,52946400
2022-07-27,385.5021057128906,387.27081319256195,378.7829064773039,379.0808934837309,82342100
2022-07-28,390.3371276855469,391.03882560536124,382.72396927233643,386.31908570908456,73966600
2022-07-29,396.0278015136719,397.0275158449995,391.01004463526397,391.7886595530168,87003700
2022-08-01,394.8550109863281,397.39274022870995,392.57683956907914,393.29778137631985,69997500
2022-08-02,392.2500915527344,396.99869818290057,391.0581435895228,393.26902048939,63435400
2022-08-03,398.3924865722656,399.5748124570477,394.1148864366176,394.4032514487109,67820600
2022-08-04,398.12335205078125,399.007691013396,396.4603688539502,398.31558562147103,45656600
2022-08-05,397.450439453125,398.10408636104154,393.7303841759186,393.78805717748776,56814900
2022-08-08,396.9891052246094,401.4397251889581,395.8740447467108,399.16155316734324,53886100
2022-08-09,395.41259765625,396.7583499720345,394.3263738579095,396.2488855476589,44931800
2022-08-10,403.71783447265625,403.8620463181089,400.57453840835655,402.5547231096879,68665700
2022-08-11,403.71783447265625,408.48568460313226,402.9680560841444,406.60160201850204,59489700
2022-08-12,410.5523986816406,410.6581227492092,404.71756835768804,405.67882425282875,61694500
2022-08-15,412.2442321777344,412.77294057641893,408.25502566317454,408.31269867609217,54048300
2022-08-16,413.05169677734375,415.00304519815904,410.3409479360524,411.1580213671769,59289000
2022-08-17,410.1198425292969,412.8594278359943,408.09160656890475,409.4085225181949,63563400
2022-08-18,411.311767578125,412.00384360787325,409.01435208364535,410.3216459201027,49023200
2022-08-19,405.7845458984375,408.7836593629302,404.9001776366309,408.5145089067629,68016900
2022-08-22,397.3350830078125,401.06476013232896,396.4218782816351,400.8917117969701,77695600
2022-08-23,396.3738708496094,399.32493346298486,395.81632600746724,396.9025498533495,49105200
2022-08-24,397.6427001953125,399.02688156067626,395.4510381419546,396.14311415703696,49177800
2022-08-25,403.2564697265625,403.30452078721123,398.04644987039785,399.1518882821356,50942300
2022-08-26,389.6065979003906,403.6889899352568,389.5489248974377,403.14109640720415,103087000
2022-08-29,387.03045654296875,390.1160796790773,385.6558676860806,386.61712355834385,65370800
2022-08-30,382.78173828125,388.44355012427417,380.6573707643266,388.20323612757954,85652400
2022-08-31,379.86907958984375,385.69428769137926,379.7345190252092,384.4350448752678,76029700
2022-09-01,381.0610656738281,381.40710370684076,374.92824851702744,377.66783361918215,78740100
2022-09-02,377.0429992675781,386.00191116388805,375.20699700543383,384.7715048034439,99632100
2022-09-06,375.6203308105469,378.85013626077574,373.3709957287376,377.89850239333316,76637400
2022-09-07,382.3683776855469,383.14699263189715,375.082070738466,375.30314082495886,70964200
2022-09-08,384.86761474609375,385.3289987709693,378.8501438499422,380.0709575312253,80821700
2022-09-09,390.8466491699219,391.72139554652983,386.8670357204222,387.13618619513227,76706900
2022-09-12,395.04736328125,395.77792719853437,392.6346014330005,392.94221038082594,69256300
2022-09-13,377.86962890625,387.482186093714,376.7353541985764,386.2613725563803,122947100
2022-09-14,379.31158447265625,380.84959978158463,375.96640337587723,379.1866165118705,85023700
2022-09-15,375.005126953125,380.6188575885891,373.7170476362562,377.7350900428589,87633800
2022-09-16,372.1442565917969,372.8102500746001,368.8142891777807,370.7736826530603,103084800
2022-09-19,375.0302429199219,375.0302429199219,368.88189420997304,368.95912707468705,73278500
2022-09-20,370.7253723144531,372.6847361625828,367.9359467810863,371.66162180576845,77274900
2022-09-21,364.2585754394531,375.76379769118904,364.2489139676984,372.6751312117435,106746600
2022-09-22,361.19891357421875,365.1369358939574,360.4460550665168,363.4767825877799,89472600
2022-09-23,355.1470031738281,357.72408266182606,350.64914672465915,357.68546623470564,122346900
2022-09-26,351.6336669921875,357.3283679418057,350.39820634733576,353.66060243681915,92581200
2022-09-27,350.7360534667969,357.5117791780384,348.3133804866412,355.2145875092273,108294100
2022-09-28,357.63720703125,359.3456083197045,349.9831427404017,351.70120549927145,110802200
2022-09-29,350.16656494140625,354.3362261872467,347.1840864336314,354.04667660618315,112952300
2022-09-30,344.75177001953125,353.17801673419126,344.61665669325873,349.21101053353664,153711200
2022-10-03,353.8536071777344,355.726106261923,346.7110997775249,348.5160274774265,89756500
2022-10-04,364.8183288574219,364.84728381282974,353.8150039669056,359.442132976314,103602800
2022-10-05,363.9689636230469,366.2564935892926,358.0426232733326,360.3977246243655,88065700
2022-10-06,360.21441650390625,365.5423360018422,359.7124911933681,362.5501954519728,82333500
2022-10-07,350.16656494140625,360.3012126585015,348.3809306429675,356.13152195695596,107789500
2022-10-10,347.4929504394531,351.53716008098354,345.22474318780775,351.2958589303228,76042800
2022-10-11,345.2922668457031,350.3982071710006,343.33290278428467,345.77486912147816,92482800
2022-10-12,344.1533203125,347.29989646454476,343.90235771219085,345.707314902231,76991800
2022-10-13,353.2359313964844,354.72235473968067,335.99736178900645,337.05909274843236,147254500
2022-10-14,345.1861572265625,357.37669714694573,344.5394571251949,355.7261759226217,123737000
2022-10-17,354.0563049316406,355.17594563311036,344.84824619168785,351.34408277200447,93168200
2022-10-18,358.2164001464844,362.3860912302778,354.73199610450035,362.07721867835807,97162900
2022-10-19,355.6778869628906,358.9113281900581,352.8305216757492,356.15082778024464,79746900
2022-10-20,352.6954040527344,359.7027986288326,351.92322272638836,355.2242353031429,88283100
2022-10-21,361.2663879394531,361.7586221873889,350.8904399267158,352.41545002296243,131038400
2022-10-24,365.6871032714844,366.83569923129176,360.1275147235568,362.8108120912189,85436900
2022-10-25,371.5265808105469,371.8450853793675,365.49405184592376,365.6098716891313,78846300
2022-10-26,368.7274169921875,374.093951721316,368.0807464644786,368.34134107861,104087300
2022-10-27,366.7584533691406,371.60376984198695,366.1310468165304,369.74093203916163,81971800
2022-10-28,375.48382568359375,375.9664279100701,366.46881962770016,366.6522108302173,100302000
2022-10-31,372.7716369628906,374.88543726090984,371.8547103237635,372.99364461103545,96631300
2022-11-01,371.14044189453125,376.80621732952864,369.953259153097,376.56491619272265,85407600
2022-11-02,361.82623291015625,375.10745723633005,361.720074546058,370.54202901028134,126990400
2022-11-03,358.1005554199219,361.17956034159533,355.9578001053984,358.5445412726377,87100100
2022-11-04,363.2547607421875,365.687065754513,357.1257055796122,363.88213784733455,103505200
2022-11-07,366.7294921875,367.32791431456917,362.4632749806646,364.56741389703893,68286900
2022-11-08,368.7080993652344,371.7195325319543,364.5770255034541,367.8490532672433,84641100
2022-11-09,361.11199951171875,367.878093142339,360.61007427112315,366.71017437534283,78495500
2022-11-10,380.9565734863281,381.2944009586985,372.22148438253384,374.54760134940835,141455800
2022-11-11,384.64373779296875,385.4545062133873,379.9142111569621,381.82532708376226,93839900
2022-11-14,381.3716125488281,386.25554515730494,381.09169498505867,382.858035785753,71903500
2022-11-15,384.6243591308594,388.3114476524272,380.7635408563061,387.191806818122,93194500
2022-11-16,381.6901550292969,383.93906869355703,381.0531164850205,382.97386413356963,68508500
2022-11-17,380.5222473144531,381.2075637799826,376.5649320685598,376.87377515035627,74496300
2022-11-18,382.2498779296875,383.96794049615585,379.3639263461618,383.9003691222214,92922500
2022-11-21,380.8600158691406,382.0472279325985,378.9971783721253,380.9082937644888,51243200
2022-11-22,385.98529052734375,386.14938826002486,381.4005689519804,382.8290822784632,60429000
2022-11-23,388.4176025390625,388.9098367974529,385.41580126814495,385.6474409191522,68261600
2022-11-25,388.3306884765625,388.8905235456464,387.568198178851,387.8480862576911,30545400
2022-11-28,382.1341552734375,386.86365190438426,381.36197392293786,385.20349882044343,67881600
2022-11-29,381.47784423828125,383.47579547647257,379.6149768783477,382.2692896645585,52310000
2022-11-30,393.49456787109375,393.49456787109375,379.78868149193926,381.7287225286576,144566700
2022-12-01,393.205078125,395.73390961499217,390.6665851626051,394.5466972820921,76398200
2022-12-02,392.75140380859375,393.66833049697027,388.1473885118186,388.25354687813,85342700
2022-12-05,385.6860656738281,390.8402542099499,384.3154917681712,389.8943726441116,77289800
2022-12-06,380.1265563964844,386.07222092002036,378.0127851896364,385.5220766239501,77972200
2022-12-07,379.4798583984375,381.87357650086983,378.3312625246142,379.2675122001918,65927900
2022-12-08,382.45263671875,383.5336610884183,379.58597806260593,381.39093529149324,60737900
2022-12-09,379.59564208984375,383.7846262783676,379.4701607861436,381.1978851684284,81447700
2022-12-12,385.06842041015625,385.06842041015625,379.72117821394653,380.3968038192263,75405800
2022-12-13,387.9832763671875,396.2068085763035,385.1841890472731,395.9462139503626,123782500
2022-12-14,385.50274658203125,391.3905010712862,382.52026763013123,387.6358406953883,108111300
2022-12-15,376.0726623535156,381.497107338881,374.3932158229351,380.5801512125836,117705900
2022-12-16,371.6327209472656,374.8422166925355,369.4704496163077,373.4847309619178,119858000
2022-12-19,368.4813537597656,372.1659912311167,366.7941952533003,371.82661244427356,79878100
2022-12-20,368.985595703125,370.62428426038457,366.3772703470594,367.7153738639664,74427200
2022-12-21,374.5028076171875,375.64697186511654,371.0702852824355,371.61327948792604,78167400
2022-12-22,369.16015625,374.4834532825559,363.3908049445934,371.41939717330354,100120900
2022-12-23,371.2835998535156,371.429039443263,366.5517679273062,368.1225746785062,59857300
2022-12-27,369.8194885253906,371.5163530122188,368.12262403856244,371.1672979500218,51638200
2022-12-28,365.2233581542969,371.7490237119467,364.9906548184755,369.751544912614,70911500
2022-12-29,371.7975158691406,372.6798888580042,367.5698842736494,368.10320223797714,66970900
2022-12-30,370.8182067871094,370.96364639380494,366.9396594567332,369.08257816226285,84022200
2023-01-03,369.257080078125,374.69672812801167,366.3578460279055,372.69927875869115,74850700
2023-01-04,372.1078186035156,374.16344383395204,368.4619748568753,371.5454127025299,85934100
2023-01-05,367.8608093261719,370.24610753892307,367.2596392522316,370.1297558589303,76970500
2023-01-06,376.2966003417969,377.4310883093404,367.8898666606057,370.9926863693283,104189600
2023-01-09,376.0832824707031,381.74598693229115,375.89907871834697,378.51708009701446,73978100
2023-01-10,378.7207336425781,378.78861532136347,374.5416013431654,375.4918560732584,65358100
2023-01-11,383.5107116699219,383.5882991798433,379.49643096495055,380.3206281098179,68881100
2023-01-12,384.906982421875,386.3905254134234,380.5048530375986,384.62580907978474,90157700
2023-01-13,386.4002380371094,386.9820259950069,381.39690894473443,381.6684060462913,63903900
2023-01-17,385.6924133300781,388.0777411267566,385.00397949817483,386.38087675294776,62677300
2023-01-18,379.6031188964844,387.9710896015496,379.39950344455025,386.89480690750094,99632300
2023-01-19,376.8396911621094,379.20557792508555,375.5015875334553,377.5378013082219,86958900
2023-01-20,383.8598327636719,384.0149782072945,376.58755654305355,378.25533307328743,91806400
2023-01-23,388.4656066894531,390.4242624270123,383.70468631853214,384.674323145417,84178800
2023-01-24,388.0486755371094,388.96981278131835,385.5664075918585,386.7687478053796,59524900
2023-01-25,388.1941223144531,388.53350113320556,381.6102797581424,383.9277260541941,84800300
2023-01-26,392.46051025390625,392.625361536423,387.8838231940515,390.88970331060733,72287400
2023-01-27,393.36224365234375,395.766953530763,391.1902667240724,391.4035880003109,68346200
2023-01-30,388.42681884765625,392.828978394241,388.12623379402066,390.56970798224273,74202000
2023-01-31,394.137939453125,394.18640945210655,388.6012925487081,388.9503771506525,86811800
2023-02-01,398.3268127441406,401.1096954061681,390.13339898045155,392.90654621373955,101459200
2023-02-02,404.12518310546875,405.6087260745303,400.343605889328,402.26346761931126,101654500
2023-02-03,399.8297119140625,404.30942887636985,398.60796016399155,399.09277852945274,94736800
2023-02-06,397.38623046875,398.8019214799618,395.7087777693734,397.3474663028563,60295300
2023-02-07,402.58349609375,403.8440120683523,395.1948685823552,396.4553845569575,90990700
2023-02-08,398.18133544921875,401.94353086806785,397.4831957880822,400.58604530223727,76227500
2023-02-09,394.72943115234375,401.9823248815129,393.48829726408144,401.82717944660936,78694900
2023-02-10,395.650634765625,396.0384835935151,392.71263624767846,393.5368039103316,70769700
2023-02-13,400.2951354980469,400.4308988497679,395.84450626622424,396.30994256945445,64913500
2023-02-14,400.11090087890625,402.4476992787752,396.1062965854902,398.75338583024995,88389300
2023-02-15,401.4102478027344,401.4878057256822,397.0371764235173,397.8904615307759,61555700
2023-02-16,395.8833312988281,400.37275464167595,395.74759752734957,396.37785556064415,76431500
2023-02-17,394.894287109375,395.1366963059818,391.7817317194485,393.730711129276,89257800
2023-02-21,386.9723205566406,391.88838589903276,386.7105292912516,390.82177957361756,82655900
2023-02-22,386.4390563964844,388.9504121435248,384.9651895305076,387.38928151695194,83742300
2023-02-23,388.49468994140625,389.98793892233294,384.21858803532103,389.3673571569208,96242400
2023-02-24,384.3446350097656,385.1882142813148,381.68783967804217,383.41379197815615,108194400
2023-02-27,385.65362548828125,389.1055298638057,384.70337084453803,387.7286326935627,80444700
2023-02-28,384.228271484375,387.156563842999,384.12159605361234,385.16882032398394,96438600
2023-03-01,382.75445556640625,384.64525933373403,381.43576360285186,383.40412530116606,99706800
2023-03-02,385.731201171875,386.58448626417436,380.41758101862564,380.7569598063764,85127800
2023-03-03,391.91748046875,392.1695954929354,386.9141512863153,387.5734971746838,90120000
2023-03-06,392.1889953613281,395.0785236609956,391.74297072143537,392.7513716819784,72795900
2023-03-07,386.17718505859375,392.38288340571194,385.55663297845956,392.14047423874524,108310600
2023-03-08,386.8075256347656,387.5735174019799,384.5482553177289,386.2936193139277,74746600
2023-03-09,379.67095947265625,389.2897689515942,378.67223481429073,387.60258090246896,111945300
2023-03-10,374.1925964355469,381.2224642762703,372.65087724622197,379.11833908874365,189253000
2023-03-13,373.6591796875,378.5364806328997,369.0921991748916,370.2169812832957,157790000
2023-03-14,379.83575439453125,381.50353052324886,375.2978326362323,378.64309072873465,149752400
2023-03-15,377.460205078125,377.6638205167476,372.0593211039184,374.1731517764956,172996900
2023-03-16,384.08282470703125,384.4319093478442,374.56101366986553,375.07491999833877,143254200
2023-03-17,379.59185791015625,383.88427957586276,378.19024962323573,382.73574852805046,140553400
2023-03-20,383.2418518066406,383.66040945643573,379.66972024400764,380.3802375233419,93055800
2023-03-21,388.2740478515625,388.7607165792042,385.0328174912838,386.6485612315224,91524200
2023-03-22,381.65533447265625,391.7585819883391,381.61642236134196,388.0988533633796,111746600
2023-03-23,382.6871032714844,388.64392379045967,379.9422844977912,384.5558945656442,119351300
2023-03-24,385.19830322265625,385.2859000303675,379.01760435587744,381.39255015572286,107682400
2023-03-27,385.91851806640625,388.28375041210535,385.0133214559245,387.5050627063962,74010400
2023-03-28,385.0522766113281,385.9185314405702,383.1931986358876,385.2177273330947,62871700
2023-03-29,390.64898681640625,390.89232117598993,388.0501627863361,389.2668345842544,77497900
2023-03-30,392.9363098144531,393.5689731668523,391.0480329323453,393.3158959443329,69840000
2023-03-31,398.474609375,398.7763415903642,393.7636302558497,393.8707128150531,112062600
2023-04-03,399.99298095703125,400.40176599461336,397.54989479433317,397.9489666574283,67391100
2023-04-04,397.7737731933594,400.937119463949,396.38187825933784,400.64510044740217,66601500
2023-04-05,396.73236083984375,397.8030380033646,395.05821919431185,397.0340930808493,65200200
2023-04-06,398.2799072265625,398.5621833713296,394.8634836691037,395.92441780176136,63743300
2023-04-10,398.6886901855469,398.76657380626693,395.14575774413447,395.76867819040456,63681000
2023-04-11,398.7958068847656,400.21687119365475,398.01714883428133,399.32141740598786,59297900
2023-04-12,397.1702880859375,401.18046286166015,396.57656656882966,400.88844383851193,86420400
2023-04-13,402.44580078125,402.8059308530377,397.11190133710227,398.2701751757108,85814800
2023-04-14,401.4627380371094,404.0226201667192,399.12673420421424,401.80341206988373,78161500
2023-04-17,402.9032897949219,402.92274584971403,400.1292722361705,401.37514293257703,66436400
2023-04-18,403.16607666015625,404.6358256413118,401.77421130528586,404.49954414726284,63560000
2023-04-19,403.0979309082031,404.01284065902394,401.1707123262414,401.22911018897685,55227300
2023-04-20,400.8982238769531,402.6697051216665,399.3311351746603,400.24607473164843,75840400
2023-04-21,401.2096862792969,401.676869218609,399.23381255472265,401.1999434000945,73457400
2023-04-24,401.6282043457031,402.05647516546554,399.6523306697582,401.0052541700854,64332100
2023-04-25,395.25286865234375,400.1974396579536,395.1944707801746,399.63288728844816,97766700
2023-04-26,393.5787353515625,396.96596052869705,393.0142126739916,395.87582728655804,80447000
2023-04-27,401.4140930175781,401.686626309786,395.89525672049297,396.14833395750776,92968400
2023-04-28,404.8402099609375,404.8499528400004,400.4601917441596,400.518589610738,89335600
2023-05-01,404.4314270019531,406.4851546297592,404.1978058305228,404.3924851893981,62122300
2023-05-02,399.8858947753906,403.75978794224466,396.94642680803423,403.71110325466196,103998500
2023-05-03,397.14111328125,402.8351429837371,396.8977789324591,400.39205661662845,91531800
2023-05-04,394.32818603515625,396.41111262734955,392.97523278984136,396.08018147546466,94901900
2023-05-05,401.6282043457031,402.68913851614656,397.7445977387526,398.007388135648,87844000
2023-05-08,401.73529052734375,402.2219592534578,400.3142261641833,401.9591688347608,50046800
2023-05-09,399.9735412597656,401.102616238175,399.73994978281917,400.1682206264883,49220100
2023-05-10,401.8424072265625,403.48735003686534,397.96851314423265,402.84494369935913,96142900
2023-05-11,401.14154052734375,401.4335298607705,399.0391282149725,400.9663469272877,70157100
2023-05-12,400.6159362792969,402.6112957685378,398.1631367285106,402.39716035271437,70439400
2023-05-15,401.9980773925781,402.4068624545101,399.2922006873979,401.22913255184045,54289400
2023-05-16,399.31170654296875,401.8131910291643,399.3019636627888,400.8787656489812,57705500
2023-05-17,404.158935546875,404.7721132125985,399.69132004461545,401.35571883081343,87287000
2023-05-18,408.0522155761719,408.4804863735137,403.6137997708998,403.83764834412545,97177200
2023-05-19,407.45849609375,409.50251056679645,406.222368293831,408.9671868803819,103679700
2023-05-22,407.62396240234375,409.1813081232912,406.222354223881,407.47796773873284,60745400
2023-05-23,403.0492858886719,407.55584286464847,402.65021398477086,405.95955524904446,86383500
2023-05-24,400.1293029785156,401.81318752027346,398.95157293924603,401.4238584672152,89213700
2023-05-25,403.5943908691406,405.0641400082568,401.4141243612359,403.68198768020073,90961600
2023-05-26,408.8211364746094,409.5511394753617,404.17832808322765,404.25618200025934,93830000
2023-05-30,408.9769287109375,411.31293268499286,407.57532038572384,410.7776089610705,72216000
2023-05-31,406.70904541015625,408.0425129180875,405.1225006686962,407.1275733702995,110811800
2023-06-01,410.57318115234375,411.6438582121454,405.6772953144276,406.9426220280753,88865000
2023-06-02,416.510498046875,417.308612034078,412.64634789311964,413.1816715105737,91366700
2023-06-05,415.7123718261719,418.1651711585969,415.0018248951281,416.86090272520363,65460200
2023-06-06,416.61761474609375,417.15293844559983,414.6319980919554,415.293890112602,64022200
2023-06-07,415.1770935058594,418.1652467220997,414.7488226349499,417.0167156155255,85373300
2023-06-08,417.68829345703125,418.1457632344052,414.4665489603408,415.2452070178747,61952800
2023-06-09,418.4377136230469,420.47198508506995,417.43517735795615,418.49611148673,85742800
2023-06-12,422.2337646484375,422.3116482769107,418.7005747338686,419.43057780532433,76104300
2023-06-13,425.01751708984375,425.6696365204742,423.04164333535215,423.71324852468234,95899700
2023-06-14,425.523681640625,427.3535608954838,422.02940357582685,425.35823089960877,100612100
2023-06-15,430.7991638183594,432.06449062916386,424.599008978394,424.6963189608391,110303100
2023-06-16,429.3316955566406,433.38604396325655,428.85299819574124,432.809645353499,114121300
2023-06-20,427.10430908203125,428.26688554723484,425.00386607669554,427.3681054754282,76160400
2023-06-21,424.9159240722656,426.9186657205313,424.3199672614879,426.1078078795827,76982300
2023-06-22,426.4497985839844,426.5572491119716,423.60686154285787,423.9488010837805,70637200
2023-06-23,423.22576904296875,425.0331379202763,422.50283341774065,422.9522234160524,92074500
2023-06-26,421.49658203125,424.5935061786807,421.2523437943885,422.6493793538192,72823600
2023-06-27,426.11761474609375,426.74284917973586,421.92647791383797,422.38564702892654,72813700
2023-06-28,426.3325500488281,427.35833881179315,424.3981723027974,425.02340674295726,75636000
2023-06-29,428.0128173828125,428.1789124927861,425.5020711081389,425.91237462697876,67882300
2023-06-30,433.063720703125,434.06020202092293,430.94371959416844,431.26613077720606,104921500
2023-07-03,433.56195068359375,433.84524556804314,432.42868170308367,432.71200640177057,32793400
2023-07-05,432.9171447753906,433.65963852239565,431.7154819713015,431.7252610408894,58418400
2023-07-06,429.52716064453125,429.95702235075805,426.9870768752562,429.29270146449466,80658300
2023-07-07,428.4427185058594,432.438482440406,428.1984802602594,428.5208914404252,86076100
2023-07-10,429.52716064453125,429.7030050295587,427.50486077399677,428.08125946774646,62443500
2023-07-11,432.2626037597656,432.76085931617644,429.3122165166555,430.2989485591981,64463800
2023-07-12,435.7406005859375,437.1669735443351,434.65619698151386,436.1020982683206,91924500
2023-07-13,439.198974609375,440.0000831998298,437.137618154442,437.5772291022,72425200
2023-07-14,438.9254455566406,440.95749469184375,438.15364433353807,440.0978010901068,69761800
2023-07-17,440.449462890625,441.5143380247665,438.7300161639623,438.77888169983765,52680200
2023-07-18,443.7222900390625,444.3768318598502,439.67769026644436,440.1173310466819,80744400
2023-07-19,444.7090148925781,445.91064799435,443.6441098923527,444.52339143853806,65891700
2023-07-20,441.75860595703125,444.61132187128146,441.0356702684686,443.70276272523813,70591600
2023-07-21,441.75860595703125,443.70276272523813,441.7488567005911,443.4975811263975,71245400
2023-07-24,443.7320861816406,444.5527231639823,441.87585153965716,442.9211984560918,54023400
2023-07-25,444.9434509277344,446.21347782846067,443.4096276511776,443.4584931868903,55191200
2023-07-26,445.0118408203125,446.4577120825388,442.93092629914895,443.9958014202504,71052900
2023-07-27,442.0614318847656,448.8512668295463,441.14309372438333,448.44093347127927,92194400
2023-07-28,446.3893737792969,447.2295390407471,442.061449370216,445.3733343206396,80011800
2023-07-31,447.2392883300781,447.60075614241094,445.5393699652003,446.86804144792967,62040400
2023-08-01,445.9595031738281,446.7117462287747,444.9922994583383,445.75432158355653,55291500
2023-08-02,439.755859375,443.06771454697815,438.9938372263311,442.8039479696757,93933400
2023-08-03,438.49560546875,440.40067585100246,437.0594832858535,437.71405495073117,64276100
2023-08-04,436.5123596191406,442.46199970340473,435.9847966607325,440.33224935749195,100052300
2023-08-07,440.32244873046875,440.4787647776866,437.66513555624056,438.36854286160207,58357500
2023-08-08,438.40765380859375,440.31272406281704,435.00784667378764,437.75308218770624,71361300
2023-08-09,435.476806640625,438.8473064696528,434.7050054104256,438.6812113387593,78789600
2023-08-10,435.633056640625,441.2896220903451,434.4509520191639,437.86050798552606,93005500
2023-08-11,435.37908935546875,436.40490787249684,433.13210942829295,433.7378155053105,68664600
2023-08-14,437.7823791503906,437.7823791503906,434.1383636694306,434.4509957738728,47867400
2023-08-15,432.68267822265625,436.34625154711455,432.10624978308044,435.9847539351431,75707500
2023-08-16,429.5075988769531,433.9429436965957,429.4001185516448,432.26258347060406,80107200
2023-08-17,426.2348327636719,431.2563556808056,425.7072697956283,430.9925891039035,95711300
2023-08-18,426.44000244140625,427.48534935080414,423.0304458685143,423.38213465247577,98758400
2023-08-21,429.2145080566406,429.966751099539,425.2871679071468,427.4657539176368,68719000
2023-08-22,428.0519714355469,431.01213797438686,427.48535178674433,431.01213797438686,65062900
2023-08-23,432.8194885253906,433.4447527592997,428.9800703719316,429.12660735980415,68441000
2023-08-24,426.8209533691406,434.9589576519521,426.79161616139623,434.4411738238049,88517300
2023-08-25,429.8299865722656,431.12932086531316,424.9745292637403,428.56970893060037,102325100
2023-08-28,432.55572509765625,433.18095952187946,429.83001784641607,432.04769045034504,61595400
2023-08-29,438.8081970214844,439.09152172911735,432.26260023499714,432.4482236833527,83081900
2023-08-30,440.61553955078125,441.26033204626697,438.4369238378933,439.1501101921964,69053900
2023-08-31,439.9707946777344,442.39361906506304,439.78517122041615,441.2408216669476,66084600
2023-09-01,440.79144287109375,443.2142971344519,439.3162342455974,442.7258206162601,58875700
2023-09-05,438.8863525390625,440.6644141397317,438.8179884884516,440.3420327706711,55166200
2023-09-06,435.93597412109375,438.17320486611897,433.58151378493005,438.06572453141547,70758500
2023-09-07,434.5975036621094,435.28135280377876,432.54589660862825,432.89758534190344,70355400
2023-09-08,435.2520751953125,436.80542683538584,434.28490129838195,434.6463691259524,61659700
2023-09-11,438.11456298828125,438.4271652739135,436.1801854113515,437.90938140223244,60180100
2023-09-12,435.7112731933594,438.1927422425825,435.1251252255622,436.64916957031585,67565400
2023-09-13,436.2192687988281,437.3915944437112,434.82220342934176,435.9359440969303,60199300
2023-09-14,439.98052978515625,440.6839371233629,437.40138942122456,438.72028190714184,83430800
2023-09-15,434.67950439453125,438.7089598848143,434.2383427915536,438.37562781165224,111761400
2023-09-18,434.93438720703125,436.24811819832,433.88535315896445,434.36573906609357,55752200
2023-09-19,434.0324401855469,434.6010883699413,431.3167456810257,434.00302941183014,66514600
2023-09-20,430.0422058105469,435.72850770017635,429.8363004909828,435.3069433362331,82562600
2023-09-21,422.9343566894531,427.4245711330259,422.77748925255304,427.159874162922,103976100
2023-09-22,421.9833679199219,425.5912292061107,421.56177359401596,423.97357677415033,100829700
2023-09-25,423.7578430175781,423.7970374330622,420.31663317687844,420.75782466598395,70874500
2023-09-26,417.5323791503906,421.39515405026265,416.68922035487924,420.67945192658254,96168400
2023-09-27,417.6990051269531,419.2872767272579,414.0127250278903,418.7186285208834,104705800
2023-09-28,420.1205749511719,421.8166760173577,416.5421245318838,417.1401834888594,92258300
2023-09-29,419.1009826660156,423.38532158430377,417.5617490282726,423.2088569418552,115078500
2023-10-02,418.934326171875,420.1990493555368,416.1401828253966,418.2578484168517,83798600
2023-10-03,413.3263854980469,418.9930901741113,411.9440194024064,416.72837101640704,103760600
2023-10-04,416.33624267578125,417.0911391343346,412.31660079435824,413.7970128576621,87453000
2023-10-05,416.17938232421875,417.0323246811002,412.91466676522356,416.0421121006544,70142700
2023-10-06,421.1205749511719,422.679405697232,412.35580591151177,413.6989476909811,113202700
2023-10-09,423.8166809082031,424.39511271261716,418.64017552152256,419.19898019803634,80374400
2023-10-10,426.0226135253906,428.6500758108276,424.05200185161056,424.45396905428936,78607300
2023-10-11,427.7677307128906,428.02261412667553,424.6892632623498,427.1010665239066,62451700
2023-10-12,425.1598205566406,428.7676815824962,422.77745824223615,428.38534154261254,81154200
2023-10-13,423.0421447753906,427.8951315209917,421.45390327156525,426.67941648397607,95143100
2023-10-16,427.4931945800781,428.5716394797072,425.07160781793976,425.316707571519,75433200
2023-10-17,427.4736022949219,429.55207350698925,423.97360026727137,424.32652957987915,75324700
2023-10-18,421.7774353027344,426.6500194127167,420.6793932361585,425.6794340001902,93559800
2023-10-19,418.071533203125,424.33629709672346,417.38527186327997,422.50295577657073,121323000
2023-10-20,412.93426513671875,418.1794058713674,412.826405686557,417.630384814372,123845800
2023-10-23,412.2185363769531,416.1303485538782,409.61067156547034,411.3851912810497,92035100
2023-10-24,415.3264465332031,416.49312377432966,412.49307897063755,414.36564471127423,78564200
2023-10-25,409.3656005859375,413.64996945398013,408.84599029988897,413.6205586800304,94223200
2023-10-26,404.4635925292969,409.1498985183066,403.5322314377385,408.2871725369038,115156800
2023-10-27,402.6302795410156,406.4734570280164,401.1890917233159,406.0714898223282,107367700
2023-10-30,407.44403076171875,408.5126621179571,404.140090805768,405.4538219203933,86562700
2023-10-31,410.00286865234375,410.32638715377004,406.09105634595556,408.02244354863467,79665200
2023-11-01,414.37548828125,415.1990199370774,410.4440783057468,410.9833157638023,98068100
2023-11-02,422.3166809082031,422.4735483378235,418.19899315902586,418.21859036795234,94938900
2023-11-03,426.1696472167969,427.738291613609,424.52258406387557,424.6500407220308,100110800
2023-11-06,427.1500549316406,427.6010301071179,425.17944331101864,426.93436594868996,67831700
2023-11-07,428.36572265625,429.0127895786735,425.9931738600998,427.1500374853103,64256100
2023-11-08,428.6794738769531,429.50300546800065,426.3461194092833,428.97358161682587,61746000
2023-11-09,425.3363342285156,429.8755867661766,424.90495623879804,429.83636242545526,83174400
2023-11-10,431.9736022949219,432.28733716521367,425.3264980675604,427.4343799178175,89462200
2023-11-13,431.56182861328125,432.6794678903552,429.8265331928285,430.6206539716291,52236100
2023-11-14,439.9344482421875,441.23836573046316,437.34618055499016,437.5716830930029,97176900
2023-11-15,440.8658752441406,442.5325657391276,440.0031192194136,441.2874396909572,77327600
2023-11-16,441.405029296875,441.7285477853014,439.3363719577196,440.41481678481,66665800
2023-11-17,441.9541015625,442.57175775870127,440.48350296941317,441.4148641267252,83133200
2023-11-20,445.3560485839844,446.2089909063294,441.6893360671345,441.69914963110705,69936200
2023-11-21,444.38543701171875,445.2285956966268,443.1011167353494,444.2972046934265,49244600
2023-11-22,446.10113525390625,447.4344934312076,444.9933095334768,446.0619408364875,59394900
2023-11-24,446.3756408691406,446.57173263169045,445.81683619273804,446.1501682535509,29737400
2023-11-27,445.5717468261719,446.56192946772256,445.17956329193873,445.7383979007583,50506000
2023-11-28,446.0129089355469,447.32664000240914,444.61094554920174,445.1795638034484,62115000
2023-11-29,445.69921875,449.33652093877504,445.2972814496463,448.18944083171374,63146000
2023-11-30,447.4541320800781,447.8070913053535,444.45411330256195,446.5521816854735,79752700
2023-12-01,450.1011962890625,450.64040378256834,446.23842175479484,446.8364507959776,89097900
2023-12-04,447.7384338378906,450.12079629179925,445.43449014156994,446.6698024892576,72430900
2023-12-05,447.6502380371094,448.62082357838926,445.9541368117821,446.33650682465384,69793500
2023-12-06,445.8463134765625,449.84632872244134,445.4051219047096,449.8169179456116,69124700
2023-12-07,449.24822998046875,449.9050805343139,447.3462535885612,447.954096161756,66995400
2023-12-08,451.17962646484375,451.71883394074496,448.2482131441039,448.4933128912231,83080900
2023-12-11,452.93450927734375,453.1110038301833,450.4639146510127,450.67960362057033,65002200
2023-12-12,455.00323486328125,455.10128075857807,451.57183796373823,452.58164785454176,68327600
2023-12-13,461.2777404785156,461.5326537987916,455.02278992254185,455.3855327740707,93278000
2023-12-14,462.7581787109375,464.444466323076,460.0522676795184,463.23856468529027,119026000
2023-12-15,461.9962158203125,463.3448333750126,460.12591131096633,462.15371925824917,141319300
2023-12-18,464.594970703125,465.5891979977767,462.54748612125485,463.62045011337096,70375300
2023-12-19,467.4201354980469,467.49890223898143,465.0674973148692,465.146234015094,55761800
2023-12-20,460.94293212890625,468.46353310540064,460.5098052095539,466.553845335722,102921000
2023-12-21,465.3135681152344,465.5891916136435,461.5138691292639,463.96495059871324,86667500
2023-12-22,466.2486877441406,467.9516653912484,464.3291766799616,466.45539784997686,67126600
2023-12-26,468.21746826171875,469.13292883513145,466.5834038825501,466.6621706221802,55387000
2023-12-27,469.06402587890625,469.2116759586534,467.46934493622075,468.01073857552973,68000300
2023-12-28,469.2411804199219,470.08772752484174,468.8179068674619,469.4282138576518,77158100
2023-12-29,467.88275146484375,469.57587575803996,465.90415033202015,469.0443054458009,122234100
2024-01-02,465.2643737792969,466.26845450409985,463.1381222947102,464.7820401233181,123623700
2024-01-03,461.46466064453125,463.8271520560434,460.85435361763393,463.0790182601264,103585900
2024-01-04,459.978271484375,463.60076051558326,459.7518546546583,460.9823221278168,84232200
2024-01-05,460.6082763671875,463.0888879305801,459.1415387397865,460.1849727336451,86060800
2024-01-08,467.18389892578125,467.3315490152744,460.9823248006786,461.1102982251427,74879100
2024-01-09,466.47509765625,467.50867821085495,463.9846329489776,464.49649655038183,65931400
2024-01-10,469.1132507324219,469.98935797404295,466.46528238377533,466.75075924281816,67310600
2024-01-11,468.9065246582031,470.6488556888523,464.88043891433455,470.12713871081326,77940700
2024-01-12,469.2313232421875,471.1213342667353,467.80399917305715,470.37320052191546,57944000
2024-01-16,467.5086975097656,469.1624384816832,465.66792309023396,467.8335577253936,85014900
2024-01-17,464.90997314453125,465.40216011094293,462.5277750091871,464.44731619447595,68843900
2024-01-18,469.0443115234375,469.60541185803214,465.03793256834524,466.60308346955065,91856200
2024-01-19,474.8915100097656,475.17698686216823,469.0935631567449,470.18620380449687,110733300
2024-01-22,475.8956298828125,477.63796107585904,475.23608607441344,476.44687692832025,75844900
2024-01-23,477.2835693359375,477.52966283909075,475.3443813701725,476.4468754577852,49945300
2024-01-24,477.8052673339844,481.1324259207397,477.3032270260809,480.1874353770752,81765000
2024-01-25,480.4040222167969,480.67964572380765,477.80529058508233,479.96104191877174,72525000
2024-01-26,479.7937316894531,481.4770028066331,478.93733112177756,479.9709117984805,76641600
2024-01-29,483.5934143066406,483.74109444230595,479.5575048545731,480.1087519028763,61322800
2024-01-30,483.2193603515625,483.9379341352055,482.4515198034891,482.8945001134222,58618400
2024-01-31,475.3345031738281,481.4376037086251,475.3147964685509,480.9848000978878,126011100
2024-02-01,481.5557556152344,481.5852856325511,476.24011217253945,477.0571593861526,91891600
2024-02-02,486.6252746582031,488.29869237101855,481.65416812020857,481.9987050154295,99147700
2024-02-05,484.8533935546875,486.6548147672828,482.5696687439163,485.9854476682759,75757100
2024-02-06,486.2610778808594,486.5957614349735,484.36121323559956,485.80824421290174,55918600
2024-02-07,490.3166809082031,490.7399545059153,487.6194758002834,488.5349664241499,70556500
2024-02-08,490.5332336425781,490.91712386165034,489.48979965953936,490.316670172096,52343600
2024-02-09,493.36822509765625,493.8111753411615,490.70055012147776,491.04508700467625,63979400
2024-02-12,493.15167236328125,495.63228390301646,492.4232152124845,493.33870581706736,56502300
2024-02-13,486.3594970703125,489.3224724499517,483.0520148201474,486.8024773905753,113099200
2024-02-14,490.7793273925781,491.2715143675092,486.67447480374074,489.02714296345175,68387800
2024-02-15,494.1656188964844,494.3526523663811,491.005756614994,491.4881203198016,61683000
2024-02-16,491.70465087890625,495.01213299527757,490.9565170494229,493.86043227431986,75461200
2024-02-20,488.99761962890625,490.62183066023255,486.7237181769076,489.94261022228915,71736700
2024-02-21,489.4405517578125,489.59805519099353,485.8475929329507,487.6785440580605,59603800
2024-02-22,499.5697937011719,500.5443143261037,495.15978746625774,496.13433813189937,76402500
2024-02-23,499.914306640625,502.15867800066263,499.17602619270855,501.3121007992168,61321800
2024-02-26,498.0833435058594,500.80022510174734,497.9553700914577,500.3572448273891,50386700
2024-02-27,499.0086975097656,499.2351143411997,496.86276943007084,498.7823107190416,48854500
2024-02-28,498.34918212890625,498.9397824859988,497.06947792688254,497.43369149399297,56506600
2024-02-29,500.1407165527344,501.77478095792515,497.4533948240691,500.1308932406561,83924800
2024-03-01,504.836181640625,505.26930860368725,500.6132388118338,501.0266891095606,76805900
2024-03-04,504.2947998046875,506.16513448035585,503.9994996141668,504.02905967393,49799300
2024-03-05,499.2547607421875,502.71977618889395,497.02024274409166,502.26694255347593,72855600
2024-03-06,501.78460693359375,504.06836164328706,500.4754028347389,502.57209405521513,68382400
2024-03-07,506.76556396484375,507.8287046812671,501.8436940869461,505.12167624842334,58652100
2024-03-08,503.72381591796875,510.12221626039303,503.1430389188463,507.4053947507134,86425500
2024-03-11,503.29071044921875,503.8813408255942,500.5541520780311,502.50322330785735,62557200
2024-03-12,508.70477294921875,509.2953732567319,502.87723620181947,505.4267910389835,73114400
2024-03-13,507.9074401855469,509.2068211168761,506.45058584500634,509.0296410009797,55104100
2024-03-14,506.90338134765625,509.0493093648836,503.8222860546738,508.8917758861152,110171800
2024-03-15,503.4226989746094,505.2692230649925,501.7341978345986,503.79792814662255,107585800
2024-03-18,506.4145812988281,509.00164944251645,505.9998765535288,507.54026873273324,88893300
2024-03-19,509.22882080078125,509.5151545205673,504.69647924551435,505.7135636183011,60755300
2024-03-20,513.9388427734375,514.0770977862902,508.606743491781,509.28807432015947,69594600
2024-03-21,515.63720703125,517.5231763815539,515.3508130660615,516.8122539881692,60256100
2024-03-22,514.6596069335938,516.0419759824129,514.4225725581739,515.5482598361023,79023000
2024-03-25,513.2377319335938,514.4028948746237,513.0797090074374,513.2673235646932,48512100
2024-03-26,512.2898559570312,515.0250632840681,511.88503514758946,514.679425746157,65463700
2024-03-27,516.5950317382812,516.6345676089135,512.9612874577568,515.1534188944993,82999800
2024-03-28,516.496337890625,518.0169622820405,516.2100041549976,516.6345929084168,96294900
2024-04-01,515.59765625,517.7897874357077,514.4226093270697,517.246711689566,62477500
2024-04-02,512.3194580078125,512.4576527414321,509.9890717169841,511.72696240109013,74230300
2024-04-03,512.8822631835938,514.4029477306854,511.1641403606512,511.21349992961393,59155800
2024-04-04,506.6219787597656,517.286237258894,506.31587710832724,516.940660005626,96858100
2024-04-05,511.9146423339844,513.8993913739598,507.55020740054874,507.9945640953058,74482100
2024-04-08,512.2008666992188,513.6425395902407,511.38134126248457,512.6255156348878,48401800
2024-04-09,512.7933959960938,514.2054170815929,507.8858256784909,513.9585589840982,68124400
2024-04-10,507.6587829589844,509.673123526284,505.6543263594028,507.02681170599385,82652800
2024-04-11,511.4899597167969,512.9513403159139,505.644377052241,509.19910942180206,70099000
2024-04-12,504.42987060546875,509.33741106297106,502.68209589185415,507.9056219639592,92469100
2024-04-15,498.1103210449219,508.82393922642535,497.25122948428464,508.6560925817605,92101400
2024-04-16,497.2018737792969,500.13454944041007,495.89845567790263,498.594157187507,73484000
2024-04-17,494.25927734375,499.85803232859774,492.8472562394146,499.690155561082,75910300
2024-04-18,493.24224853515625,497.79432781744384,492.29432181692374,495.6713540683197,74548100
2024-04-19,488.9370422363281,494.17042202511874,487.6533620058756,493.16325180181735,102129100
2024-04-22,493.4397277832031,496.0663016240086,489.20363428399787,491.5734660539285,67961000
2024-04-23,499.29522705078125,499.72969975232706,493.25214509988666,495.47386817795365,64633600
2024-04-24,499.0582275390625,500.99358666230006,496.80688280638515,500.1937688055625,55928100
2024-04-25,497.162353515625,497.93254961957143,491.23775882863794,492.9065220761964,69122400
2024-04-26,501.8724365234375,503.47207230236467,499.34461181258143,499.98643689086055,64306100
2024-04-29,503.6498107910156,504.33114161625775,500.87512791942584,503.679432560198,46415400
2024-04-30,495.6713562011719,503.15608097513086,495.6713562011719,502.16864851695937,77483600
2024-05-01,494.06182861328125,501.8032953461073,493.5878501926421,495.0788828236565,80242800
2024-05-02,498.6829833984375,499.5321909315141,493.27184300217647,497.81403806563185,62550200
2024-05-03,504.8643493652344,506.1084937698732,502.1686479094306,504.73597832437986,72756700
2024-05-06,510.0780334472656,510.11750905227456,506.8491097618313,507.2934664576038,47264700
2024-05-07,510.6408386230469,512.0528598136372,509.959507812529,511.0555433826376,52561300
2024-05-08,510.690185546875,511.23326133471676,508.66596110050506,508.7844481717399,42047200
2024-05-09,513.6326904296875,513.6722262969421,510.2162129252239,510.87777575274464,43643700
2024-05-10,514.2943725585938,516.0717390144458,513.0600819270163,515.2521531600112,52233200
2024-05-13,514.3634033203125,516.101294049221,513.2081242461536,515.9926909456875,36716400
2024-05-14,516.723388671875,517.246756798696,514.0178334036524,514.5609091971558,57535900
2024-05-15,523.1220092773438,523.4182269683442,518.579783698985,519.2216389195659,59504900
2024-05-16,522.045654296875,524.8401049513539,521.8975153250047,523.2207013003554,50244800
2024-05-17,522.7960815429688,522.8652090411972,520.6928457686228,522.1641103603855,59187600
2024-05-20,523.3984985351562,524.8796473700406,522.5196690954474,522.9146662253235,37764200
2024-05-21,524.6820068359375,524.84002975237,522.4208085897016,522.6281910669876,33437000
2024-05-22,523.1713256835938,524.7018338509016,520.9693104479597,523.9810274842546,48390000
2024-05-23,519.3499755859375,526.370605604358,518.1255087640279,526.2620025028626,57211200
2024-05-24,522.7863159179688,523.605901847531,520.2584908835082,521.2162715727209,41258400
2024-05-28,523.1515502929688,523.8427650171528,520.4854707957389,523.6057908872817,36269600
2024-05-29,519.4882202148438,520.6830352503243,518.7674137672095,519.0735154350635,45190300
2024-05-30,516.0420532226562,518.5995297613006,514.7781710383293,517.9280829339874,46468500
2024-05-31,520.7422485351562,520.8706195756462,511.84547248017293,517.0097851977956,90785800
2024-06-03,521.1668090820312,522.657841650115,516.032148544318,522.3715079503993,46835700
2024-06-04,521.7494506835938,522.49990899419,518.3625645865347,519.8437132727871,34632700
2024-06-05,527.950439453125,527.9702073859787,522.0850888639186,524.099489436186,47610400
2024-06-06,527.940673828125,528.691132227732,525.9855766161708,528.2566594841754,30808500
2024-06-07,527.2987670898438,530.1425771236412,525.8472101733005,526.9531296011007,43224500
2024-06-10,528.9280395507812,529.253909134287,525.8769070309806,526.4792263610262,35729300
2024-06-11,530.2018432617188,530.2610867954452,525.3634003577233,527.3580331066662,36383400
2024-06-12,534.5564575195312,537.2817809327009,533.5097814532659,534.8230835871974,63251300
2024-06-13,535.6327514648438,536.5016968534992,532.808709085761,536.323966242378,44760900
2024-06-14,535.9586181640625,535.9882097983759,533.0653880279153,534.0824723877374,40089900
2024-06-17,540.2242431640625,541.6363245352009,534.8032489186013,535.2673734870664,55839500
2024-06-18,541.5968627929688,541.725233844278,539.8589718842574,540.2835606431654,41376400
2024-06-20,540.1255493164062,543.206333734204,538.3284150280085,542.5348869014116,70328200
2024-06-21,539.4014282226562,540.5307472774641,537.9254170455512,539.2924747513658,64513900
2024-06-24,537.6480102539062,541.8185338516724,537.5291409294473,539.2231194967758,45528700
2024-06-25,539.7183837890625,540.0849075862001,537.3507924251047,538.8862381242648,38273300
2024-06-26,540.3920288085938,541.1151605924962,537.935315544085,538.5890968132603,38550600
2024-06-27,541.2439575195312,541.8284487491936,539.5004601471773,540.2533395091051,35041500
2024-06-28,539.1141357421875,545.1173392760371,537.85609191082,542.0265552795133,76144500
2024-07-01,540.2236328125,540.758544752217,537.4300828689322,540.5108902585941,40297800
2024-07-02,543.8592529296875,543.8592529296875,538.5495544229893,538.5990732354992,40434800
2024-07-03,546.2861938476562,546.6527176503928,543.5025598400373,543.5421627913393,32789900
2024-07-05,549.4363403320312,549.8424670776978,545.9493458886657,546.5932717248053,41488400
2024-07-08,550.0703735351562,551.0312439407816,548.9905733480141,550.2288458063081,36110500
2024-07-09,550.6053466796875,551.9525727530728,550.3081733491656,551.0412210519627,27289700
2024-07-10,556.0537109375,556.4004030574295,551.5464110657902,551.843584377519,38701200
2024-07-11,551.2590942382812,557.0542459098444,550.6152288053468,556.1725813645302,53054200
2024-07-12,554.7361450195312,558.3816118783382,551.9228238555439,552.3983011311424,53084400
2024-07-15,556.26171875,559.5406617004013,554.3795204861657,556.7570277181121,40584300
2024-07-16,559.5604248046875,559.8575980887277,556.8263096664786,557.5891048142814,36475300
2024-07-17,551.71484375,555.2513576014627,551.3879228494364,553.5573788940302,57119000
2024-07-18,547.4749145507812,554.2705999484662,545.2658557697873,553.2700660994436,56270400
2024-07-19,543.8394165039062,548.8816891943164,542.7695320353313,547.2372293030306,65509100
2024-07-22,549.4463500976562,550.0605284790182,545.8504015789395,547.8118060573195,43346700
2024-07-23,548.5844116210938,551.5166019194357,548.0891026693448,549.3372304392366,34439600
2024-07-24,536.1521606445312,544.0176699808688,535.2209773062864,543.7105808194543,74515300
2024-07-25,533.358642578125,542.3237843826932,532.4076879374397,536.2710620902797,61158300
2024-07-26,539.3320922851562,542.0562919162144,536.4097569520611,537.192383905728,53763800
2024-07-29,539.6491088867188,541.9176024979843,537.6282093301492,540.8972973275345,39515800
2024-07-30,536.9149780273438,542.2049049678778,533.4676465939222,541.1350205544782,46853600
2024-07-31,545.642333984375,548.3070989978249,542.4426569823155,543.8294859958498,65663400
2024-08-01,537.9154663085938,549.6641807633281,534.3690370943198,547.3857715555625,76428700
2024-08-02,527.900390625,531.9519846487756,523.6406845786929,530.7236279231074,82789100
2024-08-05,512.5259399414062,518.6677835651788,505.48263031997044,506.83980235904284,146267400
2024-08-06,517.2512817382812,524.7799553554416,513.0114071118838,514.3487174048885,84826300
2024-08-07,513.7938842773438,526.6026277008622,513.1896218330463,523.5118440416625,70698300
2024-08-08,525.6714477539062,526.3053973005219,516.9441058934248,518.994631875678,63276600
2024-08-09,527.9894409179688,529.495199519807,523.6010107428957,524.8392831555863,45619600
2024-08-12,528.2669067382812,530.7037884446491,525.9686656073576,529.1980901235476,42542100
2024-08-13,536.95458984375,537.1923889659508,531.2486806240174,531.4963351382646,52333100
2024-08-14,538.6485595703125,539.847229165935,535.052611245972,537.7569791487715,42446900
2024-08-15,547.881103515625,548.168360968592,543.730411684699,544.3445900065761,60846800
2024-08-16,549.1094360351562,549.8127965494804,546.0880633659141,546.246535635152,44430700
2024-08-19,554.3597412109375,554.3597412109375,548.6636875389138,549.5255203879397,39121800
2024-08-20,553.4583129882812,555.5782501123483,552.1011711057072,553.9041032003555,33732300
2024-08-21,555.3602294921875,556.8362405615584,549.5254752640853,554.5182284209087,41514600
2024-08-22,551.0015258789062,557.8962490623195,549.7731692085193,557.2820707271261,56121500
2024-08-23,556.8560791015625,557.8070941103703,552.0614615681247,554.2804965886761,50639400
2024-08-26,555.5286254882812,558.6193486946379,553.8049599073349,557.896216929936,35788600
2024-08-27,556.2914428710938,556.7867518721707,553.0818502181188,554.240856351132,32693900
2024-08-28,553.0620727539062,556.3806796641229,549.8326480761413,555.944805281924,41066000
2024-08-29,553.1115112304688,558.3915218624276,551.9525051521193,555.0531441896234,38715200
2024-08-30,558.3915405273438,558.9066812293946,551.9129206487703,555.5088687841893,62700100
2024-09-03,546.900390625,555.5484662312776,544.3544951641693,555.2116295150004,60600100
2024-09-04,545.781005859375,549.2283371934773,544.304994695349,545.0380423502995,47224900
2024-09-05,544.45361328125,548.6043056443475,541.9671521129878,545.7216335035239,44264300
2024-09-06,535.290283203125,546.4248189179493,534.3789316488474,544.7804197789798,68493800
2024-09-09,541.2835083007812,542.5713599602232,537.588522826048,539.5400715589968,40445800
2024-09-10,543.6412963867188,543.9979648614943,538.2820789602596,543.2153378505611,36394600
2024-09-11,549.2183837890625,550.1495670752728,534.8940870094609,543.5520781692663,75248600
2024-09-12,553.8446655273438,554.151754700655,547.5542047078643,549.80292700237,51892700
2024-09-13,556.7371826171875,557.7476322358331,554.2012031799659,554.4587735111908,39310500
2024-09-16,557.5594482421875,557.8268739812047,554.6470289741064,556.4697321910213,36656100
2024-09-17,557.7872924804688,561.2643713841238,555.5286543862046,559.7982156086712,49321000
2024-09-18,556.1329956054688,563.354579399442,555.5683360633434,558.4510079757443,59044900
2024-09-19,565.623046875,567.5052452619498,562.7502909495536,565.6527944370424,75315500
2024-09-20,564.6453247070312,565.6985982057745,561.584845604879,564.237952213736,77503100
2024-09-23,566.0562744140625,566.7121216588677,564.4962264504853,565.7284114396389,44116900
2024-09-24,567.6759033203125,567.7355202798775,563.9993624192057,566.8610977742745,46805700
2024-09-25,566.4239501953125,568.2622511765038,565.301113457304,567.5170087741786,38428600
2024-09-26,568.6696166992188,571.064362885533,566.2848774298052,570.7364392510955,48336000
2024-09-27,567.8448486328125,570.5774039966909,566.8015214416548,569.7527127715928,42100900
2024-09-30,570.120361328125,570.7364235043248,564.4763997038558,566.8015219435828,63557400
2024-10-01,565.012939453125,570.4184330981693,562.409564342811,569.7626465103712,72668800
2024-10-02,565.25146484375,566.2849064967246,561.6842717014576,564.108796170998,38097800
2024-10-03,564.2180786132812,566.185499206709,561.9028418329451,563.7609747596233,40846500
2024-10-04,569.3452758789062,569.7228701967099,564.4962273588824,568.7192674387571,42939100
2024-10-07,564.1981811523438,568.3318263939267,563.0356199616413,567.6759791031835,49964700
2024-10-08,569.5341186523438,570.1402952518803,565.9172548337782,566.8015630876895,37398700
2024-10-09,573.4789428710938,574.0453343695604,568.9180327244846,569.5241486507804,37912200
2024-10-10,572.475341796875,573.9161558957669,570.8457305312595,572.117640001393,44138100
2024-10-11,575.9034423828125,576.6486847463361,572.2566794174254,572.3958058807981,42268000
2024-10-14,580.6134033203125,581.5573891736228,577.0461496161133,577.533031622562,36217200
2024-10-15,576.1021728515625,581.1896890869497,574.8699878939491,580.8816580095407,54203600
2024-10-16,578.606201171875,579.1328682582629,575.2874222334457,576.1022278881695,30725400
2024-10-17,578.6558227539062,582.4019270642203,578.4670255981297,582.1932373716321,34393700
2024-10-18,580.8816528320312,581.6765658652295,578.8843936568359,580.3649320688628,37416800
2024-10-21,579.927734375,581.1399661656003,576.9169261394305,580.1463096888544,36439000
2024-10-22,579.6197509765625,580.7922584378235,576.6983982686804,577.3641311814339,34183800
2024-10-23,574.3235473632812,578.0199813159995,570.7761861542631,577.5728237328826,49314600
2024-10-24,575.5655517578125,576.3803573236686,572.91250602068,576.3008478263231,34979900
2024-10-25,575.3668212890625,580.7524830298728,574.4129498913522,577.82118431004,47268200
2024-10-28,577.1455688476562,579.013648071529,576.8375377335062,578.8844678641772,30174700
2024-10-29,578.0795288085938,579.2122510622435,574.7606896006656,576.1716647696521,42899700
2024-10-30,576.3307495117188,579.6197502905108,575.6152852535009,577.6025983681301,41435800
2024-10-31,565.0328979492188,571.9785478103307,564.8341545016019,571.9089845712656,60182500
2024-11-01,567.4176025390625,571.8990031889416,567.0002837782789,567.6958554782392,45667500
2024-11-04,566.1953735351562,568.8683117841309,564.2875701521782,567.5566780058409,38217000
2024-11-05,573.041748046875,573.0814724758461,566.9009578077806,567.1195331390961,39478300
2024-11-06,587.290771484375,588.1751404085513,581.6766481170673,585.4624773142872,68182000
2024-11-07,591.8317260742188,592.8651676361171,589.2382971968773,589.3178066973262,47233200
2024-11-08,594.3953857421875,595.8361998006164,592.3881801994943,592.3881801994943,46444900
2024-11-11,594.9617309570312,596.362759831691,593.2128859447075,596.0050580740726,37586800
2024-11-12,593.1136474609375,595.48844063711,590.5996671575766,594.8823246679941,43006100
2024-11-13,593.4017333984375,595.4287708447639,591.1858987893664,593.5805842924092,47388600
2024-11-14,589.5860595703125,594.0177893902365,588.8905485392219,593.5309074092812,38904100
2024-11-15,582.0343017578125,586.456085364698,580.1562763950889,585.979088998431,75988800
2024-11-18,584.4190673828125,585.75053306763,581.6268951744081,582.5012570573457,37084100
2024-11-19,586.555419921875,587.2907160283254,580.3252349064234,581.0009140487828,49412000
2024-11-20,586.754150390625,587.0422889360375,580.9213917152948,586.6349164650766,50032600
2024-11-21,589.904052734375,591.344866826489,583.7235382544677,589.6358067130162,46750300
2024-11-22,591.732421875,592.3683766226027,589.3874069721955,589.8941208684593,38226400
2024-11-25,593.7396240234375,597.0484566493915,591.4243872937958,595.7169908429067,42441400
2024-11-26,596.8397827148438,597.5154618364036,594.2761320418831,595.0014818573266,45621300
2024-11-27,595.0313110351562,597.0384558306165,593.4911556618155,596.6509759062111,34000200
2024-11-29,598.7277221679688,599.5226352519451,595.5778479906228,595.856040278423,30177400
2024-12-02,599.8009033203125,600.4865287602358,598.648227768682,599.1450560396994,31746000
2024-12-03,600.0790405273438,600.3274546400478,598.5190532697817,599.5623804135435,26906600
2024-12-04,603.8052978515625,604.0537119830409,601.1125274810446,601.7882066409081,42787600
2024-12-05,602.8116455078125,604.6201076752798,602.4539437115175,603.8053020406198,28762200
2024-12-06,603.954345703125,605.2063625778626,603.1693789132718,603.5866976555247,31241500
2024-12-09,600.8441772460938,604.0039974916313,600.2480076329648,603.8350928759075,34742700
2024-12-10,598.9761352539062,601.9571047996105,598.3104023701336,601.5298397758172,37234500
2024-12-11,603.6065673828125,604.5703850257809,601.6589789125985,601.9372318289047,28677700
2024-12-12,600.4964599609375,603.3084642377864,600.4964599609375,602.7321871244142,31543800
2024-12-13,600.3772583007812,603.2787185052333,598.9861148428745,602.5533686161162,35904700
2024-12-16,602.9407958984375,603.9245667615821,601.370862320769,602.1558291096032,43695200
2024-12-17,600.4566650390625,601.3310876116105,599.0655823267214,600.3573236481737,55773500
2024-12-18,582.5609741210938,602.5632240884986,582.1734335224694,600.1486460207312,108248700
2024-12-19,582.3820190429688,589.2382727831096,582.1336049313401,587.6086616553114,85919500
2024-12-20,589.3770751953125,593.963254751842,579.1677354036608,580.0252023798975,125716700
2024-12-23,592.9064331054688,593.5145890145251,585.8974879778806,589.1178420766572,57635800
2024-12-24,599.49658203125,599.5365010094702,593.6840502010506,594.2723074608894,33160100
2024-12-26,599.5364990234375,600.673033709029,596.286266618511,597.7019907423149,41219100
2024-12-27,593.2254638671875,595.9871755936747,588.9882104091681,595.7478442826339,64969300
2024-12-30,586.455810546875,589.9652730101648,582.6572397439561,586.1268440800185,56578800
2024-12-31,584.322265625,588.8685869923663,582.6672101639617,588.1407350043717,57052700
2025-01-02,582.8865966796875,589.3571225168115,578.7589985198474,587.6223507588766,50204000
2025-01-03,590.1746215820312,590.8226355752365,584.6711578252952,585.7678951902626,37888500
2025-01-06,593.5744018554688,597.9014122494413,591.8196706515002,594.4817066914783,47679400
2025-01-07,586.8646240234375,595.9572670439192,585.0201967640594,595.6282397198856,60393100
2025-01-08,587.7219848632812,588.8087424972755,583.4448733889237,586.9343761474076,47304700
2025-01-10,578.7489624023438,584.1926084677874,576.8147784906305,584.1228111122192,73105000
2025-01-13,579.6463012695312,580.0052069477971,573.6243775799428,574.0431617233518,47910100
2025-01-14,580.4439086914062,583.2454785560273,576.6153987751911,582.6073834279746,48420600
2025-01-15,591.002197265625,592.1586914849061,587.4329171587094,588.5595329953718,56900200
2025-01-16,589.8656005859375,592.5674339582336,589.1577080719753,592.3879811065466,43319700
2025-01-17,595.7877807617188,597.562410619056,593.8236574580369,595.1696451072651,58070600
2025-01-21,601.2413330078125,601.2513127523598,596.8744645431257,598.8684661853716,42532900
2025-01-22,604.6211547851562,605.9970207281947,603.5443769053658,604.1026949074611,48196000
2025-01-23,607.9212646484375,607.9212646484375,603.7039705508554,603.9830991440912,41152100
2025-01-24,606.1465454101562,608.9481760680518,604.980071516125,607.981053651763,34604700
2025-01-27,597.5723876953125,597.8914352658803,592.8565932019453,593.0260663058995,70361100
2025-01-28,602.7069702148438,603.5543965921443,595.4587545999498,598.818642579001,44433300
2025-01-29,600.0050659179688,602.3181151413867,597.4228069982945,601.9093107246936,37177400
2025-01-30,603.225341796875,604.7806606099443,598.9182910409676,602.1486247469728,39281300
2025-01-31,600.0150146484375,608.1306155740967,599.2473045778189,605.6779717570167,66671500
2025-02-03,595.9771728515625,598.4895734255874,588.7189779992506,590.8924323868896,65857200
2025-02-04,599.9751586914062,600.4935577176606,595.4886551807033,596.0369934393696,33457800
2025-02-05,602.4077758789062,602.5573503352053,596.784737785208,598.8385569367734,30653100
2025-02-06,604.5015258789062,604.6311408496849,600.8225905322549,604.172498579845,35771500
2025-02-07,598.9682006835938,606.3061120968874,598.2503284518037,605.0698408193554,50788500
2025-02-10,603.035888671875,603.683963510289,600.9322316611732,602.2184015940107,26048700
2025-02-11,603.4945678710938,604.0429061552635,600.6232006225274,600.7428358535425,30056700
2025-02-12,601.5504150390625,602.7368484783108,596.714985283226,597.4029183001364,45076100
2025-02-13,607.9013061523438,608.1106982366895,601.3909222732692,602.6670517126223,40921300
2025-02-14,607.8713989257812,609.1575080488998,607.2432835546514,608.1106693810499,26910400
2025-02-18,609.656005859375,609.656005859375,606.5553479941693,609.0478499794664,26749000
2025-02-19,611.0916748046875,611.3907628653418,607.731787077126,608.2502469503253,31011100
2025-02-20,608.5493774414062,609.845466362675,605.1994692243143,609.705871640604,36554000
2025-02-21,598.1406860351562,608.4696001270332,597.6720639975363,608.3300054050101,76519800
2025-02-24,595.4188842773438,601.2214363779027,594.7010120406462,600.2144558088706,50737200
2025-02-25,592.457763671875,596.0968410433766,587.7918070882386,595.3590701652774,58266500
2025-02-26,592.7568359375,597.7817589335975,590.0848810857798,594.1426816591761,43321600
2025-02-27,583.2952880859375,596.226419710782,582.8965242893548,595.0598849968359,74196700
2025-02-28,592.39794921875,592.9363077632394,580.6931691446642,583.8038068836951,88744100
2025-03-03,582.0191650390625,595.5484729311629,578.1607768871335,594.3919179487391,74249200
2025-03-04,575.1298828125,583.63432908105,570.533723601707,577.9713716824587,109648200
2025-03-05,581.311279296875,583.1258280404028,571.3612308662864,574.9603891205771,71230500
2025-03-06,570.9923706054688,578.4299578955523,568.4101116656967,573.7540215413394,80094900
2025-03-07,574.1926879882812,575.6583108183255,563.9335715863721,569.187785314308,81158800
2025-03-10,558.8987426757812,567.8318311729231,553.9237182672504,565.8877282348667,99326600
2025-03-11,554.252685546875,562.3284287982106,550.3644188129149,557.7222898220398,88102100
2025-03-12,557.19384765625,561.4211214289652,552.0293906715008,560.483938216931,69588200
2025-03-13,549.7661743164062,557.4331130450024,548.0314026284964,556.8149774056806,74079400
2025-03-14,561.1220092773438,562.1389695505442,549.835953090791,554.442091848548,62660300
2025-03-17,565.4490356445312,568.0013552926785,560.6633830586674,561.1020658506349,49008700
2025-03-18,559.33740234375,563.3254055013634,557.3832588897637,563.1060336846033,66041400
2025-03-19,565.4290771484375,569.2376275644565,559.9455726652652,561.141985813832,66556000
2025-03-20,563.7940063476562,568.8587877529125,560.9126592589647,561.6405112658884,62958200
2025-03-21,563.97998046875,564.8900146484375,558.030029296875,559.280029296875,83763000
2025-03-24,574.0800170898438,575.1500244140625,570.2000122070312,570.7999877929688,58766800
2025-03-25,575.4600219726562,576.4099731445312,573.6900024414062,575.2999877929688,38355700
2025-03-26,568.5900268554688,576.3300170898438,567.1900024414062,575.1900024414062,51848300
2025-03-27,567.0800170898438,570.9000244140625,564.9400024414062,567.1799926757812,42164200
2025-03-28,555.6599731445312,566.27001953125,555.0700073242188,565.530029296875,71662700
2025-03-31,559.3900146484375,560.7100219726562,546.8699951171875,549.8300170898438,95328200
2025-04-01,560.969970703125,562.9400024414062,553.6799926757812,557.4500122070312,54609600
2025-04-02,564.52001953125,567.4199829101562,554.8099975585938,555.0499877929688,76014500
2025-04-03,536.7000122070312,547.969970703125,536.7000122070312,545.1099853515625,125986000
2025-04-04,505.2799987792969,525.8699951171875,505.05999755859375,523.6699829101562,217965100
2025-04-07,504.3800048828125,523.1699829101562,481.79998779296875,489.19000244140625,256611400
2025-04-08,496.4800109863281,524.97998046875,489.1600036621094,521.8599853515625,165816600
2025-04-09,548.6199951171875,548.6199951171875,493.04998779296875,493.44000244140625,241867300
2025-04-10,524.5800170898438,533.5,509.32000732421875,532.1699829101562,162331200
2025-04-11,533.9400024414062,536.4299926757812,520.0700073242188,523.010009765625,97866300
2025-04-14,539.1199951171875,544.280029296875,533.8599853515625,544.0499877929688,68034000
2025-04-15,537.6099853515625,543.22998046875,536.8099975585938,539.6699829101562,56892900
2025-04-16,525.6599731445312,537.8900146484375,520.2899780273438,531.6799926757812,83484800
2025-04-17,526.4099731445312,531.1699829101562,523.9099731445312,527.6400146484375,79741000
2025-04-21,513.8800048828125,521.7000122070312,508.4599914550781,521.1599731445312,69368100
2025-04-22,527.25,529.2999877929688,519.1900024414062,520.1400146484375,75948100
2025-04-23,535.4199829101562,545.4299926757812,533.8800048828125,540.4299926757812,90590700
2025-04-24,546.6900024414062,547.4299926757812,535.4500122070312,536.719970703125,64150400
2025-04-25,550.6400146484375,551.0499877929688,543.6900024414062,546.6500244140625,61119600
2025-04-28,550.8499755859375,553.5499877929688,545.02001953125,551.3900146484375,47613800
2025-04-29,554.3200073242188,555.4500122070312,548.5499877929688,548.9099731445312,47775100
2025-04-30,554.5399780273438,556.52001953125,541.52001953125,547.5700073242188,93101500
2025-05-01,558.469970703125,564.0700073242188,557.8599853515625,560.3699951171875,63186100
2025-05-02,566.760009765625,568.3800048828125,562.3800048828125,564.72998046875,60717300
2025-05-05,563.510009765625,566.6500244140625,561.7000122070312,562.5700073242188,38659200
2025-05-06,558.7999877929688,563.3499755859375,556.9600219726562,557.9299926757812,48264700
2025-05-07,561.1500244140625,563.8200073242188,556.0399780273438,560.1500244140625,55588000
2025-05-08,565.0599975585938,570.3099975585938,561.7000122070312,565.239990234375,65130800
2025-05-09,564.3400268554688,567.5,562.760009765625,566.47998046875,37603400
2025-05-12,582.989990234375,583.0,577.0399780273438,581.469970703125,78993600
2025-05-13,586.8400268554688,589.0800170898438,582.8400268554688,583.4099731445312,67947200
2025-05-14,587.5900268554688,588.97998046875,585.5399780273438,587.8099975585938,66283500
2025-05-15,590.4600219726562,590.969970703125,585.0999755859375,585.5599975585938,71268100
2025-05-16,594.2000122070312,594.5,589.280029296875,591.25,76052100
2025-05-19,594.8499755859375,595.5399780273438,588.0999755859375,588.0999755859375,68168500
2025-05-20,592.8499755859375,594.0499877929688,589.5999755859375,593.0900268554688,60614500
2025-05-21,582.8599853515625,592.5800170898438,581.8200073242188,588.4400024414062,95197700
2025-05-22,583.0900268554688,586.6199951171875,581.4099731445312,582.6599731445312,70860400
2025-05-23,579.1099853515625,581.8099975585938,575.5999755859375,575.97998046875,75983600
